生成启动时间为 2026/9/15 12:44:47。
日志记录详细程度设置为: Detailed。     0>进程 = "C:\Program Files\dotnet\dotnet.exe"
       MSBuild 可执行文件路径 = "C:\Program Files\dotnet\sdk\10.0.201\MSBuild.dll"
       命令行参数 = "C:\Program Files\dotnet\sdk\10.0.201\MSBuild.dll -maxcpucount --verbosity:m -tlp:default=auto --property:Configuration=Release --property:NuGetInteractive=true --restoreProperty:Configuration=Release --restoreProperty:NuGetInteractive=true --restoreProperty:EnableDefaultCompileItems=false --restoreProperty:EnableDefaultEmbeddedResourceItems=false --restoreProperty:EnableDefaultNoneItems=false --nologo f:\kaifa\OMI\tools\OMIManager\OMIManager.csproj -fl -flp:logfile=f:\kaifa\OMI\build.log -consoleloggerparameters:Summary -restore -distributedlogger:Microsoft.DotNet.Cli.Commands.MSBuild.MSBuildLogger,C:\Program Files\dotnet\sdk\10.0.201\dotnet.dll*Microsoft.DotNet.Cli.Commands.MSBuild.MSBuildForwardingLogger,C:\Program Files\dotnet\sdk\10.0.201\dotnet.dll"
       当前目录 = "F:\kaifa\OMI"
       MSBuild 版本 = "18.3.0-release-26153-122+4d3023de6"
       基于 Windows 注册表项 LongPathsEnabled，LongPaths 功能为 已禁用。
       基于 Windows 注册表项 VerifiedAndReputablePolicyState，SAC 状态 = 2: 评估中。建议关闭开发环境中的智能应用控制，否则性能可能会受到影响。
       SDK“Microsoft.NET.Sdk”已由“DefaultSdkResolver”解析程序成功解析为位置“C:\Program Files\dotnet\sdk\10.0.201\Sdks\Microsoft.NET.Sdk\Sdk”和版本“”。
       C:\Program Files\dotnet\sdk\10.0.201\Sdks\Microsoft.NET.Sdk\Sdk\Sdk.props(49,11): message : 值为“C:\Program Files\dotnet\sdk\10.0.201\”的属性“MSBuildExtensionsPath”从环境中展开。
       在 Evaluation 期间加载的程序集: System.Net.Sockets, Version=10.0.0.0, Culture=neutral, PublicKeyToken=b03f5f7f11d50a3a (位置: C:\Program Files\dotnet\shared\Microsoft.NETCore.App\10.0.5\System.Net.Sockets.dll，MVID: 96e8b77c-f6f0-4579-b31e-e5bd830b36a3，AssemblyLoadContext: Default)
       在 Evaluation 期间加载的程序集: System.Threading.Overlapped, Version=10.0.0.0, Culture=neutral, PublicKeyToken=b03f5f7f11d50a3a (位置: C:\Program Files\dotnet\shared\Microsoft.NETCore.App\10.0.5\System.Threading.Overlapped.dll，MVID: 1c44937d-d3f3-4c2f-ad04-852de053e661，AssemblyLoadContext: Default)
       C:\Program Files\dotnet\sdk\10.0.201\Current\Microsoft.Common.props(60,5): message : 在 C:\Program Files\dotnet\sdk\10.0.201\Current\Microsoft.Common.props (60,5) 处重新分配属性: $(MSBuildProjectExtensionsPath)=“f:\kaifa\OMI\tools\OMIManager\obj\”(先前值:“obj\”)
       C:\Program Files\dotnet\sdk\10.0.201\Current\Microsoft.Common.props(84,119): message : 值为“C:\Users\Administrator\AppData\Local\Microsoft\MSBuild”的属性“MSBuildUserExtensionsPath”从环境中展开。
       “Configuration”属性是全局属性，不能修改。
       在 Evaluation 期间加载的程序集: System.Threading.Tasks.Parallel, Version=10.0.0.0, Culture=neutral, PublicKeyToken=b03f5f7f11d50a3a (位置: C:\Program Files\dotnet\shared\Microsoft.NETCore.App\10.0.5\System.Threading.Tasks.Parallel.dll，MVID: 5bd459e2-2741-47c1-827e-e155dad5f942，AssemblyLoadContext: Default)
       “Configuration”属性是全局属性，不能修改。
       C:\Program Files\dotnet\sdk\10.0.201\Sdks\Microsoft.NET.Sdk\targets\Microsoft.NET.Sdk.props(90,5): message : 在 C:\Program Files\dotnet\sdk\10.0.201\Sdks\Microsoft.NET.Sdk\targets\Microsoft.NET.Sdk.props (90,5) 处重新分配属性: $(AssemblySearchPaths)=“{CandidateAssemblyFiles};{HintPathFromItem}”(先前值:“{CandidateAssemblyFiles}”)
       C:\Program Files\dotnet\sdk\10.0.201\Sdks\Microsoft.NET.Sdk\targets\Microsoft.NET.Sdk.props(91,5): message : 在 C:\Program Files\dotnet\sdk\10.0.201\Sdks\Microsoft.NET.Sdk\targets\Microsoft.NET.Sdk.props (91,5) 处重新分配属性: $(AssemblySearchPaths)=“{CandidateAssemblyFiles};{HintPathFromItem};{TargetFrameworkDirectory}”(先前值:“{CandidateAssemblyFiles};{HintPathFromItem}”)
       C:\Program Files\dotnet\sdk\10.0.201\Sdks\Microsoft.NET.Sdk\targets\Microsoft.NET.Sdk.props(92,5): message : 在 C:\Program Files\dotnet\sdk\10.0.201\Sdks\Microsoft.NET.Sdk\targets\Microsoft.NET.Sdk.props (92,5) 处重新分配属性: $(AssemblySearchPaths)=“{CandidateAssemblyFiles};{HintPathFromItem};{TargetFrameworkDirectory};{RawFileName}”(先前值:“{CandidateAssemblyFiles};{HintPathFromItem};{TargetFrameworkDirectory}”)
       “DefaultSdkResolver”解析程序已尝试解析 SDK“Microsoft.NET.SDK.WorkloadAutoImportPropsLocator”。
       警告: null
       错误: MSB4276: 默认 SDK 解析程序解析 SDK“Microsoft.NET.SDK.WorkloadAutoImportPropsLocator”失败，因为目录“C:\Program Files\dotnet\sdk\10.0.201\Sdks\Microsoft.NET.SDK.WorkloadAutoImportPropsLocator\Sdk”不存在。
       在 Evaluation 期间加载的程序集: Microsoft.Build.NuGetSdkResolver, Version=7.3.0.0, Culture=neutral, PublicKeyToken=31bf3856ad364e35 (位置: C:\Program Files\dotnet\sdk\10.0.201\Microsoft.Build.NuGetSdkResolver.dll，MVID: 27d8fe80-3755-4103-8cd8-2558fcde1f3e，AssemblyLoadContext: MSBuild plugin C:\Program Files\dotnet\sdk\10.0.201\Microsoft.Build.NuGetSdkResolver.dll)
       在 Evaluation 期间加载的程序集: System.Reflection.Metadata, Version=10.0.0.0, Culture=neutral, PublicKeyToken=b03f5f7f11d50a3a (位置: C:\Program Files\dotnet\shared\Microsoft.NETCore.App\10.0.5\System.Reflection.Metadata.dll，MVID: 4e61a6ff-8e69-4b91-818c-30d30446243f，AssemblyLoadContext: Default)
       在 Evaluation 期间加载的程序集: NuGet.Common, Version=7.3.0.0, Culture=neutral, PublicKeyToken=31bf3856ad364e35 (位置: C:\Program Files\dotnet\sdk\10.0.201\NuGet.Common.dll，MVID: 678ca447-e461-409c-b2e4-33ae4a4c5189，AssemblyLoadContext: MSBuild plugin C:\Program Files\dotnet\sdk\10.0.201\Microsoft.Build.NuGetSdkResolver.dll)
       在 Evaluation 期间加载的程序集: Microsoft.NET.Sdk.WorkloadMSBuildSdkResolver, Version=10.0.201.0, Culture=neutral, PublicKeyToken=31bf3856ad364e35 (位置: C:\Program Files\dotnet\sdk\10.0.201\Microsoft.NET.Sdk.WorkloadMSBuildSdkResolver.dll，MVID: e8438f74-7d84-47c0-916c-7ea1027a51ae，AssemblyLoadContext: MSBuild plugin C:\Program Files\dotnet\sdk\10.0.201\Microsoft.NET.Sdk.WorkloadMSBuildSdkResolver.dll)
       在 Evaluation 期间加载的程序集: Microsoft.DotNet.Cli.Utils, Version=10.0.201.0, Culture=neutral, PublicKeyToken=adb9793829ddae60 (位置: C:\Program Files\dotnet\sdk\10.0.201\Microsoft.DotNet.Cli.Utils.dll，MVID: d4efc679-0a9a-4f93-9e81-b1a8fdde8319，AssemblyLoadContext: MSBuild plugin C:\Program Files\dotnet\sdk\10.0.201\Microsoft.NET.Sdk.WorkloadMSBuildSdkResolver.dll)
       在 Evaluation 期间加载的程序集: Microsoft.NET.Sdk.WorkloadManifestReader, Version=10.0.201.0, Culture=neutral, PublicKeyToken=adb9793829ddae60 (位置: C:\Program Files\dotnet\sdk\10.0.201\Microsoft.NET.Sdk.WorkloadManifestReader.dll，MVID: ac95c9e3-e303-461d-9629-d08ab70a5e3b，AssemblyLoadContext: MSBuild plugin C:\Program Files\dotnet\sdk\10.0.201\Microsoft.NET.Sdk.WorkloadMSBuildSdkResolver.dll)
       在 Evaluation 期间加载的程序集: Microsoft.Deployment.DotNet.Releases, Version=2.0.0.0, Culture=neutral, PublicKeyToken=31bf3856ad364e35 (位置: C:\Program Files\dotnet\sdk\10.0.201\Microsoft.Deployment.DotNet.Releases.dll，MVID: 995f35ea-2776-49c2-8f82-f6e2d9e87162，AssemblyLoadContext: MSBuild plugin C:\Program Files\dotnet\sdk\10.0.201\Microsoft.NET.Sdk.WorkloadMSBuildSdkResolver.dll)
       在 Evaluation 期间加载的程序集: NuGet.Protocol.resources, Version=7.3.0.0, Culture=zh-Hans, PublicKeyToken=31bf3856ad364e35 (位置: C:\Program Files\dotnet\sdk\10.0.201\zh-Hans\NuGet.Protocol.resources.dll，MVID: e1f44ca3-c8bc-4823-b917-3d667b6046e0，AssemblyLoadContext: Default)
       在 Evaluation 期间加载的程序集: Newtonsoft.Json, Version=13.0.0.0, Culture=neutral, PublicKeyToken=30ad4fe6b2a6aeed (位置: C:\Program Files\dotnet\sdk\10.0.201\Newtonsoft.Json.dll，MVID: 7e62198b-eab2-4380-bbac-29171862d1d8，AssemblyLoadContext: Default)
       在 Evaluation 期间加载的程序集: System.Linq.Expressions, Version=10.0.0.0, Culture=neutral, PublicKeyToken=b03f5f7f11d50a3a (位置: C:\Program Files\dotnet\shared\Microsoft.NETCore.App\10.0.5\System.Linq.Expressions.dll，MVID: f8434b6c-463f-40e2-94b0-6a9fc4ccd958，AssemblyLoadContext: Default)
       在 Evaluation 期间加载的程序集: System.ComponentModel.TypeConverter, Version=10.0.0.0, Culture=neutral, PublicKeyToken=b03f5f7f11d50a3a (位置: C:\Program Files\dotnet\shared\Microsoft.NETCore.App\10.0.5\System.ComponentModel.TypeConverter.dll，MVID: baf9c3af-1e72-47e5-9209-aae2ee6514e6，AssemblyLoadContext: Default)
       在 Evaluation 期间加载的程序集: System.ObjectModel, Version=10.0.0.0, Culture=neutral, PublicKeyToken=b03f5f7f11d50a3a (位置: C:\Program Files\dotnet\shared\Microsoft.NETCore.App\10.0.5\System.ObjectModel.dll，MVID: c8f7ce59-efe2-444f-a5f9-8c2d0bd714db，AssemblyLoadContext: Default)
       在 Evaluation 期间加载的程序集: System.Runtime.Numerics, Version=10.0.0.0, Culture=neutral, PublicKeyToken=b03f5f7f11d50a3a (位置: C:\Program Files\dotnet\shared\Microsoft.NETCore.App\10.0.5\System.Runtime.Numerics.dll，MVID: 38bb2ac1-4485-402a-8491-8df62123e407，AssemblyLoadContext: Default)
       在 Evaluation 期间加载的程序集: System.Runtime.Serialization.Primitives, Version=10.0.0.0, Culture=neutral, PublicKeyToken=b03f5f7f11d50a3a (位置: C:\Program Files\dotnet\shared\Microsoft.NETCore.App\10.0.5\System.Runtime.Serialization.Primitives.dll，MVID: 195f5f35-38a6-4136-99c1-d683d42a9eb6，AssemblyLoadContext: Default)
       在 Evaluation 期间加载的程序集: System.Runtime.Serialization.Formatters, Version=8.1.0.0, Culture=neutral, PublicKeyToken=b03f5f7f11d50a3a (位置: C:\Program Files\dotnet\shared\Microsoft.NETCore.App\10.0.5\System.Runtime.Serialization.Formatters.dll，MVID: c53f1580-09e5-4b67-a8b5-86ba88cec5c1，AssemblyLoadContext: Default)
       在 Evaluation 期间加载的程序集: NuGet.Packaging, Version=7.3.0.0, Culture=neutral, PublicKeyToken=31bf3856ad364e35 (位置: C:\Program Files\dotnet\sdk\10.0.201\NuGet.Packaging.dll，MVID: 40014110-2cd3-4442-9a70-d9a3269d4026，AssemblyLoadContext: Default)
       SDK“Microsoft.NET.SDK.WorkloadAutoImportPropsLocator”已由“Microsoft.DotNet.MSBuildWorkloadSdkResolver”解析程序成功解析为位置“null”和版本“null”。
       f:\kaifa\OMI\tools\OMIManager\OMIManager.csproj(4,5): message : 在 f:\kaifa\OMI\tools\OMIManager\OMIManager.csproj (4,5) 处重新分配属性: $(OutputType)=“WinExe”(先前值:“Library”)
       “Configuration”属性是全局属性，不能修改。
       C:\Program Files\dotnet\sdk\10.0.201\Sdks\Microsoft.NET.Sdk\targets\Microsoft.NET.Sdk.ImportPublishProfile.targets(28,5): message : 在 C:\Program Files\dotnet\sdk\10.0.201\Sdks\Microsoft.NET.Sdk\targets\Microsoft.NET.Sdk.ImportPublishProfile.targets (28,5) 处重新分配属性: $(PublishProfileImported)=“false”(先前值:“true”)
       在 Evaluation 期间加载的程序集: NuGet.Frameworks, Version=7.3.0.0, Culture=neutral, PublicKeyToken=31bf3856ad364e35 (位置: C:\Program Files\dotnet\sdk\10.0.201\NuGet.Frameworks.dll，MVID: d6a61154-f824-438f-bc4d-b42d8d809547，AssemblyLoadContext: Assembly.LoadFile(C:\Program Files\dotnet\sdk\10.0.201\NuGet.Frameworks.dll))
       C:\Program Files\dotnet\sdk\10.0.201\Sdks\Microsoft.NET.Sdk\targets\Microsoft.NET.TargetFrameworkInference.targets(80,5): message : 在 C:\Program Files\dotnet\sdk\10.0.201\Sdks\Microsoft.NET.Sdk\targets\Microsoft.NET.TargetFrameworkInference.targets (80,5) 处重新分配属性: $(TargetPlatformVersion)=“0.0”(先前值:“0.0.0.0”)
       C:\Program Files\dotnet\sdk\10.0.201\Sdks\Microsoft.NET.Sdk\targets\Microsoft.NET.TargetFrameworkInference.targets(81,5): message : 在 C:\Program Files\dotnet\sdk\10.0.201\Sdks\Microsoft.NET.Sdk\targets\Microsoft.NET.TargetFrameworkInference.targets (81,5) 处重新分配属性: $(TargetPlatformVersion)=“”(先前值:“0.0”)
       C:\Program Files\dotnet\sdk\10.0.201\Sdks\Microsoft.NET.Sdk\targets\Microsoft.NET.TargetFrameworkInference.targets(84,5): message : 在 C:\Program Files\dotnet\sdk\10.0.201\Sdks\Microsoft.NET.Sdk\targets\Microsoft.NET.TargetFrameworkInference.targets (84,5) 处重新分配属性: $(TargetPlatformIdentifier)=“Windows”(先前值:“windows”)
       C:\Program Files\dotnet\sdk\10.0.201\Sdks\Microsoft.NET.Sdk\targets\Microsoft.NET.DefaultOutputPaths.targets(127,5): message : 在 C:\Program Files\dotnet\sdk\10.0.201\Sdks\Microsoft.NET.Sdk\targets\Microsoft.NET.DefaultOutputPaths.targets (127,5) 处重新分配属性: $(DefaultItemExcludes)=“;bin\Release\/**;obj\Release\/**”(先前值:“;bin\Release\/**”)
       C:\Program Files\dotnet\sdk\10.0.201\Sdks\Microsoft.NET.Sdk\targets\Microsoft.NET.DefaultOutputPaths.targets(142,5): message : 在 C:\Program Files\dotnet\sdk\10.0.201\Sdks\Microsoft.NET.Sdk\targets\Microsoft.NET.DefaultOutputPaths.targets (142,5) 处重新分配属性: $(OutputPath)=“bin\Release\net10.0-windows\”(先前值:“bin\Release\”)
       C:\Program Files\dotnet\sdk\10.0.201\Sdks\Microsoft.NET.Sdk\targets\Microsoft.NET.DefaultOutputPaths.targets(147,5): message : 在 C:\Program Files\dotnet\sdk\10.0.201\Sdks\Microsoft.NET.Sdk\targets\Microsoft.NET.DefaultOutputPaths.targets (147,5) 处重新分配属性: $(IntermediateOutputPath)=“obj\Release\net10.0-windows\”(先前值:“obj\Release\”)
       “DefaultSdkResolver”解析程序已尝试解析 SDK“Microsoft.NET.SDK.WorkloadManifestTargetsLocator”。
       警告: null
       错误: MSB4276: 默认 SDK 解析程序解析 SDK“Microsoft.NET.SDK.WorkloadManifestTargetsLocator”失败，因为目录“C:\Program Files\dotnet\sdk\10.0.201\Sdks\Microsoft.NET.SDK.WorkloadManifestTargetsLocator\Sdk”不存在。
       SDK“Microsoft.NET.SDK.WorkloadManifestTargetsLocator”已由“Microsoft.DotNet.MSBuildWorkloadSdkResolver”解析程序成功解析为位置“C:\Program Files\dotnet\sdk-manifests\10.0.100\microsoft.net.sdk.android\36.1.30”和版本“null”。
       C:\Program Files\dotnet\sdk\10.0.201\Sdks\Microsoft.NET.Sdk\targets\Microsoft.NET.Sdk.BeforeCommon.targets(379,5): message : 在 C:\Program Files\dotnet\sdk\10.0.201\Sdks\Microsoft.NET.Sdk\targets\Microsoft.NET.Sdk.BeforeCommon.targets (379,5) 处重新分配属性: $(RoslynTargetsPath)=“C:\Program Files\dotnet\sdk\10.0.201\Sdks\Microsoft.NET.Sdk\targets\..\..\..\Roslyn”(先前值:“C:\Program Files\dotnet\sdk\10.0.201\Roslyn”)
       C:\Program Files\dotnet\sdk\10.0.201\Roslyn\Microsoft.Managed.Core.targets(6,5): message : 在 C:\Program Files\dotnet\sdk\10.0.201\Roslyn\Microsoft.Managed.Core.targets (6,5) 处重新分配属性: $(_BuildTasksDirectory)=“C:\Program Files\dotnet\sdk\10.0.201\Sdks\Microsoft.NET.Sdk\targets\..\..\..\Roslyn\”(先前值:“C:\Program Files\dotnet\sdk\10.0.201\Roslyn\”)
       C:\Program Files\dotnet\sdk\10.0.201\Roslyn\Microsoft.CSharp.Core.targets(205,5): message : 在 C:\Program Files\dotnet\sdk\10.0.201\Roslyn\Microsoft.CSharp.Core.targets (205,5) 处重新分配属性: $(CommandLineArgsForDesignTimeEvaluation)=“-langversion:14.0 -define:TRACE”(先前值:“-langversion:14.0”)
       在 Evaluation 期间加载的程序集: System.Collections.NonGeneric, Version=10.0.0.0, Culture=neutral, PublicKeyToken=b03f5f7f11d50a3a (位置: C:\Program Files\dotnet\shared\Microsoft.NETCore.App\10.0.5\System.Collections.NonGeneric.dll，MVID: 3bb08922-ed14-4fa5-86fe-975e63ce3aa1，AssemblyLoadContext: Default)
       在 Evaluation 期间加载的程序集: Microsoft.Build.Utilities.Core, Version=15.1.0.0, Culture=neutral, PublicKeyToken=b03f5f7f11d50a3a (位置: C:\Program Files\dotnet\sdk\10.0.201\Microsoft.Build.Utilities.Core.dll，MVID: 37760b18-7f18-4594-9dee-494f4b15fbe6，AssemblyLoadContext: Default)
       “Configuration”属性是全局属性，不能修改。
       C:\Program Files\dotnet\sdk\10.0.201\Microsoft.Common.CurrentVersion.targets(179,5): message : 在 C:\Program Files\dotnet\sdk\10.0.201\Microsoft.Common.CurrentVersion.targets (179,5) 处重新分配属性: $(_DebugSymbolsProduced)=“true”(先前值:“false”)
       C:\Program Files\dotnet\sdk\10.0.201\Microsoft.Common.CurrentVersion.targets(185,5): message : 在 C:\Program Files\dotnet\sdk\10.0.201\Microsoft.Common.CurrentVersion.targets (185,5) 处重新分配属性: $(_DocumentationFileProduced)=“false”(先前值:“true”)
       C:\Program Files\dotnet\sdk\10.0.201\Microsoft.Common.CurrentVersion.targets(393,5): message : 在 C:\Program Files\dotnet\sdk\10.0.201\Microsoft.Common.CurrentVersion.targets (393,5) 处重新分配属性: $(MSBuildCopyMarkerName)=“OMIManager.csproj.Up2Date”(先前值:“OMIManager.csproj”)
       C:\Program Files\dotnet\sdk\10.0.201\Microsoft.Common.CurrentVersion.targets(541,5): message : 在 C:\Program Files\dotnet\sdk\10.0.201\Microsoft.Common.CurrentVersion.targets (541,5) 处重新分配属性: $(ProcessorArchitecture)=“msil”(先前值:“”)
       C:\Program Files\dotnet\sdk\10.0.201\Microsoft.Common.CurrentVersion.targets(580,5): message : 在 C:\Program Files\dotnet\sdk\10.0.201\Microsoft.Common.CurrentVersion.targets (580,5) 处重新分配属性: $(DelaySign)=“”(先前值:“false”)
       C:\Program Files\dotnet\sdk\10.0.201\Microsoft.Common.CurrentVersion.targets(2620,5): message : 值为“C:\Users\Administrator\AppData\Local”的属性“LOCALAPPDATA”从环境中展开。
       C:\Program Files\dotnet\sdk\10.0.201\Microsoft.Common.CurrentVersion.targets(3948,5): message : 在 C:\Program Files\dotnet\sdk\10.0.201\Microsoft.Common.CurrentVersion.targets (3948,5) 处重新分配属性: $(_SGenGenerateSerializationAssembliesConfig)=“Auto”(先前值:“”)
       C:\Program Files\dotnet\sdk\10.0.201\Microsoft.Common.CurrentVersion.targets(5160,5): message : 在 C:\Program Files\dotnet\sdk\10.0.201\Microsoft.Common.CurrentVersion.targets (5160,5) 处重新分配属性: $(_TargetsThatPrepareProjectReferences)=“
       C:\Program Files\dotnet\sdk\10.0.201\Microsoft.Common.CurrentVersion.targets(5160,5): message :       AssignProjectConfiguration;
       C:\Program Files\dotnet\sdk\10.0.201\Microsoft.Common.CurrentVersion.targets(5160,5): message :       _SplitProjectReferencesByFileExistence
       C:\Program Files\dotnet\sdk\10.0.201\Microsoft.Common.CurrentVersion.targets(5160,5): message :     ”(先前值:“_SplitProjectReferencesByFileExistence”)
       C:\Program Files\dotnet\sdk\10.0.201\Microsoft.Common.CurrentVersion.targets(6973,5): message : 值为“C:\Program Files\dotnet\sdk\10.0.201”的属性“MSBuildExtensionsPath32”从环境中展开。
       “NuGetInteractive”属性是全局属性，不能修改。
       C:\Program Files\dotnet\sdk\10.0.201\Sdks\Microsoft.NET.Sdk\targets\Microsoft.PackageDependencyResolution.targets(24,5): message : 在 C:\Program Files\dotnet\sdk\10.0.201\Sdks\Microsoft.NET.Sdk\targets\Microsoft.PackageDependencyResolution.targets (24,5) 处重新分配属性: $(ProjectAssetsFile)=“f:\kaifa\OMI\tools\OMIManager\obj\project.assets.json”(先前值:“f:\kaifa\OMI\tools\OMIManager\obj\/project.assets.json”)
       C:\Program Files\dotnet\sdk\10.0.201\Sdks\Microsoft.NET.Sdk\targets\Microsoft.PackageDependencyResolution.targets(29,5): message : 在 C:\Program Files\dotnet\sdk\10.0.201\Sdks\Microsoft.NET.Sdk\targets\Microsoft.PackageDependencyResolution.targets (29,5) 处重新分配属性: $(ProjectAssetsCacheFile)=“f:\kaifa\OMI\tools\OMIManager\obj\Release\net10.0-windows\OMIManager.assets.cache”(先前值:“obj\Release\net10.0-windows\OMIManager.assets.cache”)
       C:\Program Files\dotnet\sdk\10.0.201\Sdks\Microsoft.NET.Sdk\targets\Microsoft.PackageDependencyResolution.targets(80,5): message : 在 C:\Program Files\dotnet\sdk\10.0.201\Sdks\Microsoft.NET.Sdk\targets\Microsoft.PackageDependencyResolution.targets (80,5) 处重新分配属性: $(ResolveAssemblyReferencesDependsOn)=“
       C:\Program Files\dotnet\sdk\10.0.201\Sdks\Microsoft.NET.Sdk\targets\Microsoft.PackageDependencyResolution.targets(80,5): message :       
       C:\Program Files\dotnet\sdk\10.0.201\Sdks\Microsoft.NET.Sdk\targets\Microsoft.PackageDependencyResolution.targets(80,5): message :       ResolveProjectReferences;
       C:\Program Files\dotnet\sdk\10.0.201\Sdks\Microsoft.NET.Sdk\targets\Microsoft.PackageDependencyResolution.targets(80,5): message :       FindInvalidProjectReferences;
       C:\Program Files\dotnet\sdk\10.0.201\Sdks\Microsoft.NET.Sdk\targets\Microsoft.PackageDependencyResolution.targets(80,5): message :       GetFrameworkPaths;
       C:\Program Files\dotnet\sdk\10.0.201\Sdks\Microsoft.NET.Sdk\targets\Microsoft.PackageDependencyResolution.targets(80,5): message :       GetReferenceAssemblyPaths;
       C:\Program Files\dotnet\sdk\10.0.201\Sdks\Microsoft.NET.Sdk\targets\Microsoft.PackageDependencyResolution.targets(80,5): message :       PrepareForBuild;
       C:\Program Files\dotnet\sdk\10.0.201\Sdks\Microsoft.NET.Sdk\targets\Microsoft.PackageDependencyResolution.targets(80,5): message :       ResolveSDKReferences;
       C:\Program Files\dotnet\sdk\10.0.201\Sdks\Microsoft.NET.Sdk\targets\Microsoft.PackageDependencyResolution.targets(80,5): message :       ExpandSDKReferences;
       C:\Program Files\dotnet\sdk\10.0.201\Sdks\Microsoft.NET.Sdk\targets\Microsoft.PackageDependencyResolution.targets(80,5): message :     ;
       C:\Program Files\dotnet\sdk\10.0.201\Sdks\Microsoft.NET.Sdk\targets\Microsoft.PackageDependencyResolution.targets(80,5): message :       ResolvePackageDependenciesForBuild;
       C:\Program Files\dotnet\sdk\10.0.201\Sdks\Microsoft.NET.Sdk\targets\Microsoft.PackageDependencyResolution.targets(80,5): message :       _HandlePackageFileConflicts;
       C:\Program Files\dotnet\sdk\10.0.201\Sdks\Microsoft.NET.Sdk\targets\Microsoft.PackageDependencyResolution.targets(80,5): message :     ”(先前值:“
       C:\Program Files\dotnet\sdk\10.0.201\Sdks\Microsoft.NET.Sdk\targets\Microsoft.PackageDependencyResolution.targets(80,5): message :       ResolveProjectReferences;
       C:\Program Files\dotnet\sdk\10.0.201\Sdks\Microsoft.NET.Sdk\targets\Microsoft.PackageDependencyResolution.targets(80,5): message :       FindInvalidProjectReferences;
       C:\Program Files\dotnet\sdk\10.0.201\Sdks\Microsoft.NET.Sdk\targets\Microsoft.PackageDependencyResolution.targets(80,5): message :       GetFrameworkPaths;
       C:\Program Files\dotnet\sdk\10.0.201\Sdks\Microsoft.NET.Sdk\targets\Microsoft.PackageDependencyResolution.targets(80,5): message :       GetReferenceAssemblyPaths;
       C:\Program Files\dotnet\sdk\10.0.201\Sdks\Microsoft.NET.Sdk\targets\Microsoft.PackageDependencyResolution.targets(80,5): message :       PrepareForBuild;
       C:\Program Files\dotnet\sdk\10.0.201\Sdks\Microsoft.NET.Sdk\targets\Microsoft.PackageDependencyResolution.targets(80,5): message :       ResolveSDKReferences;
       C:\Program Files\dotnet\sdk\10.0.201\Sdks\Microsoft.NET.Sdk\targets\Microsoft.PackageDependencyResolution.targets(80,5): message :       ExpandSDKReferences;
       C:\Program Files\dotnet\sdk\10.0.201\Sdks\Microsoft.NET.Sdk\targets\Microsoft.PackageDependencyResolution.targets(80,5): message :     ”)
       C:\Program Files\dotnet\sdk\10.0.201\Sdks\Microsoft.NET.Sdk\targets\Microsoft.PackageDependencyResolution.targets(86,5): message : 在 C:\Program Files\dotnet\sdk\10.0.201\Sdks\Microsoft.NET.Sdk\targets\Microsoft.PackageDependencyResolution.targets (86,5) 处重新分配属性: $(PrepareResourcesDependsOn)=“
       C:\Program Files\dotnet\sdk\10.0.201\Sdks\Microsoft.NET.Sdk\targets\Microsoft.PackageDependencyResolution.targets(86,5): message :       ResolvePackageDependenciesForBuild;
       C:\Program Files\dotnet\sdk\10.0.201\Sdks\Microsoft.NET.Sdk\targets\Microsoft.PackageDependencyResolution.targets(86,5): message :       _HandlePackageFileConflicts;
       C:\Program Files\dotnet\sdk\10.0.201\Sdks\Microsoft.NET.Sdk\targets\Microsoft.PackageDependencyResolution.targets(86,5): message :       
       C:\Program Files\dotnet\sdk\10.0.201\Sdks\Microsoft.NET.Sdk\targets\Microsoft.PackageDependencyResolution.targets(86,5): message :       ;
       C:\Program Files\dotnet\sdk\10.0.201\Sdks\Microsoft.NET.Sdk\targets\Microsoft.PackageDependencyResolution.targets(86,5): message :       PrepareResourceNames;
       C:\Program Files\dotnet\sdk\10.0.201\Sdks\Microsoft.NET.Sdk\targets\Microsoft.PackageDependencyResolution.targets(86,5): message :       ResGen;
       C:\Program Files\dotnet\sdk\10.0.201\Sdks\Microsoft.NET.Sdk\targets\Microsoft.PackageDependencyResolution.targets(86,5): message :       CompileLicxFiles
       C:\Program Files\dotnet\sdk\10.0.201\Sdks\Microsoft.NET.Sdk\targets\Microsoft.PackageDependencyResolution.targets(86,5): message :     
       C:\Program Files\dotnet\sdk\10.0.201\Sdks\Microsoft.NET.Sdk\targets\Microsoft.PackageDependencyResolution.targets(86,5): message :     ”(先前值:“
       C:\Program Files\dotnet\sdk\10.0.201\Sdks\Microsoft.NET.Sdk\targets\Microsoft.PackageDependencyResolution.targets(86,5): message :       ;
       C:\Program Files\dotnet\sdk\10.0.201\Sdks\Microsoft.NET.Sdk\targets\Microsoft.PackageDependencyResolution.targets(86,5): message :       PrepareResourceNames;
       C:\Program Files\dotnet\sdk\10.0.201\Sdks\Microsoft.NET.Sdk\targets\Microsoft.PackageDependencyResolution.targets(86,5): message :       ResGen;
       C:\Program Files\dotnet\sdk\10.0.201\Sdks\Microsoft.NET.Sdk\targets\Microsoft.PackageDependencyResolution.targets(86,5): message :       CompileLicxFiles
       C:\Program Files\dotnet\sdk\10.0.201\Sdks\Microsoft.NET.Sdk\targets\Microsoft.PackageDependencyResolution.targets(86,5): message :     ”)
       “EnableDefaultCompileItems”属性是全局属性，不能修改。
       “EnableDefaultEmbeddedResourceItems”属性是全局属性，不能修改。
       “EnableDefaultNoneItems”属性是全局属性，不能修改。
       C:\Program Files\dotnet\sdk\10.0.201\Sdks\Microsoft.NET.Sdk\targets\Microsoft.NET.Sdk.DefaultItems.targets(35,5): message : 在 C:\Program Files\dotnet\sdk\10.0.201\Sdks\Microsoft.NET.Sdk\targets\Microsoft.NET.Sdk.DefaultItems.targets (35,5) 处重新分配属性: $(DefaultItemExcludes)=“;bin\Release\/**;obj\Release\/**;bin\/**”(先前值:“;bin\Release\/**;obj\Release\/**”)
       C:\Program Files\dotnet\sdk\10.0.201\Sdks\Microsoft.NET.Sdk\targets\Microsoft.NET.Sdk.DefaultItems.targets(37,5): message : 在 C:\Program Files\dotnet\sdk\10.0.201\Sdks\Microsoft.NET.Sdk\targets\Microsoft.NET.Sdk.DefaultItems.targets (37,5) 处重新分配属性: $(DefaultItemExcludes)=“;bin\Release\/**;obj\Release\/**;bin\/**;obj\/**”(先前值:“;bin\Release\/**;obj\Release\/**;bin\/**”)
       C:\Program Files\dotnet\sdk\10.0.201\Sdks\Microsoft.NET.Sdk\targets\Microsoft.NET.Sdk.DefaultItems.targets(41,5): message : 在 C:\Program Files\dotnet\sdk\10.0.201\Sdks\Microsoft.NET.Sdk\targets\Microsoft.NET.Sdk.DefaultItems.targets (41,5) 处重新分配属性: $(DefaultItemExcludes)=“;bin\Release\/**;obj\Release\/**;bin\/**;obj\/**;bin\Release\net10.0-windows\publish\/**”(先前值:“;bin\Release\/**;obj\Release\/**;bin\/**;obj\/**”)
       C:\Program Files\dotnet\sdk\10.0.201\Sdks\Microsoft.NET.Sdk\targets\Microsoft.NET.Sdk.DefaultItems.targets(44,5): message : 在 C:\Program Files\dotnet\sdk\10.0.201\Sdks\Microsoft.NET.Sdk\targets\Microsoft.NET.Sdk.DefaultItems.targets (44,5) 处重新分配属性: $(DefaultItemExcludes)=“;bin\Release\/**;obj\Release\/**;bin\/**;obj\/**;bin\Release\net10.0-windows\publish\/**;**/*.user”(先前值:“;bin\Release\/**;obj\Release\/**;bin\/**;obj\/**;bin\Release\net10.0-windows\publish\/**”)
       C:\Program Files\dotnet\sdk\10.0.201\Sdks\Microsoft.NET.Sdk\targets\Microsoft.NET.Sdk.DefaultItems.targets(45,5): message : 在 C:\Program Files\dotnet\sdk\10.0.201\Sdks\Microsoft.NET.Sdk\targets\Microsoft.NET.Sdk.DefaultItems.targets (45,5) 处重新分配属性: $(DefaultItemExcludes)=“;bin\Release\/**;obj\Release\/**;bin\/**;obj\/**;bin\Release\net10.0-windows\publish\/**;**/*.user;**/*.*proj”(先前值:“;bin\Release\/**;obj\Release\/**;bin\/**;obj\/**;bin\Release\net10.0-windows\publish\/**;**/*.user”)
       C:\Program Files\dotnet\sdk\10.0.201\Sdks\Microsoft.NET.Sdk\targets\Microsoft.NET.Sdk.DefaultItems.targets(46,5): message : 在 C:\Program Files\dotnet\sdk\10.0.201\Sdks\Microsoft.NET.Sdk\targets\Microsoft.NET.Sdk.DefaultItems.targets (46,5) 处重新分配属性: $(DefaultItemExcludes)=“;bin\Release\/**;obj\Release\/**;bin\/**;obj\/**;bin\Release\net10.0-windows\publish\/**;**/*.user;**/*.*proj;**/*.sln”(先前值:“;bin\Release\/**;obj\Release\/**;bin\/**;obj\/**;bin\Release\net10.0-windows\publish\/**;**/*.user;**/*.*proj”)
       C:\Program Files\dotnet\sdk\10.0.201\Sdks\Microsoft.NET.Sdk\targets\Microsoft.NET.Sdk.DefaultItems.targets(47,5): message : 在 C:\Program Files\dotnet\sdk\10.0.201\Sdks\Microsoft.NET.Sdk\targets\Microsoft.NET.Sdk.DefaultItems.targets (47,5) 处重新分配属性: $(DefaultItemExcludes)=“;bin\Release\/**;obj\Release\/**;bin\/**;obj\/**;bin\Release\net10.0-windows\publish\/**;**/*.user;**/*.*proj;**/*.sln;**/*.slnx”(先前值:“;bin\Release\/**;obj\Release\/**;bin\/**;obj\/**;bin\Release\net10.0-windows\publish\/**;**/*.user;**/*.*proj;**/*.sln”)
       C:\Program Files\dotnet\sdk\10.0.201\Sdks\Microsoft.NET.Sdk\targets\Microsoft.NET.Sdk.DefaultItems.targets(48,5): message : 在 C:\Program Files\dotnet\sdk\10.0.201\Sdks\Microsoft.NET.Sdk\targets\Microsoft.NET.Sdk.DefaultItems.targets (48,5) 处重新分配属性: $(DefaultItemExcludes)=“;bin\Release\/**;obj\Release\/**;bin\/**;obj\/**;bin\Release\net10.0-windows\publish\/**;**/*.user;**/*.*proj;**/*.sln;**/*.slnx;**/*.vssscc”(先前值:“;bin\Release\/**;obj\Release\/**;bin\/**;obj\/**;bin\Release\net10.0-windows\publish\/**;**/*.user;**/*.*proj;**/*.sln;**/*.slnx”)
       C:\Program Files\dotnet\sdk\10.0.201\Sdks\Microsoft.NET.Sdk\targets\Microsoft.NET.Sdk.DefaultItems.targets(49,5): message : 在 C:\Program Files\dotnet\sdk\10.0.201\Sdks\Microsoft.NET.Sdk\targets\Microsoft.NET.Sdk.DefaultItems.targets (49,5) 处重新分配属性: $(DefaultItemExcludes)=“;bin\Release\/**;obj\Release\/**;bin\/**;obj\/**;bin\Release\net10.0-windows\publish\/**;**/*.user;**/*.*proj;**/*.sln;**/*.slnx;**/*.vssscc;**/.DS_Store”(先前值:“;bin\Release\/**;obj\Release\/**;bin\/**;obj\/**;bin\Release\net10.0-windows\publish\/**;**/*.user;**/*.*proj;**/*.sln;**/*.slnx;**/*.vssscc”)
       C:\Program Files\dotnet\sdk\10.0.201\Sdks\Microsoft.NET.Sdk\targets\Microsoft.NET.Sdk.FrameworkReferenceResolution.targets(14,5): message : 在 C:\Program Files\dotnet\sdk\10.0.201\Sdks\Microsoft.NET.Sdk\targets\Microsoft.NET.Sdk.FrameworkReferenceResolution.targets (14,5) 处重新分配属性: $(ResolveAssemblyReferencesDependsOn)=“
       C:\Program Files\dotnet\sdk\10.0.201\Sdks\Microsoft.NET.Sdk\targets\Microsoft.NET.Sdk.FrameworkReferenceResolution.targets(14,5): message :       
       C:\Program Files\dotnet\sdk\10.0.201\Sdks\Microsoft.NET.Sdk\targets\Microsoft.NET.Sdk.FrameworkReferenceResolution.targets(14,5): message :       
       C:\Program Files\dotnet\sdk\10.0.201\Sdks\Microsoft.NET.Sdk\targets\Microsoft.NET.Sdk.FrameworkReferenceResolution.targets(14,5): message :       ResolveProjectReferences;
       C:\Program Files\dotnet\sdk\10.0.201\Sdks\Microsoft.NET.Sdk\targets\Microsoft.NET.Sdk.FrameworkReferenceResolution.targets(14,5): message :       FindInvalidProjectReferences;
       C:\Program Files\dotnet\sdk\10.0.201\Sdks\Microsoft.NET.Sdk\targets\Microsoft.NET.Sdk.FrameworkReferenceResolution.targets(14,5): message :       GetFrameworkPaths;
       C:\Program Files\dotnet\sdk\10.0.201\Sdks\Microsoft.NET.Sdk\targets\Microsoft.NET.Sdk.FrameworkReferenceResolution.targets(14,5): message :       GetReferenceAssemblyPaths;
       C:\Program Files\dotnet\sdk\10.0.201\Sdks\Microsoft.NET.Sdk\targets\Microsoft.NET.Sdk.FrameworkReferenceResolution.targets(14,5): message :       PrepareForBuild;
       C:\Program Files\dotnet\sdk\10.0.201\Sdks\Microsoft.NET.Sdk\targets\Microsoft.NET.Sdk.FrameworkReferenceResolution.targets(14,5): message :       ResolveSDKReferences;
       C:\Program Files\dotnet\sdk\10.0.201\Sdks\Microsoft.NET.Sdk\targets\Microsoft.NET.Sdk.FrameworkReferenceResolution.targets(14,5): message :       ExpandSDKReferences;
       C:\Program Files\dotnet\sdk\10.0.201\Sdks\Microsoft.NET.Sdk\targets\Microsoft.NET.Sdk.FrameworkReferenceResolution.targets(14,5): message :     ;
       C:\Program Files\dotnet\sdk\10.0.201\Sdks\Microsoft.NET.Sdk\targets\Microsoft.NET.Sdk.FrameworkReferenceResolution.targets(14,5): message :       ResolvePackageDependenciesForBuild;
       C:\Program Files\dotnet\sdk\10.0.201\Sdks\Microsoft.NET.Sdk\targets\Microsoft.NET.Sdk.FrameworkReferenceResolution.targets(14,5): message :       _HandlePackageFileConflicts;
       C:\Program Files\dotnet\sdk\10.0.201\Sdks\Microsoft.NET.Sdk\targets\Microsoft.NET.Sdk.FrameworkReferenceResolution.targets(14,5): message :     ;
       C:\Program Files\dotnet\sdk\10.0.201\Sdks\Microsoft.NET.Sdk\targets\Microsoft.NET.Sdk.FrameworkReferenceResolution.targets(14,5): message :       ResolveTargetingPackAssets;
       C:\Program Files\dotnet\sdk\10.0.201\Sdks\Microsoft.NET.Sdk\targets\Microsoft.NET.Sdk.FrameworkReferenceResolution.targets(14,5): message :     ”(先前值:“
       C:\Program Files\dotnet\sdk\10.0.201\Sdks\Microsoft.NET.Sdk\targets\Microsoft.NET.Sdk.FrameworkReferenceResolution.targets(14,5): message :       
       C:\Program Files\dotnet\sdk\10.0.201\Sdks\Microsoft.NET.Sdk\targets\Microsoft.NET.Sdk.FrameworkReferenceResolution.targets(14,5): message :       ResolveProjectReferences;
       C:\Program Files\dotnet\sdk\10.0.201\Sdks\Microsoft.NET.Sdk\targets\Microsoft.NET.Sdk.FrameworkReferenceResolution.targets(14,5): message :       FindInvalidProjectReferences;
       C:\Program Files\dotnet\sdk\10.0.201\Sdks\Microsoft.NET.Sdk\targets\Microsoft.NET.Sdk.FrameworkReferenceResolution.targets(14,5): message :       GetFrameworkPaths;
       C:\Program Files\dotnet\sdk\10.0.201\Sdks\Microsoft.NET.Sdk\targets\Microsoft.NET.Sdk.FrameworkReferenceResolution.targets(14,5): message :       GetReferenceAssemblyPaths;
       C:\Program Files\dotnet\sdk\10.0.201\Sdks\Microsoft.NET.Sdk\targets\Microsoft.NET.Sdk.FrameworkReferenceResolution.targets(14,5): message :       PrepareForBuild;
       C:\Program Files\dotnet\sdk\10.0.201\Sdks\Microsoft.NET.Sdk\targets\Microsoft.NET.Sdk.FrameworkReferenceResolution.targets(14,5): message :       ResolveSDKReferences;
       C:\Program Files\dotnet\sdk\10.0.201\Sdks\Microsoft.NET.Sdk\targets\Microsoft.NET.Sdk.FrameworkReferenceResolution.targets(14,5): message :       ExpandSDKReferences;
       C:\Program Files\dotnet\sdk\10.0.201\Sdks\Microsoft.NET.Sdk\targets\Microsoft.NET.Sdk.FrameworkReferenceResolution.targets(14,5): message :     ;
       C:\Program Files\dotnet\sdk\10.0.201\Sdks\Microsoft.NET.Sdk\targets\Microsoft.NET.Sdk.FrameworkReferenceResolution.targets(14,5): message :       ResolvePackageDependenciesForBuild;
       C:\Program Files\dotnet\sdk\10.0.201\Sdks\Microsoft.NET.Sdk\targets\Microsoft.NET.Sdk.FrameworkReferenceResolution.targets(14,5): message :       _HandlePackageFileConflicts;
       C:\Program Files\dotnet\sdk\10.0.201\Sdks\Microsoft.NET.Sdk\targets\Microsoft.NET.Sdk.FrameworkReferenceResolution.targets(14,5): message :     ”)
       C:\Program Files\dotnet\sdk\10.0.201\Sdks\Microsoft.NET.Sdk\targets\Microsoft.NET.Sdk.targets(44,5): message : 在 C:\Program Files\dotnet\sdk\10.0.201\Sdks\Microsoft.NET.Sdk\targets\Microsoft.NET.Sdk.targets (44,5) 处重新分配属性: $(_GenerateRuntimeConfigurationPropertyInputsCache)=“f:\kaifa\OMI\tools\OMIManager\obj\Release\net10.0-windows\OMIManager.genruntimeconfig.cache”(先前值:“obj\Release\net10.0-windows\OMIManager.genruntimeconfig.cache”)
       C:\Program Files\dotnet\sdk\10.0.201\Sdks\Microsoft.NET.Sdk\targets\Microsoft.NET.Sdk.targets(46,5): message : 在 C:\Program Files\dotnet\sdk\10.0.201\Sdks\Microsoft.NET.Sdk\targets\Microsoft.NET.Sdk.targets (46,5) 处重新分配属性: $(_GeneratePublishDependencyFilePropertyInputsCache)=“f:\kaifa\OMI\tools\OMIManager\obj\Release\net10.0-windows\OMIManager.genpublishdeps.cache”(先前值:“obj\Release\net10.0-windows\OMIManager.genpublishdeps.cache”)
       C:\Program Files\dotnet\sdk\10.0.201\Sdks\Microsoft.NET.Sdk\targets\Microsoft.NET.Sdk.targets(48,5): message : 在 C:\Program Files\dotnet\sdk\10.0.201\Sdks\Microsoft.NET.Sdk\targets\Microsoft.NET.Sdk.targets (48,5) 处重新分配属性: $(_GenerateSingleFileBundlePropertyInputsCache)=“f:\kaifa\OMI\tools\OMIManager\obj\Release\net10.0-windows\OMIManager.genbundle.cache”(先前值:“obj\Release\net10.0-windows\OMIManager.genbundle.cache”)
       C:\Program Files\dotnet\sdk\10.0.201\Sdks\Microsoft.NET.Sdk\targets\Microsoft.NET.Sdk.targets(81,5): message : 在 C:\Program Files\dotnet\sdk\10.0.201\Sdks\Microsoft.NET.Sdk\targets\Microsoft.NET.Sdk.targets (81,5) 处重新分配属性: $(GenerateRuntimeConfigDevFile)=“false”(先前值:“true”)
       C:\Program Files\dotnet\sdk\10.0.201\Sdks\Microsoft.NET.Sdk\targets\Microsoft.NET.Sdk.targets(98,5): message : 值为“C:\Users\Administrator”的属性“USERPROFILE”从环境中展开。
       C:\Program Files\dotnet\sdk\10.0.201\Sdks\Microsoft.NET.Sdk\targets\Microsoft.NET.Sdk.targets(98,5): message : 在 C:\Program Files\dotnet\sdk\10.0.201\Sdks\Microsoft.NET.Sdk\targets\Microsoft.NET.Sdk.targets (98,5) 处重新分配属性: $(_DefaultUserProfileRuntimeStorePath)=“C:\Users\Administrator”(先前值:“”)
       C:\Program Files\dotnet\sdk\10.0.201\Sdks\Microsoft.NET.Sdk\targets\Microsoft.NET.Sdk.targets(99,5): message : 在 C:\Program Files\dotnet\sdk\10.0.201\Sdks\Microsoft.NET.Sdk\targets\Microsoft.NET.Sdk.targets (99,5) 处重新分配属性: $(_DefaultUserProfileRuntimeStorePath)=“C:\Users\Administrator\.dotnet\store”(先前值:“C:\Users\Administrator”)
       C:\Program Files\dotnet\sdk\10.0.201\Sdks\Microsoft.NET.Sdk\targets\Microsoft.NET.Sdk.targets(144,5): message : 在 C:\Program Files\dotnet\sdk\10.0.201\Sdks\Microsoft.NET.Sdk\targets\Microsoft.NET.Sdk.targets (144,5) 处重新分配属性: $(AvailablePlatforms)=“Any CPU,x86,x64,ARM32”(先前值:“Any CPU,x86,x64”)
       C:\Program Files\dotnet\sdk\10.0.201\Sdks\Microsoft.NET.Sdk\targets\Microsoft.NET.Sdk.targets(148,5): message : 在 C:\Program Files\dotnet\sdk\10.0.201\Sdks\Microsoft.NET.Sdk\targets\Microsoft.NET.Sdk.targets (148,5) 处重新分配属性: $(AvailablePlatforms)=“Any CPU,x86,x64,ARM32,ARM64”(先前值:“Any CPU,x86,x64,ARM32”)
       C:\Program Files\dotnet\sdk\10.0.201\Sdks\Microsoft.NET.Sdk\targets\Microsoft.NET.Sdk.targets(204,5): message : 在 C:\Program Files\dotnet\sdk\10.0.201\Sdks\Microsoft.NET.Sdk\targets\Microsoft.NET.Sdk.targets (204,5) 处重新分配属性: $(CoreBuildDependsOn)=“
       C:\Program Files\dotnet\sdk\10.0.201\Sdks\Microsoft.NET.Sdk\targets\Microsoft.NET.Sdk.targets(204,5): message :       _CheckForBuildWithNoBuild;
       C:\Program Files\dotnet\sdk\10.0.201\Sdks\Microsoft.NET.Sdk\targets\Microsoft.NET.Sdk.targets(204,5): message :       
       C:\Program Files\dotnet\sdk\10.0.201\Sdks\Microsoft.NET.Sdk\targets\Microsoft.NET.Sdk.targets(204,5): message :       BuildOnlySettings;
       C:\Program Files\dotnet\sdk\10.0.201\Sdks\Microsoft.NET.Sdk\targets\Microsoft.NET.Sdk.targets(204,5): message :       PrepareForBuild;
       C:\Program Files\dotnet\sdk\10.0.201\Sdks\Microsoft.NET.Sdk\targets\Microsoft.NET.Sdk.targets(204,5): message :       PreBuildEvent;
       C:\Program Files\dotnet\sdk\10.0.201\Sdks\Microsoft.NET.Sdk\targets\Microsoft.NET.Sdk.targets(204,5): message :       ResolveReferences;
       C:\Program Files\dotnet\sdk\10.0.201\Sdks\Microsoft.NET.Sdk\targets\Microsoft.NET.Sdk.targets(204,5): message :       PrepareResources;
       C:\Program Files\dotnet\sdk\10.0.201\Sdks\Microsoft.NET.Sdk\targets\Microsoft.NET.Sdk.targets(204,5): message :       ResolveKeySource;
       C:\Program Files\dotnet\sdk\10.0.201\Sdks\Microsoft.NET.Sdk\targets\Microsoft.NET.Sdk.targets(204,5): message :       Compile;
       C:\Program Files\dotnet\sdk\10.0.201\Sdks\Microsoft.NET.Sdk\targets\Microsoft.NET.Sdk.targets(204,5): message :       ExportWindowsMDFile;
       C:\Program Files\dotnet\sdk\10.0.201\Sdks\Microsoft.NET.Sdk\targets\Microsoft.NET.Sdk.targets(204,5): message :       UnmanagedUnregistration;
       C:\Program Files\dotnet\sdk\10.0.201\Sdks\Microsoft.NET.Sdk\targets\Microsoft.NET.Sdk.targets(204,5): message :       GenerateSerializationAssemblies;
       C:\Program Files\dotnet\sdk\10.0.201\Sdks\Microsoft.NET.Sdk\targets\Microsoft.NET.Sdk.targets(204,5): message :       CreateSatelliteAssemblies;
       C:\Program Files\dotnet\sdk\10.0.201\Sdks\Microsoft.NET.Sdk\targets\Microsoft.NET.Sdk.targets(204,5): message :       GenerateManifests;
       C:\Program Files\dotnet\sdk\10.0.201\Sdks\Microsoft.NET.Sdk\targets\Microsoft.NET.Sdk.targets(204,5): message :       GetTargetPath;
       C:\Program Files\dotnet\sdk\10.0.201\Sdks\Microsoft.NET.Sdk\targets\Microsoft.NET.Sdk.targets(204,5): message :       PrepareForRun;
       C:\Program Files\dotnet\sdk\10.0.201\Sdks\Microsoft.NET.Sdk\targets\Microsoft.NET.Sdk.targets(204,5): message :       UnmanagedRegistration;
       C:\Program Files\dotnet\sdk\10.0.201\Sdks\Microsoft.NET.Sdk\targets\Microsoft.NET.Sdk.targets(204,5): message :       IncrementalClean;
       C:\Program Files\dotnet\sdk\10.0.201\Sdks\Microsoft.NET.Sdk\targets\Microsoft.NET.Sdk.targets(204,5): message :       PostBuildEvent
       C:\Program Files\dotnet\sdk\10.0.201\Sdks\Microsoft.NET.Sdk\targets\Microsoft.NET.Sdk.targets(204,5): message :     ;
       C:\Program Files\dotnet\sdk\10.0.201\Sdks\Microsoft.NET.Sdk\targets\Microsoft.NET.Sdk.targets(204,5): message :       GenerateBuildDependencyFile;
       C:\Program Files\dotnet\sdk\10.0.201\Sdks\Microsoft.NET.Sdk\targets\Microsoft.NET.Sdk.targets(204,5): message :       GenerateBuildRuntimeConfigurationFiles
       C:\Program Files\dotnet\sdk\10.0.201\Sdks\Microsoft.NET.Sdk\targets\Microsoft.NET.Sdk.targets(204,5): message :     ”(先前值:“
       C:\Program Files\dotnet\sdk\10.0.201\Sdks\Microsoft.NET.Sdk\targets\Microsoft.NET.Sdk.targets(204,5): message :       BuildOnlySettings;
       C:\Program Files\dotnet\sdk\10.0.201\Sdks\Microsoft.NET.Sdk\targets\Microsoft.NET.Sdk.targets(204,5): message :       PrepareForBuild;
       C:\Program Files\dotnet\sdk\10.0.201\Sdks\Microsoft.NET.Sdk\targets\Microsoft.NET.Sdk.targets(204,5): message :       PreBuildEvent;
       C:\Program Files\dotnet\sdk\10.0.201\Sdks\Microsoft.NET.Sdk\targets\Microsoft.NET.Sdk.targets(204,5): message :       ResolveReferences;
       C:\Program Files\dotnet\sdk\10.0.201\Sdks\Microsoft.NET.Sdk\targets\Microsoft.NET.Sdk.targets(204,5): message :       PrepareResources;
       C:\Program Files\dotnet\sdk\10.0.201\Sdks\Microsoft.NET.Sdk\targets\Microsoft.NET.Sdk.targets(204,5): message :       ResolveKeySource;
       C:\Program Files\dotnet\sdk\10.0.201\Sdks\Microsoft.NET.Sdk\targets\Microsoft.NET.Sdk.targets(204,5): message :       Compile;
       C:\Program Files\dotnet\sdk\10.0.201\Sdks\Microsoft.NET.Sdk\targets\Microsoft.NET.Sdk.targets(204,5): message :       ExportWindowsMDFile;
       C:\Program Files\dotnet\sdk\10.0.201\Sdks\Microsoft.NET.Sdk\targets\Microsoft.NET.Sdk.targets(204,5): message :       UnmanagedUnregistration;
       C:\Program Files\dotnet\sdk\10.0.201\Sdks\Microsoft.NET.Sdk\targets\Microsoft.NET.Sdk.targets(204,5): message :       GenerateSerializationAssemblies;
       C:\Program Files\dotnet\sdk\10.0.201\Sdks\Microsoft.NET.Sdk\targets\Microsoft.NET.Sdk.targets(204,5): message :       CreateSatelliteAssemblies;
       C:\Program Files\dotnet\sdk\10.0.201\Sdks\Microsoft.NET.Sdk\targets\Microsoft.NET.Sdk.targets(204,5): message :       GenerateManifests;
       C:\Program Files\dotnet\sdk\10.0.201\Sdks\Microsoft.NET.Sdk\targets\Microsoft.NET.Sdk.targets(204,5): message :       GetTargetPath;
       C:\Program Files\dotnet\sdk\10.0.201\Sdks\Microsoft.NET.Sdk\targets\Microsoft.NET.Sdk.targets(204,5): message :       PrepareForRun;
       C:\Program Files\dotnet\sdk\10.0.201\Sdks\Microsoft.NET.Sdk\targets\Microsoft.NET.Sdk.targets(204,5): message :       UnmanagedRegistration;
       C:\Program Files\dotnet\sdk\10.0.201\Sdks\Microsoft.NET.Sdk\targets\Microsoft.NET.Sdk.targets(204,5): message :       IncrementalClean;
       C:\Program Files\dotnet\sdk\10.0.201\Sdks\Microsoft.NET.Sdk\targets\Microsoft.NET.Sdk.targets(204,5): message :       PostBuildEvent
       C:\Program Files\dotnet\sdk\10.0.201\Sdks\Microsoft.NET.Sdk\targets\Microsoft.NET.Sdk.targets(204,5): message :     ”)
       C:\Program Files\dotnet\sdk\10.0.201\Sdks\Microsoft.NET.Sdk\targets\Microsoft.NET.Sdk.targets(213,5): message : 在 C:\Program Files\dotnet\sdk\10.0.201\Sdks\Microsoft.NET.Sdk\targets\Microsoft.NET.Sdk.targets (213,5) 处重新分配属性: $(CoreCleanDependsOn)=“
       C:\Program Files\dotnet\sdk\10.0.201\Sdks\Microsoft.NET.Sdk\targets\Microsoft.NET.Sdk.targets(213,5): message :       _SdkBeforeClean;
       C:\Program Files\dotnet\sdk\10.0.201\Sdks\Microsoft.NET.Sdk\targets\Microsoft.NET.Sdk.targets(213,5): message :       
       C:\Program Files\dotnet\sdk\10.0.201\Sdks\Microsoft.NET.Sdk\targets\Microsoft.NET.Sdk.targets(213,5): message :     ”(先前值:“”)
       C:\Program Files\dotnet\sdk\10.0.201\Sdks\Microsoft.NET.Sdk\targets\Microsoft.NET.Sdk.targets(220,5): message : 在 C:\Program Files\dotnet\sdk\10.0.201\Sdks\Microsoft.NET.Sdk\targets\Microsoft.NET.Sdk.targets (220,5) 处重新分配属性: $(RebuildDependsOn)=“
       C:\Program Files\dotnet\sdk\10.0.201\Sdks\Microsoft.NET.Sdk\targets\Microsoft.NET.Sdk.targets(220,5): message :       _SdkBeforeRebuild;
       C:\Program Files\dotnet\sdk\10.0.201\Sdks\Microsoft.NET.Sdk\targets\Microsoft.NET.Sdk.targets(220,5): message :       
       C:\Program Files\dotnet\sdk\10.0.201\Sdks\Microsoft.NET.Sdk\targets\Microsoft.NET.Sdk.targets(220,5): message :       BeforeRebuild;
       C:\Program Files\dotnet\sdk\10.0.201\Sdks\Microsoft.NET.Sdk\targets\Microsoft.NET.Sdk.targets(220,5): message :       Clean;
       C:\Program Files\dotnet\sdk\10.0.201\Sdks\Microsoft.NET.Sdk\targets\Microsoft.NET.Sdk.targets(220,5): message :       Build;
       C:\Program Files\dotnet\sdk\10.0.201\Sdks\Microsoft.NET.Sdk\targets\Microsoft.NET.Sdk.targets(220,5): message :       AfterRebuild;
       C:\Program Files\dotnet\sdk\10.0.201\Sdks\Microsoft.NET.Sdk\targets\Microsoft.NET.Sdk.targets(220,5): message :     
       C:\Program Files\dotnet\sdk\10.0.201\Sdks\Microsoft.NET.Sdk\targets\Microsoft.NET.Sdk.targets(220,5): message :     ”(先前值:“
       C:\Program Files\dotnet\sdk\10.0.201\Sdks\Microsoft.NET.Sdk\targets\Microsoft.NET.Sdk.targets(220,5): message :       BeforeRebuild;
       C:\Program Files\dotnet\sdk\10.0.201\Sdks\Microsoft.NET.Sdk\targets\Microsoft.NET.Sdk.targets(220,5): message :       Clean;
       C:\Program Files\dotnet\sdk\10.0.201\Sdks\Microsoft.NET.Sdk\targets\Microsoft.NET.Sdk.targets(220,5): message :       Build;
       C:\Program Files\dotnet\sdk\10.0.201\Sdks\Microsoft.NET.Sdk\targets\Microsoft.NET.Sdk.targets(220,5): message :       AfterRebuild;
       C:\Program Files\dotnet\sdk\10.0.201\Sdks\Microsoft.NET.Sdk\targets\Microsoft.NET.Sdk.targets(220,5): message :     ”)
       C:\Program Files\dotnet\sdk\10.0.201\Sdks\Microsoft.NET.Sdk\targets\Microsoft.NET.Sdk.targets(799,5): message : 在 C:\Program Files\dotnet\sdk\10.0.201\Sdks\Microsoft.NET.Sdk\targets\Microsoft.NET.Sdk.targets (799,5) 处重新分配属性: $(CompileDependsOn)=“
       C:\Program Files\dotnet\sdk\10.0.201\Sdks\Microsoft.NET.Sdk\targets\Microsoft.NET.Sdk.targets(799,5): message :       
       C:\Program Files\dotnet\sdk\10.0.201\Sdks\Microsoft.NET.Sdk\targets\Microsoft.NET.Sdk.targets(799,5): message :       ResolveReferences;
       C:\Program Files\dotnet\sdk\10.0.201\Sdks\Microsoft.NET.Sdk\targets\Microsoft.NET.Sdk.targets(799,5): message :       ResolveKeySource;
       C:\Program Files\dotnet\sdk\10.0.201\Sdks\Microsoft.NET.Sdk\targets\Microsoft.NET.Sdk.targets(799,5): message :       SetWin32ManifestProperties;
       C:\Program Files\dotnet\sdk\10.0.201\Sdks\Microsoft.NET.Sdk\targets\Microsoft.NET.Sdk.targets(799,5): message :       _SetPreferNativeArm64Win32ManifestProperties;
       C:\Program Files\dotnet\sdk\10.0.201\Sdks\Microsoft.NET.Sdk\targets\Microsoft.NET.Sdk.targets(799,5): message :       FindReferenceAssembliesForReferences;
       C:\Program Files\dotnet\sdk\10.0.201\Sdks\Microsoft.NET.Sdk\targets\Microsoft.NET.Sdk.targets(799,5): message :       _GenerateCompileInputs;
       C:\Program Files\dotnet\sdk\10.0.201\Sdks\Microsoft.NET.Sdk\targets\Microsoft.NET.Sdk.targets(799,5): message :       BeforeCompile;
       C:\Program Files\dotnet\sdk\10.0.201\Sdks\Microsoft.NET.Sdk\targets\Microsoft.NET.Sdk.targets(799,5): message :       _TimeStampBeforeCompile;
       C:\Program Files\dotnet\sdk\10.0.201\Sdks\Microsoft.NET.Sdk\targets\Microsoft.NET.Sdk.targets(799,5): message :       _GenerateCompileDependencyCache;
       C:\Program Files\dotnet\sdk\10.0.201\Sdks\Microsoft.NET.Sdk\targets\Microsoft.NET.Sdk.targets(799,5): message :       CoreCompile;
       C:\Program Files\dotnet\sdk\10.0.201\Sdks\Microsoft.NET.Sdk\targets\Microsoft.NET.Sdk.targets(799,5): message :       _TimeStampAfterCompile;
       C:\Program Files\dotnet\sdk\10.0.201\Sdks\Microsoft.NET.Sdk\targets\Microsoft.NET.Sdk.targets(799,5): message :       AfterCompile;
       C:\Program Files\dotnet\sdk\10.0.201\Sdks\Microsoft.NET.Sdk\targets\Microsoft.NET.Sdk.targets(799,5): message :     ;
       C:\Program Files\dotnet\sdk\10.0.201\Sdks\Microsoft.NET.Sdk\targets\Microsoft.NET.Sdk.targets(799,5): message :       _CreateAppHost;
       C:\Program Files\dotnet\sdk\10.0.201\Sdks\Microsoft.NET.Sdk\targets\Microsoft.NET.Sdk.targets(799,5): message :       _CreateComHost;
       C:\Program Files\dotnet\sdk\10.0.201\Sdks\Microsoft.NET.Sdk\targets\Microsoft.NET.Sdk.targets(799,5): message :       _GetIjwHostPaths;
       C:\Program Files\dotnet\sdk\10.0.201\Sdks\Microsoft.NET.Sdk\targets\Microsoft.NET.Sdk.targets(799,5): message :     ”(先前值:“
       C:\Program Files\dotnet\sdk\10.0.201\Sdks\Microsoft.NET.Sdk\targets\Microsoft.NET.Sdk.targets(799,5): message :       ResolveReferences;
       C:\Program Files\dotnet\sdk\10.0.201\Sdks\Microsoft.NET.Sdk\targets\Microsoft.NET.Sdk.targets(799,5): message :       ResolveKeySource;
       C:\Program Files\dotnet\sdk\10.0.201\Sdks\Microsoft.NET.Sdk\targets\Microsoft.NET.Sdk.targets(799,5): message :       SetWin32ManifestProperties;
       C:\Program Files\dotnet\sdk\10.0.201\Sdks\Microsoft.NET.Sdk\targets\Microsoft.NET.Sdk.targets(799,5): message :       _SetPreferNativeArm64Win32ManifestProperties;
       C:\Program Files\dotnet\sdk\10.0.201\Sdks\Microsoft.NET.Sdk\targets\Microsoft.NET.Sdk.targets(799,5): message :       FindReferenceAssembliesForReferences;
       C:\Program Files\dotnet\sdk\10.0.201\Sdks\Microsoft.NET.Sdk\targets\Microsoft.NET.Sdk.targets(799,5): message :       _GenerateCompileInputs;
       C:\Program Files\dotnet\sdk\10.0.201\Sdks\Microsoft.NET.Sdk\targets\Microsoft.NET.Sdk.targets(799,5): message :       BeforeCompile;
       C:\Program Files\dotnet\sdk\10.0.201\Sdks\Microsoft.NET.Sdk\targets\Microsoft.NET.Sdk.targets(799,5): message :       _TimeStampBeforeCompile;
       C:\Program Files\dotnet\sdk\10.0.201\Sdks\Microsoft.NET.Sdk\targets\Microsoft.NET.Sdk.targets(799,5): message :       _GenerateCompileDependencyCache;
       C:\Program Files\dotnet\sdk\10.0.201\Sdks\Microsoft.NET.Sdk\targets\Microsoft.NET.Sdk.targets(799,5): message :       CoreCompile;
       C:\Program Files\dotnet\sdk\10.0.201\Sdks\Microsoft.NET.Sdk\targets\Microsoft.NET.Sdk.targets(799,5): message :       _TimeStampAfterCompile;
       C:\Program Files\dotnet\sdk\10.0.201\Sdks\Microsoft.NET.Sdk\targets\Microsoft.NET.Sdk.targets(799,5): message :       AfterCompile;
       C:\Program Files\dotnet\sdk\10.0.201\Sdks\Microsoft.NET.Sdk\targets\Microsoft.NET.Sdk.targets(799,5): message :     ”)
       C:\Program Files\dotnet\sdk\10.0.201\Sdks\Microsoft.NET.Sdk\targets\Microsoft.NET.Sdk.targets(1131,5): message : 在 C:\Program Files\dotnet\sdk\10.0.201\Sdks\Microsoft.NET.Sdk\targets\Microsoft.NET.Sdk.targets (1131,5) 处重新分配属性: $(CreateSatelliteAssembliesDependsOn)=“
       C:\Program Files\dotnet\sdk\10.0.201\Sdks\Microsoft.NET.Sdk\targets\Microsoft.NET.Sdk.targets(1131,5): message :       
       C:\Program Files\dotnet\sdk\10.0.201\Sdks\Microsoft.NET.Sdk\targets\Microsoft.NET.Sdk.targets(1131,5): message :       ;
       C:\Program Files\dotnet\sdk\10.0.201\Sdks\Microsoft.NET.Sdk\targets\Microsoft.NET.Sdk.targets(1131,5): message :       _GenerateSatelliteAssemblyInputs;
       C:\Program Files\dotnet\sdk\10.0.201\Sdks\Microsoft.NET.Sdk\targets\Microsoft.NET.Sdk.targets(1131,5): message :       ComputeIntermediateSatelliteAssemblies;
       C:\Program Files\dotnet\sdk\10.0.201\Sdks\Microsoft.NET.Sdk\targets\Microsoft.NET.Sdk.targets(1131,5): message :       GenerateSatelliteAssemblies
       C:\Program Files\dotnet\sdk\10.0.201\Sdks\Microsoft.NET.Sdk\targets\Microsoft.NET.Sdk.targets(1131,5): message :     ;
       C:\Program Files\dotnet\sdk\10.0.201\Sdks\Microsoft.NET.Sdk\targets\Microsoft.NET.Sdk.targets(1131,5): message :       CoreGenerateSatelliteAssemblies
       C:\Program Files\dotnet\sdk\10.0.201\Sdks\Microsoft.NET.Sdk\targets\Microsoft.NET.Sdk.targets(1131,5): message :     ”(先前值:“
       C:\Program Files\dotnet\sdk\10.0.201\Sdks\Microsoft.NET.Sdk\targets\Microsoft.NET.Sdk.targets(1131,5): message :       ;
       C:\Program Files\dotnet\sdk\10.0.201\Sdks\Microsoft.NET.Sdk\targets\Microsoft.NET.Sdk.targets(1131,5): message :       _GenerateSatelliteAssemblyInputs;
       C:\Program Files\dotnet\sdk\10.0.201\Sdks\Microsoft.NET.Sdk\targets\Microsoft.NET.Sdk.targets(1131,5): message :       ComputeIntermediateSatelliteAssemblies;
       C:\Program Files\dotnet\sdk\10.0.201\Sdks\Microsoft.NET.Sdk\targets\Microsoft.NET.Sdk.targets(1131,5): message :       GenerateSatelliteAssemblies
       C:\Program Files\dotnet\sdk\10.0.201\Sdks\Microsoft.NET.Sdk\targets\Microsoft.NET.Sdk.targets(1131,5): message :     ”)
       C:\Program Files\dotnet\sdk\10.0.201\Sdks\Microsoft.SourceLink.GitLab\build\Microsoft.SourceLink.GitLab.targets(12,5): message : 在 C:\Program Files\dotnet\sdk\10.0.201\Sdks\Microsoft.SourceLink.GitLab\build\Microsoft.SourceLink.GitLab.targets (12,5) 处重新分配属性: $(SourceLinkUrlInitializerTargets)=“;_InitializeGitHubSourceLinkUrl;_InitializeGitLabSourceLinkUrl”(先前值:“;_InitializeGitHubSourceLinkUrl”)
       C:\Program Files\dotnet\sdk\10.0.201\Sdks\Microsoft.SourceLink.GitLab\build\Microsoft.SourceLink.GitLab.targets(13,5): message : 在 C:\Program Files\dotnet\sdk\10.0.201\Sdks\Microsoft.SourceLink.GitLab\build\Microsoft.SourceLink.GitLab.targets (13,5) 处重新分配属性: $(SourceControlManagerUrlTranslationTargets)=“;TranslateGitHubUrlsInSourceControlInformation;TranslateGitLabUrlsInSourceControlInformation”(先前值:“;TranslateGitHubUrlsInSourceControlInformation”)
       C:\Program Files\dotnet\sdk\10.0.201\Sdks\Microsoft.SourceLink.AzureRepos.Git\build\Microsoft.SourceLink.AzureRepos.Git.targets(12,5): message : 在 C:\Program Files\dotnet\sdk\10.0.201\Sdks\Microsoft.SourceLink.AzureRepos.Git\build\Microsoft.SourceLink.AzureRepos.Git.targets (12,5) 处重新分配属性: $(SourceLinkUrlInitializerTargets)=“;_InitializeGitHubSourceLinkUrl;_InitializeGitLabSourceLinkUrl;_InitializeAzureReposGitSourceLinkUrl”(先前值:“;_InitializeGitHubSourceLinkUrl;_InitializeGitLabSourceLinkUrl”)
       C:\Program Files\dotnet\sdk\10.0.201\Sdks\Microsoft.SourceLink.AzureRepos.Git\build\Microsoft.SourceLink.AzureRepos.Git.targets(13,5): message : 在 C:\Program Files\dotnet\sdk\10.0.201\Sdks\Microsoft.SourceLink.AzureRepos.Git\build\Microsoft.SourceLink.AzureRepos.Git.targets (13,5) 处重新分配属性: $(SourceControlManagerUrlTranslationTargets)=“;TranslateGitHubUrlsInSourceControlInformation;TranslateGitLabUrlsInSourceControlInformation;TranslateAzureReposGitUrlsInSourceControlInformation”(先前值:“;TranslateGitHubUrlsInSourceControlInformation;TranslateGitLabUrlsInSourceControlInformation”)
       C:\Program Files\dotnet\sdk\10.0.201\Sdks\Microsoft.SourceLink.Bitbucket.Git\build\Microsoft.SourceLink.Bitbucket.Git.targets(12,5): message : 在 C:\Program Files\dotnet\sdk\10.0.201\Sdks\Microsoft.SourceLink.Bitbucket.Git\build\Microsoft.SourceLink.Bitbucket.Git.targets (12,5) 处重新分配属性: $(SourceLinkUrlInitializerTargets)=“;_InitializeGitHubSourceLinkUrl;_InitializeGitLabSourceLinkUrl;_InitializeAzureReposGitSourceLinkUrl;_InitializeBitbucketGitSourceLinkUrl”(先前值:“;_InitializeGitHubSourceLinkUrl;_InitializeGitLabSourceLinkUrl;_InitializeAzureReposGitSourceLinkUrl”)
       C:\Program Files\dotnet\sdk\10.0.201\Sdks\Microsoft.SourceLink.Bitbucket.Git\build\Microsoft.SourceLink.Bitbucket.Git.targets(13,5): message : 在 C:\Program Files\dotnet\sdk\10.0.201\Sdks\Microsoft.SourceLink.Bitbucket.Git\build\Microsoft.SourceLink.Bitbucket.Git.targets (13,5) 处重新分配属性: $(SourceControlManagerUrlTranslationTargets)=“;TranslateGitHubUrlsInSourceControlInformation;TranslateGitLabUrlsInSourceControlInformation;TranslateAzureReposGitUrlsInSourceControlInformation;TranslateBitbucketGitUrlsInSourceControlInformation”(先前值:“;TranslateGitHubUrlsInSourceControlInformation;TranslateGitLabUrlsInSourceControlInformation;TranslateAzureReposGitUrlsInSourceControlInformation”)
       C:\Program Files\dotnet\sdk\10.0.201\Sdks\Microsoft.NET.Sdk\targets\Microsoft.NET.DesignerSupport.targets(21,5): message : 在 C:\Program Files\dotnet\sdk\10.0.201\Sdks\Microsoft.NET.Sdk\targets\Microsoft.NET.DesignerSupport.targets (21,5) 处重新分配属性: $(DesignerRuntimeImplementationProjectOutputGroupDependsOn)=“
       C:\Program Files\dotnet\sdk\10.0.201\Sdks\Microsoft.NET.Sdk\targets\Microsoft.NET.DesignerSupport.targets(21,5): message :       
       C:\Program Files\dotnet\sdk\10.0.201\Sdks\Microsoft.NET.Sdk\targets\Microsoft.NET.DesignerSupport.targets(21,5): message :       ;
       C:\Program Files\dotnet\sdk\10.0.201\Sdks\Microsoft.NET.Sdk\targets\Microsoft.NET.DesignerSupport.targets(21,5): message :       
       C:\Program Files\dotnet\sdk\10.0.201\Sdks\Microsoft.NET.Sdk\targets\Microsoft.NET.DesignerSupport.targets(21,5): message :       ;
       C:\Program Files\dotnet\sdk\10.0.201\Sdks\Microsoft.NET.Sdk\targets\Microsoft.NET.DesignerSupport.targets(21,5): message :       BuildOnlySettings;
       C:\Program Files\dotnet\sdk\10.0.201\Sdks\Microsoft.NET.Sdk\targets\Microsoft.NET.DesignerSupport.targets(21,5): message :       PrepareForBuild;
       C:\Program Files\dotnet\sdk\10.0.201\Sdks\Microsoft.NET.Sdk\targets\Microsoft.NET.DesignerSupport.targets(21,5): message :       AssignTargetPaths;
       C:\Program Files\dotnet\sdk\10.0.201\Sdks\Microsoft.NET.Sdk\targets\Microsoft.NET.DesignerSupport.targets(21,5): message :       ResolveReferences
       C:\Program Files\dotnet\sdk\10.0.201\Sdks\Microsoft.NET.Sdk\targets\Microsoft.NET.DesignerSupport.targets(21,5): message :     
       C:\Program Files\dotnet\sdk\10.0.201\Sdks\Microsoft.NET.Sdk\targets\Microsoft.NET.DesignerSupport.targets(21,5): message :     ;
       C:\Program Files\dotnet\sdk\10.0.201\Sdks\Microsoft.NET.Sdk\targets\Microsoft.NET.DesignerSupport.targets(21,5): message :       _GenerateDesignerDepsFile;
       C:\Program Files\dotnet\sdk\10.0.201\Sdks\Microsoft.NET.Sdk\targets\Microsoft.NET.DesignerSupport.targets(21,5): message :       _GenerateDesignerRuntimeConfigFile;
       C:\Program Files\dotnet\sdk\10.0.201\Sdks\Microsoft.NET.Sdk\targets\Microsoft.NET.DesignerSupport.targets(21,5): message :       GetCopyToOutputDirectoryItems;
       C:\Program Files\dotnet\sdk\10.0.201\Sdks\Microsoft.NET.Sdk\targets\Microsoft.NET.DesignerSupport.targets(21,5): message :       _GatherDesignerShadowCopyFiles;
       C:\Program Files\dotnet\sdk\10.0.201\Sdks\Microsoft.NET.Sdk\targets\Microsoft.NET.DesignerSupport.targets(21,5): message :     ”(先前值:“
       C:\Program Files\dotnet\sdk\10.0.201\Sdks\Microsoft.NET.Sdk\targets\Microsoft.NET.DesignerSupport.targets(21,5): message :       ;
       C:\Program Files\dotnet\sdk\10.0.201\Sdks\Microsoft.NET.Sdk\targets\Microsoft.NET.DesignerSupport.targets(21,5): message :       
       C:\Program Files\dotnet\sdk\10.0.201\Sdks\Microsoft.NET.Sdk\targets\Microsoft.NET.DesignerSupport.targets(21,5): message :       ;
       C:\Program Files\dotnet\sdk\10.0.201\Sdks\Microsoft.NET.Sdk\targets\Microsoft.NET.DesignerSupport.targets(21,5): message :       BuildOnlySettings;
       C:\Program Files\dotnet\sdk\10.0.201\Sdks\Microsoft.NET.Sdk\targets\Microsoft.NET.DesignerSupport.targets(21,5): message :       PrepareForBuild;
       C:\Program Files\dotnet\sdk\10.0.201\Sdks\Microsoft.NET.Sdk\targets\Microsoft.NET.DesignerSupport.targets(21,5): message :       AssignTargetPaths;
       C:\Program Files\dotnet\sdk\10.0.201\Sdks\Microsoft.NET.Sdk\targets\Microsoft.NET.DesignerSupport.targets(21,5): message :       ResolveReferences
       C:\Program Files\dotnet\sdk\10.0.201\Sdks\Microsoft.NET.Sdk\targets\Microsoft.NET.DesignerSupport.targets(21,5): message :     
       C:\Program Files\dotnet\sdk\10.0.201\Sdks\Microsoft.NET.Sdk\targets\Microsoft.NET.DesignerSupport.targets(21,5): message :     ”)
       C:\Program Files\dotnet\sdk\10.0.201\Sdks\Microsoft.NET.Sdk\targets\Microsoft.NET.Sdk.CSharp.targets(31,5): message : 在 C:\Program Files\dotnet\sdk\10.0.201\Sdks\Microsoft.NET.Sdk\targets\Microsoft.NET.Sdk.CSharp.targets (31,5) 处重新分配属性: $(DefineConstants)=“TRACE;RELEASE”(先前值:“TRACE”)
       C:\Program Files\dotnet\sdk\10.0.201\Sdks\Microsoft.NET.Sdk\targets\Microsoft.NET.Sdk.CSharp.targets(45,5): message : 在 C:\Program Files\dotnet\sdk\10.0.201\Sdks\Microsoft.NET.Sdk\targets\Microsoft.NET.Sdk.CSharp.targets (45,5) 处重新分配属性: $(WarningsAsErrors)=“;NU1605;SYSLIB0011”(先前值:“;NU1605”)
       C:\Program Files\dotnet\sdk\10.0.201\Sdks\Microsoft.NET.Sdk\targets\Microsoft.NET.Windows.targets(49,5): message : 在 C:\Program Files\dotnet\sdk\10.0.201\Sdks\Microsoft.NET.Sdk\targets\Microsoft.NET.Windows.targets (49,5) 处重新分配属性: $(TargetPlatformVersion)=“7.0”(先前值:“”)
       C:\Program Files\dotnet\sdk\10.0.201\Sdks\Microsoft.NET.Sdk\targets\Microsoft.NET.Windows.targets(50,5): message : 在 C:\Program Files\dotnet\sdk\10.0.201\Sdks\Microsoft.NET.Sdk\targets\Microsoft.NET.Windows.targets (50,5) 处重新分配属性: $(EffectiveTargetPlatformVersion)=“7.0”(先前值:“”)
       C:\Program Files\dotnet\sdk\10.0.201\Sdks\Microsoft.NET.Sdk\targets\Microsoft.NET.Windows.targets(60,5): message : 在 C:\Program Files\dotnet\sdk\10.0.201\Sdks\Microsoft.NET.Sdk\targets\Microsoft.NET.Windows.targets (60,5) 处重新分配属性: $(SupportedOSPlatformVersion)=“7.0”(先前值:“”)
       C:\Program Files\dotnet\sdk\10.0.201\Sdks\Microsoft.NET.Sdk\targets\Microsoft.NET.Windows.targets(61,5): message : 在 C:\Program Files\dotnet\sdk\10.0.201\Sdks\Microsoft.NET.Sdk\targets\Microsoft.NET.Windows.targets (61,5) 处重新分配属性: $(TargetPlatformMinVersion)=“7.0”(先前值:“”)
       C:\Program Files\dotnet\sdk\10.0.201\Sdks\Microsoft.NET.Sdk\targets\Microsoft.NET.Windows.targets(239,5): message : 在 C:\Program Files\dotnet\sdk\10.0.201\Sdks\Microsoft.NET.Sdk\targets\Microsoft.NET.Windows.targets (239,5) 处重新分配属性: $(_RunCsWinRTGeneratorPropertyInputsCachePath)=“f:\kaifa\OMI\tools\OMIManager\obj\Release\net10.0-windows\OMIManager.cswinrtgen.cache”(先前值:“obj\Release\net10.0-windows\OMIManager.cswinrtgen.cache”)
       C:\Program Files\dotnet\sdk\10.0.201\Sdks\Microsoft.NET.Sdk\targets\Microsoft.NET.Sdk.targets(1497,5): message : 在 C:\Program Files\dotnet\sdk\10.0.201\Sdks\Microsoft.NET.Sdk\targets\Microsoft.NET.Sdk.targets (1497,5) 处重新分配属性: $(TargetPlatformDisplayName)=“Windows 7.0”(先前值:“Windows ”)
       C:\Program Files\dotnet\sdk\10.0.201\Sdks\Microsoft.NET.Sdk.WindowsDesktop\targets\Microsoft.NET.Sdk.WindowsDesktop.targets(51,5): message : 在 C:\Program Files\dotnet\sdk\10.0.201\Sdks\Microsoft.NET.Sdk.WindowsDesktop\targets\Microsoft.NET.Sdk.WindowsDesktop.targets (51,5) 处重新分配属性: $(_TargetFrameworkVersionValue)=“10.0”(先前值:“0.0”)
       C:\Program Files\dotnet\sdk\10.0.201\Sdks\Microsoft.NET.Sdk.WindowsDesktop\targets\Microsoft.WinFX.targets(61,7): message : 在 C:\Program Files\dotnet\sdk\10.0.201\Sdks\Microsoft.NET.Sdk.WindowsDesktop\targets\Microsoft.WinFX.targets (61,7) 处重新分配属性: $(PrepareResourceNamesDependsOn)=“
       C:\Program Files\dotnet\sdk\10.0.201\Sdks\Microsoft.NET.Sdk.WindowsDesktop\targets\Microsoft.WinFX.targets(61,7): message :                     AssignWinFXEmbeddedResource;
       C:\Program Files\dotnet\sdk\10.0.201\Sdks\Microsoft.NET.Sdk.WindowsDesktop\targets\Microsoft.WinFX.targets(61,7): message :                     
       C:\Program Files\dotnet\sdk\10.0.201\Sdks\Microsoft.NET.Sdk.WindowsDesktop\targets\Microsoft.WinFX.targets(61,7): message :       AssignTargetPaths;
       C:\Program Files\dotnet\sdk\10.0.201\Sdks\Microsoft.NET.Sdk.WindowsDesktop\targets\Microsoft.WinFX.targets(61,7): message :       SplitResourcesByCulture;
       C:\Program Files\dotnet\sdk\10.0.201\Sdks\Microsoft.NET.Sdk.WindowsDesktop\targets\Microsoft.WinFX.targets(61,7): message :       CreateManifestResourceNames;
       C:\Program Files\dotnet\sdk\10.0.201\Sdks\Microsoft.NET.Sdk.WindowsDesktop\targets\Microsoft.WinFX.targets(61,7): message :       CreateCustomManifestResourceNames
       C:\Program Files\dotnet\sdk\10.0.201\Sdks\Microsoft.NET.Sdk.WindowsDesktop\targets\Microsoft.WinFX.targets(61,7): message :     
       C:\Program Files\dotnet\sdk\10.0.201\Sdks\Microsoft.NET.Sdk.WindowsDesktop\targets\Microsoft.WinFX.targets(61,7): message :       ”(先前值:“
       C:\Program Files\dotnet\sdk\10.0.201\Sdks\Microsoft.NET.Sdk.WindowsDesktop\targets\Microsoft.WinFX.targets(61,7): message :       AssignTargetPaths;
       C:\Program Files\dotnet\sdk\10.0.201\Sdks\Microsoft.NET.Sdk.WindowsDesktop\targets\Microsoft.WinFX.targets(61,7): message :       SplitResourcesByCulture;
       C:\Program Files\dotnet\sdk\10.0.201\Sdks\Microsoft.NET.Sdk.WindowsDesktop\targets\Microsoft.WinFX.targets(61,7): message :       CreateManifestResourceNames;
       C:\Program Files\dotnet\sdk\10.0.201\Sdks\Microsoft.NET.Sdk.WindowsDesktop\targets\Microsoft.WinFX.targets(61,7): message :       CreateCustomManifestResourceNames
       C:\Program Files\dotnet\sdk\10.0.201\Sdks\Microsoft.NET.Sdk.WindowsDesktop\targets\Microsoft.WinFX.targets(61,7): message :     ”)
       C:\Program Files\dotnet\sdk\10.0.201\Sdks\Microsoft.NET.Sdk.WindowsDesktop\targets\Microsoft.WinFX.targets(69,7): message : 在 C:\Program Files\dotnet\sdk\10.0.201\Sdks\Microsoft.NET.Sdk.WindowsDesktop\targets\Microsoft.WinFX.targets (69,7) 处重新分配属性: $(PrepareResourcesDependsOn)=“
       C:\Program Files\dotnet\sdk\10.0.201\Sdks\Microsoft.NET.Sdk.WindowsDesktop\targets\Microsoft.WinFX.targets(69,7): message :                 MarkupCompilePass1;
       C:\Program Files\dotnet\sdk\10.0.201\Sdks\Microsoft.NET.Sdk.WindowsDesktop\targets\Microsoft.WinFX.targets(69,7): message :                 AfterMarkupCompilePass1;
       C:\Program Files\dotnet\sdk\10.0.201\Sdks\Microsoft.NET.Sdk.WindowsDesktop\targets\Microsoft.WinFX.targets(69,7): message :                 MarkupCompilePass2ForMainAssembly;
       C:\Program Files\dotnet\sdk\10.0.201\Sdks\Microsoft.NET.Sdk.WindowsDesktop\targets\Microsoft.WinFX.targets(69,7): message :                 FileClassification;
       C:\Program Files\dotnet\sdk\10.0.201\Sdks\Microsoft.NET.Sdk.WindowsDesktop\targets\Microsoft.WinFX.targets(69,7): message :                 MainResourcesGeneration;
       C:\Program Files\dotnet\sdk\10.0.201\Sdks\Microsoft.NET.Sdk.WindowsDesktop\targets\Microsoft.WinFX.targets(69,7): message :                 
       C:\Program Files\dotnet\sdk\10.0.201\Sdks\Microsoft.NET.Sdk.WindowsDesktop\targets\Microsoft.WinFX.targets(69,7): message :       ResolvePackageDependenciesForBuild;
       C:\Program Files\dotnet\sdk\10.0.201\Sdks\Microsoft.NET.Sdk.WindowsDesktop\targets\Microsoft.WinFX.targets(69,7): message :       _HandlePackageFileConflicts;
       C:\Program Files\dotnet\sdk\10.0.201\Sdks\Microsoft.NET.Sdk.WindowsDesktop\targets\Microsoft.WinFX.targets(69,7): message :       
       C:\Program Files\dotnet\sdk\10.0.201\Sdks\Microsoft.NET.Sdk.WindowsDesktop\targets\Microsoft.WinFX.targets(69,7): message :       ;
       C:\Program Files\dotnet\sdk\10.0.201\Sdks\Microsoft.NET.Sdk.WindowsDesktop\targets\Microsoft.WinFX.targets(69,7): message :       PrepareResourceNames;
       C:\Program Files\dotnet\sdk\10.0.201\Sdks\Microsoft.NET.Sdk.WindowsDesktop\targets\Microsoft.WinFX.targets(69,7): message :       ResGen;
       C:\Program Files\dotnet\sdk\10.0.201\Sdks\Microsoft.NET.Sdk.WindowsDesktop\targets\Microsoft.WinFX.targets(69,7): message :       CompileLicxFiles
       C:\Program Files\dotnet\sdk\10.0.201\Sdks\Microsoft.NET.Sdk.WindowsDesktop\targets\Microsoft.WinFX.targets(69,7): message :     
       C:\Program Files\dotnet\sdk\10.0.201\Sdks\Microsoft.NET.Sdk.WindowsDesktop\targets\Microsoft.WinFX.targets(69,7): message :     
       C:\Program Files\dotnet\sdk\10.0.201\Sdks\Microsoft.NET.Sdk.WindowsDesktop\targets\Microsoft.WinFX.targets(69,7): message :       ”(先前值:“
       C:\Program Files\dotnet\sdk\10.0.201\Sdks\Microsoft.NET.Sdk.WindowsDesktop\targets\Microsoft.WinFX.targets(69,7): message :       ResolvePackageDependenciesForBuild;
       C:\Program Files\dotnet\sdk\10.0.201\Sdks\Microsoft.NET.Sdk.WindowsDesktop\targets\Microsoft.WinFX.targets(69,7): message :       _HandlePackageFileConflicts;
       C:\Program Files\dotnet\sdk\10.0.201\Sdks\Microsoft.NET.Sdk.WindowsDesktop\targets\Microsoft.WinFX.targets(69,7): message :       
       C:\Program Files\dotnet\sdk\10.0.201\Sdks\Microsoft.NET.Sdk.WindowsDesktop\targets\Microsoft.WinFX.targets(69,7): message :       ;
       C:\Program Files\dotnet\sdk\10.0.201\Sdks\Microsoft.NET.Sdk.WindowsDesktop\targets\Microsoft.WinFX.targets(69,7): message :       PrepareResourceNames;
       C:\Program Files\dotnet\sdk\10.0.201\Sdks\Microsoft.NET.Sdk.WindowsDesktop\targets\Microsoft.WinFX.targets(69,7): message :       ResGen;
       C:\Program Files\dotnet\sdk\10.0.201\Sdks\Microsoft.NET.Sdk.WindowsDesktop\targets\Microsoft.WinFX.targets(69,7): message :       CompileLicxFiles
       C:\Program Files\dotnet\sdk\10.0.201\Sdks\Microsoft.NET.Sdk.WindowsDesktop\targets\Microsoft.WinFX.targets(69,7): message :     
       C:\Program Files\dotnet\sdk\10.0.201\Sdks\Microsoft.NET.Sdk.WindowsDesktop\targets\Microsoft.WinFX.targets(69,7): message :     ”)
       C:\Program Files\dotnet\sdk\10.0.201\Sdks\Microsoft.NET.Sdk.WindowsDesktop\targets\Microsoft.WinFX.targets(136,5): message : 在 C:\Program Files\dotnet\sdk\10.0.201\Sdks\Microsoft.NET.Sdk.WindowsDesktop\targets\Microsoft.WinFX.targets (136,5) 处重新分配属性: $(CompileDependsOn)=“
       C:\Program Files\dotnet\sdk\10.0.201\Sdks\Microsoft.NET.Sdk.WindowsDesktop\targets\Microsoft.WinFX.targets(136,5): message :         
       C:\Program Files\dotnet\sdk\10.0.201\Sdks\Microsoft.NET.Sdk.WindowsDesktop\targets\Microsoft.WinFX.targets(136,5): message :       
       C:\Program Files\dotnet\sdk\10.0.201\Sdks\Microsoft.NET.Sdk.WindowsDesktop\targets\Microsoft.WinFX.targets(136,5): message :       ResolveReferences;
       C:\Program Files\dotnet\sdk\10.0.201\Sdks\Microsoft.NET.Sdk.WindowsDesktop\targets\Microsoft.WinFX.targets(136,5): message :       ResolveKeySource;
       C:\Program Files\dotnet\sdk\10.0.201\Sdks\Microsoft.NET.Sdk.WindowsDesktop\targets\Microsoft.WinFX.targets(136,5): message :       SetWin32ManifestProperties;
       C:\Program Files\dotnet\sdk\10.0.201\Sdks\Microsoft.NET.Sdk.WindowsDesktop\targets\Microsoft.WinFX.targets(136,5): message :       _SetPreferNativeArm64Win32ManifestProperties;
       C:\Program Files\dotnet\sdk\10.0.201\Sdks\Microsoft.NET.Sdk.WindowsDesktop\targets\Microsoft.WinFX.targets(136,5): message :       FindReferenceAssembliesForReferences;
       C:\Program Files\dotnet\sdk\10.0.201\Sdks\Microsoft.NET.Sdk.WindowsDesktop\targets\Microsoft.WinFX.targets(136,5): message :       _GenerateCompileInputs;
       C:\Program Files\dotnet\sdk\10.0.201\Sdks\Microsoft.NET.Sdk.WindowsDesktop\targets\Microsoft.WinFX.targets(136,5): message :       BeforeCompile;
       C:\Program Files\dotnet\sdk\10.0.201\Sdks\Microsoft.NET.Sdk.WindowsDesktop\targets\Microsoft.WinFX.targets(136,5): message :       _TimeStampBeforeCompile;
       C:\Program Files\dotnet\sdk\10.0.201\Sdks\Microsoft.NET.Sdk.WindowsDesktop\targets\Microsoft.WinFX.targets(136,5): message :       _GenerateCompileDependencyCache;
       C:\Program Files\dotnet\sdk\10.0.201\Sdks\Microsoft.NET.Sdk.WindowsDesktop\targets\Microsoft.WinFX.targets(136,5): message :       CoreCompile;
       C:\Program Files\dotnet\sdk\10.0.201\Sdks\Microsoft.NET.Sdk.WindowsDesktop\targets\Microsoft.WinFX.targets(136,5): message :       _TimeStampAfterCompile;
       C:\Program Files\dotnet\sdk\10.0.201\Sdks\Microsoft.NET.Sdk.WindowsDesktop\targets\Microsoft.WinFX.targets(136,5): message :       AfterCompile;
       C:\Program Files\dotnet\sdk\10.0.201\Sdks\Microsoft.NET.Sdk.WindowsDesktop\targets\Microsoft.WinFX.targets(136,5): message :     ;
       C:\Program Files\dotnet\sdk\10.0.201\Sdks\Microsoft.NET.Sdk.WindowsDesktop\targets\Microsoft.WinFX.targets(136,5): message :       _CreateAppHost;
       C:\Program Files\dotnet\sdk\10.0.201\Sdks\Microsoft.NET.Sdk.WindowsDesktop\targets\Microsoft.WinFX.targets(136,5): message :       _CreateComHost;
       C:\Program Files\dotnet\sdk\10.0.201\Sdks\Microsoft.NET.Sdk.WindowsDesktop\targets\Microsoft.WinFX.targets(136,5): message :       _GetIjwHostPaths;
       C:\Program Files\dotnet\sdk\10.0.201\Sdks\Microsoft.NET.Sdk.WindowsDesktop\targets\Microsoft.WinFX.targets(136,5): message :     ;
       C:\Program Files\dotnet\sdk\10.0.201\Sdks\Microsoft.NET.Sdk.WindowsDesktop\targets\Microsoft.WinFX.targets(136,5): message :         _AfterCompileWinFXInternal
       C:\Program Files\dotnet\sdk\10.0.201\Sdks\Microsoft.NET.Sdk.WindowsDesktop\targets\Microsoft.WinFX.targets(136,5): message :     ”(先前值:“
       C:\Program Files\dotnet\sdk\10.0.201\Sdks\Microsoft.NET.Sdk.WindowsDesktop\targets\Microsoft.WinFX.targets(136,5): message :       
       C:\Program Files\dotnet\sdk\10.0.201\Sdks\Microsoft.NET.Sdk.WindowsDesktop\targets\Microsoft.WinFX.targets(136,5): message :       ResolveReferences;
       C:\Program Files\dotnet\sdk\10.0.201\Sdks\Microsoft.NET.Sdk.WindowsDesktop\targets\Microsoft.WinFX.targets(136,5): message :       ResolveKeySource;
       C:\Program Files\dotnet\sdk\10.0.201\Sdks\Microsoft.NET.Sdk.WindowsDesktop\targets\Microsoft.WinFX.targets(136,5): message :       SetWin32ManifestProperties;
       C:\Program Files\dotnet\sdk\10.0.201\Sdks\Microsoft.NET.Sdk.WindowsDesktop\targets\Microsoft.WinFX.targets(136,5): message :       _SetPreferNativeArm64Win32ManifestProperties;
       C:\Program Files\dotnet\sdk\10.0.201\Sdks\Microsoft.NET.Sdk.WindowsDesktop\targets\Microsoft.WinFX.targets(136,5): message :       FindReferenceAssembliesForReferences;
       C:\Program Files\dotnet\sdk\10.0.201\Sdks\Microsoft.NET.Sdk.WindowsDesktop\targets\Microsoft.WinFX.targets(136,5): message :       _GenerateCompileInputs;
       C:\Program Files\dotnet\sdk\10.0.201\Sdks\Microsoft.NET.Sdk.WindowsDesktop\targets\Microsoft.WinFX.targets(136,5): message :       BeforeCompile;
       C:\Program Files\dotnet\sdk\10.0.201\Sdks\Microsoft.NET.Sdk.WindowsDesktop\targets\Microsoft.WinFX.targets(136,5): message :       _TimeStampBeforeCompile;
       C:\Program Files\dotnet\sdk\10.0.201\Sdks\Microsoft.NET.Sdk.WindowsDesktop\targets\Microsoft.WinFX.targets(136,5): message :       _GenerateCompileDependencyCache;
       C:\Program Files\dotnet\sdk\10.0.201\Sdks\Microsoft.NET.Sdk.WindowsDesktop\targets\Microsoft.WinFX.targets(136,5): message :       CoreCompile;
       C:\Program Files\dotnet\sdk\10.0.201\Sdks\Microsoft.NET.Sdk.WindowsDesktop\targets\Microsoft.WinFX.targets(136,5): message :       _TimeStampAfterCompile;
       C:\Program Files\dotnet\sdk\10.0.201\Sdks\Microsoft.NET.Sdk.WindowsDesktop\targets\Microsoft.WinFX.targets(136,5): message :       AfterCompile;
       C:\Program Files\dotnet\sdk\10.0.201\Sdks\Microsoft.NET.Sdk.WindowsDesktop\targets\Microsoft.WinFX.targets(136,5): message :     ;
       C:\Program Files\dotnet\sdk\10.0.201\Sdks\Microsoft.NET.Sdk.WindowsDesktop\targets\Microsoft.WinFX.targets(136,5): message :       _CreateAppHost;
       C:\Program Files\dotnet\sdk\10.0.201\Sdks\Microsoft.NET.Sdk.WindowsDesktop\targets\Microsoft.WinFX.targets(136,5): message :       _CreateComHost;
       C:\Program Files\dotnet\sdk\10.0.201\Sdks\Microsoft.NET.Sdk.WindowsDesktop\targets\Microsoft.WinFX.targets(136,5): message :       _GetIjwHostPaths;
       C:\Program Files\dotnet\sdk\10.0.201\Sdks\Microsoft.NET.Sdk.WindowsDesktop\targets\Microsoft.WinFX.targets(136,5): message :     ”)
       C:\Program Files\dotnet\sdk\10.0.201\Sdks\Microsoft.NET.Sdk.WindowsDesktop\targets\Microsoft.WinFX.targets(803,9): message : 在 C:\Program Files\dotnet\sdk\10.0.201\Sdks\Microsoft.NET.Sdk.WindowsDesktop\targets\Microsoft.WinFX.targets (803,9) 处重新分配属性: $(PublishBuildDependsOn)=“
       C:\Program Files\dotnet\sdk\10.0.201\Sdks\Microsoft.NET.Sdk.WindowsDesktop\targets\Microsoft.WinFX.targets(803,9): message :             BuildOnlySettings;
       C:\Program Files\dotnet\sdk\10.0.201\Sdks\Microsoft.NET.Sdk.WindowsDesktop\targets\Microsoft.WinFX.targets(803,9): message :             PrepareForBuild;
       C:\Program Files\dotnet\sdk\10.0.201\Sdks\Microsoft.NET.Sdk.WindowsDesktop\targets\Microsoft.WinFX.targets(803,9): message :             ResolveReferences;
       C:\Program Files\dotnet\sdk\10.0.201\Sdks\Microsoft.NET.Sdk.WindowsDesktop\targets\Microsoft.WinFX.targets(803,9): message :             PrepareResources;
       C:\Program Files\dotnet\sdk\10.0.201\Sdks\Microsoft.NET.Sdk.WindowsDesktop\targets\Microsoft.WinFX.targets(803,9): message :             ResolveKeySource;
       C:\Program Files\dotnet\sdk\10.0.201\Sdks\Microsoft.NET.Sdk.WindowsDesktop\targets\Microsoft.WinFX.targets(803,9): message :             PrepareResourcesForSatelliteAssemblies;
       C:\Program Files\dotnet\sdk\10.0.201\Sdks\Microsoft.NET.Sdk.WindowsDesktop\targets\Microsoft.WinFX.targets(803,9): message :             GenerateSerializationAssemblies;
       C:\Program Files\dotnet\sdk\10.0.201\Sdks\Microsoft.NET.Sdk.WindowsDesktop\targets\Microsoft.WinFX.targets(803,9): message :             CreateSatelliteAssemblies;
       C:\Program Files\dotnet\sdk\10.0.201\Sdks\Microsoft.NET.Sdk.WindowsDesktop\targets\Microsoft.WinFX.targets(803,9): message :         ”(先前值:“
       C:\Program Files\dotnet\sdk\10.0.201\Sdks\Microsoft.NET.Sdk.WindowsDesktop\targets\Microsoft.WinFX.targets(803,9): message :       BuildOnlySettings;
       C:\Program Files\dotnet\sdk\10.0.201\Sdks\Microsoft.NET.Sdk.WindowsDesktop\targets\Microsoft.WinFX.targets(803,9): message :       PrepareForBuild;
       C:\Program Files\dotnet\sdk\10.0.201\Sdks\Microsoft.NET.Sdk.WindowsDesktop\targets\Microsoft.WinFX.targets(803,9): message :       ResolveReferences;
       C:\Program Files\dotnet\sdk\10.0.201\Sdks\Microsoft.NET.Sdk.WindowsDesktop\targets\Microsoft.WinFX.targets(803,9): message :       PrepareResources;
       C:\Program Files\dotnet\sdk\10.0.201\Sdks\Microsoft.NET.Sdk.WindowsDesktop\targets\Microsoft.WinFX.targets(803,9): message :       ResolveKeySource;
       C:\Program Files\dotnet\sdk\10.0.201\Sdks\Microsoft.NET.Sdk.WindowsDesktop\targets\Microsoft.WinFX.targets(803,9): message :       GenerateSerializationAssemblies;
       C:\Program Files\dotnet\sdk\10.0.201\Sdks\Microsoft.NET.Sdk.WindowsDesktop\targets\Microsoft.WinFX.targets(803,9): message :       CreateSatelliteAssemblies;
       C:\Program Files\dotnet\sdk\10.0.201\Sdks\Microsoft.NET.Sdk.WindowsDesktop\targets\Microsoft.WinFX.targets(803,9): message :     ”)
       C:\Program Files\dotnet\sdk\10.0.201\NuGet.Build.Tasks.Pack.targets(34,5): message : 在 C:\Program Files\dotnet\sdk\10.0.201\NuGet.Build.Tasks.Pack.targets (34,5) 处重新分配属性: $(PackageDescription)=“Package Description”(先前值:“”)
       C:\Program Files\dotnet\sdk\10.0.201\NuGet.Build.Tasks.Pack.targets(59,5): message : 在 C:\Program Files\dotnet\sdk\10.0.201\NuGet.Build.Tasks.Pack.targets (59,5) 处重新分配属性: $(GenerateNuspecDependsOn)=“Build;_LoadPackInputItems; _GetTargetFrameworksOutput; _WalkEachTargetPerFramework; _GetPackageFiles; ”(先前值:“_LoadPackInputItems; _GetTargetFrameworksOutput; _WalkEachTargetPerFramework; _GetPackageFiles; ”)
       C:\Program Files\dotnet\sdk\10.0.201\Sdks\Microsoft.NET.Sdk\Sdk\Sdk.targets(59,5): message : 在 C:\Program Files\dotnet\sdk\10.0.201\Sdks\Microsoft.NET.Sdk\Sdk\Sdk.targets (59,5) 处重新分配属性: $(_IsNotSetContainersTargetsDir)=“true”(先前值:“false”)
       C:\Program Files\dotnet\sdk\10.0.201\Containers\build\Microsoft.NET.Build.Containers.targets(5,5): message : 在 C:\Program Files\dotnet\sdk\10.0.201\Containers\build\Microsoft.NET.Build.Containers.targets (5,5) 处重新分配属性: $(_IsSDKContainerAllowedVersion)=“true”(先前值:“false”)
       C:\Program Files\dotnet\sdk\10.0.201\Containers\build\Microsoft.NET.Build.Containers.targets(15,5): message : 在 C:\Program Files\dotnet\sdk\10.0.201\Containers\build\Microsoft.NET.Build.Containers.targets (15,5) 处重新分配属性: $(_ContainerIsTargetingNet8TFM)=“true”(先前值:“false”)
       正在使用项目“C:\Program Files\dotnet\sdk\10.0.201\Sdks\Microsoft.NET.Sdk\targets\Microsoft.NET.Sdk.FrameworkReferenceResolution.targets”中的目标“ResolveFrameworkReferences”重写项目“C:\Program Files\dotnet\sdk\10.0.201\Microsoft.Common.CurrentVersion.targets”中的目标“ResolveFrameworkReferences”。
       正在使用项目“C:\Program Files\dotnet\sdk\10.0.201\Sdks\Microsoft.NET.Sdk\targets\Microsoft.NET.Sdk.targets”中的目标“GenerateSupportedTargetFrameworkAlias”重写项目“C:\Program Files\dotnet\sdk\10.0.201\Microsoft.Common.CurrentVersion.targets”中的目标“GenerateSupportedTargetFrameworkAlias”。
       正在使用项目“C:\Program Files\dotnet\sdk\10.0.201\Sdks\Microsoft.NET.Sdk\targets\Microsoft.NET.DisableStandardFrameworkResolution.targets”中的目标“GetReferenceAssemblyPaths”重写项目“C:\Program Files\dotnet\sdk\10.0.201\Microsoft.Common.CurrentVersion.targets”中的目标“GetReferenceAssemblyPaths”。
       正在使用项目“C:\Program Files\dotnet\sdk\10.0.201\Sdks\Microsoft.NET.Sdk\targets\Microsoft.NET.DisableStandardFrameworkResolution.targets”中的目标“GetFrameworkPaths”重写项目“C:\Program Files\dotnet\sdk\10.0.201\Microsoft.Common.CurrentVersion.targets”中的目标“GetFrameworkPaths”。
       正在使用项目“C:\Program Files\dotnet\sdk\10.0.201\Sdks\Microsoft.NET.Sdk\targets\Microsoft.NET.DesignerSupport.targets”中的目标“DesignerRuntimeImplementationProjectOutputGroup”重写项目“C:\Program Files\dotnet\sdk\10.0.201\Microsoft.Common.CurrentVersion.targets”中的目标“DesignerRuntimeImplementationProjectOutputGroup”。
       正在使用项目“C:\Program Files\dotnet\sdk\10.0.201\Sdks\Microsoft.NET.Sdk\targets\Microsoft.NET.Publish.targets”中的目标“Publish”重写项目“C:\Program Files\dotnet\sdk\10.0.201\Microsoft.Common.CurrentVersion.targets”中的目标“Publish”。
       正在使用项目“C:\Program Files\dotnet\sdk\10.0.201\Sdks\Microsoft.NET.Sdk\targets\Microsoft.NET.Publish.targets”中的目标“ResolveReadyToRunCompilers”重写项目“C:\Program Files\dotnet\sdk\10.0.201\Sdks\Microsoft.NET.Sdk\targets\Microsoft.NET.CrossGen.targets”中的目标“ResolveReadyToRunCompilers”。
       正在使用项目“C:\Program Files\dotnet\sdk\10.0.201\Sdks\Microsoft.NET.Sdk\targets\Microsoft.NET.Publish.targets”中的目标“GetCopyToPublishDirectoryItems”重写项目“C:\Program Files\dotnet\sdk\10.0.201\Microsoft.Common.CurrentVersion.targets”中的目标“GetCopyToPublishDirectoryItems”。
       正在使用项目“C:\Program Files\dotnet\sdk\10.0.201\Sdks\Microsoft.NET.Sdk\targets\Microsoft.NET.Sdk.targets”中的目标“Run”重写项目“C:\Program Files\dotnet\sdk\10.0.201\Microsoft.Common.CurrentVersion.targets”中的目标“Run”。
       正在使用项目“C:\Program Files\dotnet\sdk\10.0.201\Sdks\Microsoft.NET.Sdk.WindowsDesktop\targets\Microsoft.WinFX.targets”中的目标“SatelliteDllsProjectOutputGroup”重写项目“C:\Program Files\dotnet\sdk\10.0.201\Microsoft.Common.CurrentVersion.targets”中的目标“SatelliteDllsProjectOutputGroup”。
     1>项目“f:\kaifa\OMI\tools\OMIManager\OMIManager.csproj”在节点 1 上(Restore 个目标)。
     1>来自项目“f:\kaifa\OMI\tools\OMIManager\OMIManager.csproj”的文件“C:\Program Files\dotnet\sdk\10.0.201\NuGet.targets”中的目标“_LoadRestoreGraphEntryPoints”(目标“_FilterRestoreGraphProjectInputItems”依赖于它):
     1>已完成在项目“OMIManager.csproj”中生成目标“_LoadRestoreGraphEntryPoints”的操作。
     1>来自项目“f:\kaifa\OMI\tools\OMIManager\OMIManager.csproj”的文件“C:\Program Files\dotnet\sdk\10.0.201\NuGet.targets”中的目标“_FilterRestoreGraphProjectInputItems”(目标“_GenerateRestoreGraph”依赖于它):
       正在使用程序集“Microsoft.Build.Tasks.Core, Version=15.1.0.0, Culture=neutral, PublicKeyToken=b03f5f7f11d50a3a”中的“RemoveDuplicates”任务。
       任务“RemoveDuplicates”
       已完成执行任务“RemoveDuplicates”的操作。
       正在使用程序集“Microsoft.Build.Tasks.Core, Version=15.1.0.0, Culture=neutral, PublicKeyToken=b03f5f7f11d50a3a”中的“MSBuild”任务。
       任务“MSBuild”
         全局属性:
           ExcludeRestorePackageImports=true
     0>C:\Program Files\dotnet\sdk\10.0.201\Sdks\Microsoft.NET.Sdk\Sdk\Sdk.props(49,11): message : 值为“C:\Program Files\dotnet\sdk\10.0.201\”的属性“MSBuildExtensionsPath”从环境中展开。
       C:\Program Files\dotnet\sdk\10.0.201\Current\Microsoft.Common.props(60,5): message : 在 C:\Program Files\dotnet\sdk\10.0.201\Current\Microsoft.Common.props (60,5) 处重新分配属性: $(MSBuildProjectExtensionsPath)=“f:\kaifa\OMI\tools\OMIManager\obj\”(先前值:“obj\”)
       C:\Program Files\dotnet\sdk\10.0.201\Current\Microsoft.Common.props(84,119): message : 值为“C:\Users\Administrator\AppData\Local\Microsoft\MSBuild”的属性“MSBuildUserExtensionsPath”从环境中展开。
       “Configuration”属性是全局属性，不能修改。
       “Configuration”属性是全局属性，不能修改。
       C:\Program Files\dotnet\sdk\10.0.201\Sdks\Microsoft.NET.Sdk\targets\Microsoft.NET.Sdk.props(90,5): message : 在 C:\Program Files\dotnet\sdk\10.0.201\Sdks\Microsoft.NET.Sdk\targets\Microsoft.NET.Sdk.props (90,5) 处重新分配属性: $(AssemblySearchPaths)=“{CandidateAssemblyFiles};{HintPathFromItem}”(先前值:“{CandidateAssemblyFiles}”)
       C:\Program Files\dotnet\sdk\10.0.201\Sdks\Microsoft.NET.Sdk\targets\Microsoft.NET.Sdk.props(91,5): message : 在 C:\Program Files\dotnet\sdk\10.0.201\Sdks\Microsoft.NET.Sdk\targets\Microsoft.NET.Sdk.props (91,5) 处重新分配属性: $(AssemblySearchPaths)=“{CandidateAssemblyFiles};{HintPathFromItem};{TargetFrameworkDirectory}”(先前值:“{CandidateAssemblyFiles};{HintPathFromItem}”)
       C:\Program Files\dotnet\sdk\10.0.201\Sdks\Microsoft.NET.Sdk\targets\Microsoft.NET.Sdk.props(92,5): message : 在 C:\Program Files\dotnet\sdk\10.0.201\Sdks\Microsoft.NET.Sdk\targets\Microsoft.NET.Sdk.props (92,5) 处重新分配属性: $(AssemblySearchPaths)=“{CandidateAssemblyFiles};{HintPathFromItem};{TargetFrameworkDirectory};{RawFileName}”(先前值:“{CandidateAssemblyFiles};{HintPathFromItem};{TargetFrameworkDirectory}”)
       f:\kaifa\OMI\tools\OMIManager\OMIManager.csproj(4,5): message : 在 f:\kaifa\OMI\tools\OMIManager\OMIManager.csproj (4,5) 处重新分配属性: $(OutputType)=“WinExe”(先前值:“Library”)
       “Configuration”属性是全局属性，不能修改。
       C:\Program Files\dotnet\sdk\10.0.201\Sdks\Microsoft.NET.Sdk\targets\Microsoft.NET.Sdk.ImportPublishProfile.targets(28,5): message : 在 C:\Program Files\dotnet\sdk\10.0.201\Sdks\Microsoft.NET.Sdk\targets\Microsoft.NET.Sdk.ImportPublishProfile.targets (28,5) 处重新分配属性: $(PublishProfileImported)=“false”(先前值:“true”)
       C:\Program Files\dotnet\sdk\10.0.201\Sdks\Microsoft.NET.Sdk\targets\Microsoft.NET.TargetFrameworkInference.targets(80,5): message : 在 C:\Program Files\dotnet\sdk\10.0.201\Sdks\Microsoft.NET.Sdk\targets\Microsoft.NET.TargetFrameworkInference.targets (80,5) 处重新分配属性: $(TargetPlatformVersion)=“0.0”(先前值:“0.0.0.0”)
       C:\Program Files\dotnet\sdk\10.0.201\Sdks\Microsoft.NET.Sdk\targets\Microsoft.NET.TargetFrameworkInference.targets(81,5): message : 在 C:\Program Files\dotnet\sdk\10.0.201\Sdks\Microsoft.NET.Sdk\targets\Microsoft.NET.TargetFrameworkInference.targets (81,5) 处重新分配属性: $(TargetPlatformVersion)=“”(先前值:“0.0”)
       C:\Program Files\dotnet\sdk\10.0.201\Sdks\Microsoft.NET.Sdk\targets\Microsoft.NET.TargetFrameworkInference.targets(84,5): message : 在 C:\Program Files\dotnet\sdk\10.0.201\Sdks\Microsoft.NET.Sdk\targets\Microsoft.NET.TargetFrameworkInference.targets (84,5) 处重新分配属性: $(TargetPlatformIdentifier)=“Windows”(先前值:“windows”)
       C:\Program Files\dotnet\sdk\10.0.201\Sdks\Microsoft.NET.Sdk\targets\Microsoft.NET.DefaultOutputPaths.targets(127,5): message : 在 C:\Program Files\dotnet\sdk\10.0.201\Sdks\Microsoft.NET.Sdk\targets\Microsoft.NET.DefaultOutputPaths.targets (127,5) 处重新分配属性: $(DefaultItemExcludes)=“;bin\Release\/**;obj\Release\/**”(先前值:“;bin\Release\/**”)
       C:\Program Files\dotnet\sdk\10.0.201\Sdks\Microsoft.NET.Sdk\targets\Microsoft.NET.DefaultOutputPaths.targets(142,5): message : 在 C:\Program Files\dotnet\sdk\10.0.201\Sdks\Microsoft.NET.Sdk\targets\Microsoft.NET.DefaultOutputPaths.targets (142,5) 处重新分配属性: $(OutputPath)=“bin\Release\net10.0-windows\”(先前值:“bin\Release\”)
       C:\Program Files\dotnet\sdk\10.0.201\Sdks\Microsoft.NET.Sdk\targets\Microsoft.NET.DefaultOutputPaths.targets(147,5): message : 在 C:\Program Files\dotnet\sdk\10.0.201\Sdks\Microsoft.NET.Sdk\targets\Microsoft.NET.DefaultOutputPaths.targets (147,5) 处重新分配属性: $(IntermediateOutputPath)=“obj\Release\net10.0-windows\”(先前值:“obj\Release\”)
       C:\Program Files\dotnet\sdk\10.0.201\Sdks\Microsoft.NET.Sdk\targets\Microsoft.NET.Sdk.BeforeCommon.targets(379,5): message : 在 C:\Program Files\dotnet\sdk\10.0.201\Sdks\Microsoft.NET.Sdk\targets\Microsoft.NET.Sdk.BeforeCommon.targets (379,5) 处重新分配属性: $(RoslynTargetsPath)=“C:\Program Files\dotnet\sdk\10.0.201\Sdks\Microsoft.NET.Sdk\targets\..\..\..\Roslyn”(先前值:“C:\Program Files\dotnet\sdk\10.0.201\Roslyn”)
       C:\Program Files\dotnet\sdk\10.0.201\Roslyn\Microsoft.Managed.Core.targets(6,5): message : 在 C:\Program Files\dotnet\sdk\10.0.201\Roslyn\Microsoft.Managed.Core.targets (6,5) 处重新分配属性: $(_BuildTasksDirectory)=“C:\Program Files\dotnet\sdk\10.0.201\Sdks\Microsoft.NET.Sdk\targets\..\..\..\Roslyn\”(先前值:“C:\Program Files\dotnet\sdk\10.0.201\Roslyn\”)
       C:\Program Files\dotnet\sdk\10.0.201\Roslyn\Microsoft.CSharp.Core.targets(205,5): message : 在 C:\Program Files\dotnet\sdk\10.0.201\Roslyn\Microsoft.CSharp.Core.targets (205,5) 处重新分配属性: $(CommandLineArgsForDesignTimeEvaluation)=“-langversion:14.0 -define:TRACE”(先前值:“-langversion:14.0”)
       “Configuration”属性是全局属性，不能修改。
       C:\Program Files\dotnet\sdk\10.0.201\Microsoft.Common.CurrentVersion.targets(179,5): message : 在 C:\Program Files\dotnet\sdk\10.0.201\Microsoft.Common.CurrentVersion.targets (179,5) 处重新分配属性: $(_DebugSymbolsProduced)=“true”(先前值:“false”)
       C:\Program Files\dotnet\sdk\10.0.201\Microsoft.Common.CurrentVersion.targets(185,5): message : 在 C:\Program Files\dotnet\sdk\10.0.201\Microsoft.Common.CurrentVersion.targets (185,5) 处重新分配属性: $(_DocumentationFileProduced)=“false”(先前值:“true”)
       C:\Program Files\dotnet\sdk\10.0.201\Microsoft.Common.CurrentVersion.targets(393,5): message : 在 C:\Program Files\dotnet\sdk\10.0.201\Microsoft.Common.CurrentVersion.targets (393,5) 处重新分配属性: $(MSBuildCopyMarkerName)=“OMIManager.csproj.Up2Date”(先前值:“OMIManager.csproj”)
       C:\Program Files\dotnet\sdk\10.0.201\Microsoft.Common.CurrentVersion.targets(541,5): message : 在 C:\Program Files\dotnet\sdk\10.0.201\Microsoft.Common.CurrentVersion.targets (541,5) 处重新分配属性: $(ProcessorArchitecture)=“msil”(先前值:“”)
       C:\Program Files\dotnet\sdk\10.0.201\Microsoft.Common.CurrentVersion.targets(580,5): message : 在 C:\Program Files\dotnet\sdk\10.0.201\Microsoft.Common.CurrentVersion.targets (580,5) 处重新分配属性: $(DelaySign)=“”(先前值:“false”)
       C:\Program Files\dotnet\sdk\10.0.201\Microsoft.Common.CurrentVersion.targets(2620,5): message : 值为“C:\Users\Administrator\AppData\Local”的属性“LOCALAPPDATA”从环境中展开。
       C:\Program Files\dotnet\sdk\10.0.201\Microsoft.Common.CurrentVersion.targets(3948,5): message : 在 C:\Program Files\dotnet\sdk\10.0.201\Microsoft.Common.CurrentVersion.targets (3948,5) 处重新分配属性: $(_SGenGenerateSerializationAssembliesConfig)=“Auto”(先前值:“”)
       C:\Program Files\dotnet\sdk\10.0.201\Microsoft.Common.CurrentVersion.targets(5160,5): message : 在 C:\Program Files\dotnet\sdk\10.0.201\Microsoft.Common.CurrentVersion.targets (5160,5) 处重新分配属性: $(_TargetsThatPrepareProjectReferences)=“
       C:\Program Files\dotnet\sdk\10.0.201\Microsoft.Common.CurrentVersion.targets(5160,5): message :       AssignProjectConfiguration;
       C:\Program Files\dotnet\sdk\10.0.201\Microsoft.Common.CurrentVersion.targets(5160,5): message :       _SplitProjectReferencesByFileExistence
       C:\Program Files\dotnet\sdk\10.0.201\Microsoft.Common.CurrentVersion.targets(5160,5): message :     ”(先前值:“_SplitProjectReferencesByFileExistence”)
       C:\Program Files\dotnet\sdk\10.0.201\Microsoft.Common.CurrentVersion.targets(6973,5): message : 值为“C:\Program Files\dotnet\sdk\10.0.201”的属性“MSBuildExtensionsPath32”从环境中展开。
       “NuGetInteractive”属性是全局属性，不能修改。
       C:\Program Files\dotnet\sdk\10.0.201\Sdks\Microsoft.NET.Sdk\targets\Microsoft.PackageDependencyResolution.targets(24,5): message : 在 C:\Program Files\dotnet\sdk\10.0.201\Sdks\Microsoft.NET.Sdk\targets\Microsoft.PackageDependencyResolution.targets (24,5) 处重新分配属性: $(ProjectAssetsFile)=“f:\kaifa\OMI\tools\OMIManager\obj\project.assets.json”(先前值:“f:\kaifa\OMI\tools\OMIManager\obj\/project.assets.json”)
       C:\Program Files\dotnet\sdk\10.0.201\Sdks\Microsoft.NET.Sdk\targets\Microsoft.PackageDependencyResolution.targets(29,5): message : 在 C:\Program Files\dotnet\sdk\10.0.201\Sdks\Microsoft.NET.Sdk\targets\Microsoft.PackageDependencyResolution.targets (29,5) 处重新分配属性: $(ProjectAssetsCacheFile)=“f:\kaifa\OMI\tools\OMIManager\obj\Release\net10.0-windows\OMIManager.assets.cache”(先前值:“obj\Release\net10.0-windows\OMIManager.assets.cache”)
       C:\Program Files\dotnet\sdk\10.0.201\Sdks\Microsoft.NET.Sdk\targets\Microsoft.PackageDependencyResolution.targets(80,5): message : 在 C:\Program Files\dotnet\sdk\10.0.201\Sdks\Microsoft.NET.Sdk\targets\Microsoft.PackageDependencyResolution.targets (80,5) 处重新分配属性: $(ResolveAssemblyReferencesDependsOn)=“
       C:\Program Files\dotnet\sdk\10.0.201\Sdks\Microsoft.NET.Sdk\targets\Microsoft.PackageDependencyResolution.targets(80,5): message :       
       C:\Program Files\dotnet\sdk\10.0.201\Sdks\Microsoft.NET.Sdk\targets\Microsoft.PackageDependencyResolution.targets(80,5): message :       ResolveProjectReferences;
       C:\Program Files\dotnet\sdk\10.0.201\Sdks\Microsoft.NET.Sdk\targets\Microsoft.PackageDependencyResolution.targets(80,5): message :       FindInvalidProjectReferences;
       C:\Program Files\dotnet\sdk\10.0.201\Sdks\Microsoft.NET.Sdk\targets\Microsoft.PackageDependencyResolution.targets(80,5): message :       GetFrameworkPaths;
       C:\Program Files\dotnet\sdk\10.0.201\Sdks\Microsoft.NET.Sdk\targets\Microsoft.PackageDependencyResolution.targets(80,5): message :       GetReferenceAssemblyPaths;
       C:\Program Files\dotnet\sdk\10.0.201\Sdks\Microsoft.NET.Sdk\targets\Microsoft.PackageDependencyResolution.targets(80,5): message :       PrepareForBuild;
       C:\Program Files\dotnet\sdk\10.0.201\Sdks\Microsoft.NET.Sdk\targets\Microsoft.PackageDependencyResolution.targets(80,5): message :       ResolveSDKReferences;
       C:\Program Files\dotnet\sdk\10.0.201\Sdks\Microsoft.NET.Sdk\targets\Microsoft.PackageDependencyResolution.targets(80,5): message :       ExpandSDKReferences;
       C:\Program Files\dotnet\sdk\10.0.201\Sdks\Microsoft.NET.Sdk\targets\Microsoft.PackageDependencyResolution.targets(80,5): message :     ;
       C:\Program Files\dotnet\sdk\10.0.201\Sdks\Microsoft.NET.Sdk\targets\Microsoft.PackageDependencyResolution.targets(80,5): message :       ResolvePackageDependenciesForBuild;
       C:\Program Files\dotnet\sdk\10.0.201\Sdks\Microsoft.NET.Sdk\targets\Microsoft.PackageDependencyResolution.targets(80,5): message :       _HandlePackageFileConflicts;
       C:\Program Files\dotnet\sdk\10.0.201\Sdks\Microsoft.NET.Sdk\targets\Microsoft.PackageDependencyResolution.targets(80,5): message :     ”(先前值:“
       C:\Program Files\dotnet\sdk\10.0.201\Sdks\Microsoft.NET.Sdk\targets\Microsoft.PackageDependencyResolution.targets(80,5): message :       ResolveProjectReferences;
       C:\Program Files\dotnet\sdk\10.0.201\Sdks\Microsoft.NET.Sdk\targets\Microsoft.PackageDependencyResolution.targets(80,5): message :       FindInvalidProjectReferences;
       C:\Program Files\dotnet\sdk\10.0.201\Sdks\Microsoft.NET.Sdk\targets\Microsoft.PackageDependencyResolution.targets(80,5): message :       GetFrameworkPaths;
       C:\Program Files\dotnet\sdk\10.0.201\Sdks\Microsoft.NET.Sdk\targets\Microsoft.PackageDependencyResolution.targets(80,5): message :       GetReferenceAssemblyPaths;
       C:\Program Files\dotnet\sdk\10.0.201\Sdks\Microsoft.NET.Sdk\targets\Microsoft.PackageDependencyResolution.targets(80,5): message :       PrepareForBuild;
       C:\Program Files\dotnet\sdk\10.0.201\Sdks\Microsoft.NET.Sdk\targets\Microsoft.PackageDependencyResolution.targets(80,5): message :       ResolveSDKReferences;
       C:\Program Files\dotnet\sdk\10.0.201\Sdks\Microsoft.NET.Sdk\targets\Microsoft.PackageDependencyResolution.targets(80,5): message :       ExpandSDKReferences;
       C:\Program Files\dotnet\sdk\10.0.201\Sdks\Microsoft.NET.Sdk\targets\Microsoft.PackageDependencyResolution.targets(80,5): message :     ”)
       C:\Program Files\dotnet\sdk\10.0.201\Sdks\Microsoft.NET.Sdk\targets\Microsoft.PackageDependencyResolution.targets(86,5): message : 在 C:\Program Files\dotnet\sdk\10.0.201\Sdks\Microsoft.NET.Sdk\targets\Microsoft.PackageDependencyResolution.targets (86,5) 处重新分配属性: $(PrepareResourcesDependsOn)=“
       C:\Program Files\dotnet\sdk\10.0.201\Sdks\Microsoft.NET.Sdk\targets\Microsoft.PackageDependencyResolution.targets(86,5): message :       ResolvePackageDependenciesForBuild;
       C:\Program Files\dotnet\sdk\10.0.201\Sdks\Microsoft.NET.Sdk\targets\Microsoft.PackageDependencyResolution.targets(86,5): message :       _HandlePackageFileConflicts;
       C:\Program Files\dotnet\sdk\10.0.201\Sdks\Microsoft.NET.Sdk\targets\Microsoft.PackageDependencyResolution.targets(86,5): message :       
       C:\Program Files\dotnet\sdk\10.0.201\Sdks\Microsoft.NET.Sdk\targets\Microsoft.PackageDependencyResolution.targets(86,5): message :       ;
       C:\Program Files\dotnet\sdk\10.0.201\Sdks\Microsoft.NET.Sdk\targets\Microsoft.PackageDependencyResolution.targets(86,5): message :       PrepareResourceNames;
       C:\Program Files\dotnet\sdk\10.0.201\Sdks\Microsoft.NET.Sdk\targets\Microsoft.PackageDependencyResolution.targets(86,5): message :       ResGen;
       C:\Program Files\dotnet\sdk\10.0.201\Sdks\Microsoft.NET.Sdk\targets\Microsoft.PackageDependencyResolution.targets(86,5): message :       CompileLicxFiles
       C:\Program Files\dotnet\sdk\10.0.201\Sdks\Microsoft.NET.Sdk\targets\Microsoft.PackageDependencyResolution.targets(86,5): message :     
       C:\Program Files\dotnet\sdk\10.0.201\Sdks\Microsoft.NET.Sdk\targets\Microsoft.PackageDependencyResolution.targets(86,5): message :     ”(先前值:“
       C:\Program Files\dotnet\sdk\10.0.201\Sdks\Microsoft.NET.Sdk\targets\Microsoft.PackageDependencyResolution.targets(86,5): message :       ;
       C:\Program Files\dotnet\sdk\10.0.201\Sdks\Microsoft.NET.Sdk\targets\Microsoft.PackageDependencyResolution.targets(86,5): message :       PrepareResourceNames;
       C:\Program Files\dotnet\sdk\10.0.201\Sdks\Microsoft.NET.Sdk\targets\Microsoft.PackageDependencyResolution.targets(86,5): message :       ResGen;
       C:\Program Files\dotnet\sdk\10.0.201\Sdks\Microsoft.NET.Sdk\targets\Microsoft.PackageDependencyResolution.targets(86,5): message :       CompileLicxFiles
       C:\Program Files\dotnet\sdk\10.0.201\Sdks\Microsoft.NET.Sdk\targets\Microsoft.PackageDependencyResolution.targets(86,5): message :     ”)
       “EnableDefaultCompileItems”属性是全局属性，不能修改。
       “EnableDefaultEmbeddedResourceItems”属性是全局属性，不能修改。
       “EnableDefaultNoneItems”属性是全局属性，不能修改。
       C:\Program Files\dotnet\sdk\10.0.201\Sdks\Microsoft.NET.Sdk\targets\Microsoft.NET.Sdk.DefaultItems.targets(35,5): message : 在 C:\Program Files\dotnet\sdk\10.0.201\Sdks\Microsoft.NET.Sdk\targets\Microsoft.NET.Sdk.DefaultItems.targets (35,5) 处重新分配属性: $(DefaultItemExcludes)=“;bin\Release\/**;obj\Release\/**;bin\/**”(先前值:“;bin\Release\/**;obj\Release\/**”)
       C:\Program Files\dotnet\sdk\10.0.201\Sdks\Microsoft.NET.Sdk\targets\Microsoft.NET.Sdk.DefaultItems.targets(37,5): message : 在 C:\Program Files\dotnet\sdk\10.0.201\Sdks\Microsoft.NET.Sdk\targets\Microsoft.NET.Sdk.DefaultItems.targets (37,5) 处重新分配属性: $(DefaultItemExcludes)=“;bin\Release\/**;obj\Release\/**;bin\/**;obj\/**”(先前值:“;bin\Release\/**;obj\Release\/**;bin\/**”)
       C:\Program Files\dotnet\sdk\10.0.201\Sdks\Microsoft.NET.Sdk\targets\Microsoft.NET.Sdk.DefaultItems.targets(41,5): message : 在 C:\Program Files\dotnet\sdk\10.0.201\Sdks\Microsoft.NET.Sdk\targets\Microsoft.NET.Sdk.DefaultItems.targets (41,5) 处重新分配属性: $(DefaultItemExcludes)=“;bin\Release\/**;obj\Release\/**;bin\/**;obj\/**;bin\Release\net10.0-windows\publish\/**”(先前值:“;bin\Release\/**;obj\Release\/**;bin\/**;obj\/**”)
       C:\Program Files\dotnet\sdk\10.0.201\Sdks\Microsoft.NET.Sdk\targets\Microsoft.NET.Sdk.DefaultItems.targets(44,5): message : 在 C:\Program Files\dotnet\sdk\10.0.201\Sdks\Microsoft.NET.Sdk\targets\Microsoft.NET.Sdk.DefaultItems.targets (44,5) 处重新分配属性: $(DefaultItemExcludes)=“;bin\Release\/**;obj\Release\/**;bin\/**;obj\/**;bin\Release\net10.0-windows\publish\/**;**/*.user”(先前值:“;bin\Release\/**;obj\Release\/**;bin\/**;obj\/**;bin\Release\net10.0-windows\publish\/**”)
       C:\Program Files\dotnet\sdk\10.0.201\Sdks\Microsoft.NET.Sdk\targets\Microsoft.NET.Sdk.DefaultItems.targets(45,5): message : 在 C:\Program Files\dotnet\sdk\10.0.201\Sdks\Microsoft.NET.Sdk\targets\Microsoft.NET.Sdk.DefaultItems.targets (45,5) 处重新分配属性: $(DefaultItemExcludes)=“;bin\Release\/**;obj\Release\/**;bin\/**;obj\/**;bin\Release\net10.0-windows\publish\/**;**/*.user;**/*.*proj”(先前值:“;bin\Release\/**;obj\Release\/**;bin\/**;obj\/**;bin\Release\net10.0-windows\publish\/**;**/*.user”)
       C:\Program Files\dotnet\sdk\10.0.201\Sdks\Microsoft.NET.Sdk\targets\Microsoft.NET.Sdk.DefaultItems.targets(46,5): message : 在 C:\Program Files\dotnet\sdk\10.0.201\Sdks\Microsoft.NET.Sdk\targets\Microsoft.NET.Sdk.DefaultItems.targets (46,5) 处重新分配属性: $(DefaultItemExcludes)=“;bin\Release\/**;obj\Release\/**;bin\/**;obj\/**;bin\Release\net10.0-windows\publish\/**;**/*.user;**/*.*proj;**/*.sln”(先前值:“;bin\Release\/**;obj\Release\/**;bin\/**;obj\/**;bin\Release\net10.0-windows\publish\/**;**/*.user;**/*.*proj”)
       C:\Program Files\dotnet\sdk\10.0.201\Sdks\Microsoft.NET.Sdk\targets\Microsoft.NET.Sdk.DefaultItems.targets(47,5): message : 在 C:\Program Files\dotnet\sdk\10.0.201\Sdks\Microsoft.NET.Sdk\targets\Microsoft.NET.Sdk.DefaultItems.targets (47,5) 处重新分配属性: $(DefaultItemExcludes)=“;bin\Release\/**;obj\Release\/**;bin\/**;obj\/**;bin\Release\net10.0-windows\publish\/**;**/*.user;**/*.*proj;**/*.sln;**/*.slnx”(先前值:“;bin\Release\/**;obj\Release\/**;bin\/**;obj\/**;bin\Release\net10.0-windows\publish\/**;**/*.user;**/*.*proj;**/*.sln”)
       C:\Program Files\dotnet\sdk\10.0.201\Sdks\Microsoft.NET.Sdk\targets\Microsoft.NET.Sdk.DefaultItems.targets(48,5): message : 在 C:\Program Files\dotnet\sdk\10.0.201\Sdks\Microsoft.NET.Sdk\targets\Microsoft.NET.Sdk.DefaultItems.targets (48,5) 处重新分配属性: $(DefaultItemExcludes)=“;bin\Release\/**;obj\Release\/**;bin\/**;obj\/**;bin\Release\net10.0-windows\publish\/**;**/*.user;**/*.*proj;**/*.sln;**/*.slnx;**/*.vssscc”(先前值:“;bin\Release\/**;obj\Release\/**;bin\/**;obj\/**;bin\Release\net10.0-windows\publish\/**;**/*.user;**/*.*proj;**/*.sln;**/*.slnx”)
       C:\Program Files\dotnet\sdk\10.0.201\Sdks\Microsoft.NET.Sdk\targets\Microsoft.NET.Sdk.DefaultItems.targets(49,5): message : 在 C:\Program Files\dotnet\sdk\10.0.201\Sdks\Microsoft.NET.Sdk\targets\Microsoft.NET.Sdk.DefaultItems.targets (49,5) 处重新分配属性: $(DefaultItemExcludes)=“;bin\Release\/**;obj\Release\/**;bin\/**;obj\/**;bin\Release\net10.0-windows\publish\/**;**/*.user;**/*.*proj;**/*.sln;**/*.slnx;**/*.vssscc;**/.DS_Store”(先前值:“;bin\Release\/**;obj\Release\/**;bin\/**;obj\/**;bin\Release\net10.0-windows\publish\/**;**/*.user;**/*.*proj;**/*.sln;**/*.slnx;**/*.vssscc”)
       C:\Program Files\dotnet\sdk\10.0.201\Sdks\Microsoft.NET.Sdk\targets\Microsoft.NET.Sdk.FrameworkReferenceResolution.targets(14,5): message : 在 C:\Program Files\dotnet\sdk\10.0.201\Sdks\Microsoft.NET.Sdk\targets\Microsoft.NET.Sdk.FrameworkReferenceResolution.targets (14,5) 处重新分配属性: $(ResolveAssemblyReferencesDependsOn)=“
       C:\Program Files\dotnet\sdk\10.0.201\Sdks\Microsoft.NET.Sdk\targets\Microsoft.NET.Sdk.FrameworkReferenceResolution.targets(14,5): message :       
       C:\Program Files\dotnet\sdk\10.0.201\Sdks\Microsoft.NET.Sdk\targets\Microsoft.NET.Sdk.FrameworkReferenceResolution.targets(14,5): message :       
       C:\Program Files\dotnet\sdk\10.0.201\Sdks\Microsoft.NET.Sdk\targets\Microsoft.NET.Sdk.FrameworkReferenceResolution.targets(14,5): message :       ResolveProjectReferences;
       C:\Program Files\dotnet\sdk\10.0.201\Sdks\Microsoft.NET.Sdk\targets\Microsoft.NET.Sdk.FrameworkReferenceResolution.targets(14,5): message :       FindInvalidProjectReferences;
       C:\Program Files\dotnet\sdk\10.0.201\Sdks\Microsoft.NET.Sdk\targets\Microsoft.NET.Sdk.FrameworkReferenceResolution.targets(14,5): message :       GetFrameworkPaths;
       C:\Program Files\dotnet\sdk\10.0.201\Sdks\Microsoft.NET.Sdk\targets\Microsoft.NET.Sdk.FrameworkReferenceResolution.targets(14,5): message :       GetReferenceAssemblyPaths;
       C:\Program Files\dotnet\sdk\10.0.201\Sdks\Microsoft.NET.Sdk\targets\Microsoft.NET.Sdk.FrameworkReferenceResolution.targets(14,5): message :       PrepareForBuild;
       C:\Program Files\dotnet\sdk\10.0.201\Sdks\Microsoft.NET.Sdk\targets\Microsoft.NET.Sdk.FrameworkReferenceResolution.targets(14,5): message :       ResolveSDKReferences;
       C:\Program Files\dotnet\sdk\10.0.201\Sdks\Microsoft.NET.Sdk\targets\Microsoft.NET.Sdk.FrameworkReferenceResolution.targets(14,5): message :       ExpandSDKReferences;
       C:\Program Files\dotnet\sdk\10.0.201\Sdks\Microsoft.NET.Sdk\targets\Microsoft.NET.Sdk.FrameworkReferenceResolution.targets(14,5): message :     ;
       C:\Program Files\dotnet\sdk\10.0.201\Sdks\Microsoft.NET.Sdk\targets\Microsoft.NET.Sdk.FrameworkReferenceResolution.targets(14,5): message :       ResolvePackageDependenciesForBuild;
       C:\Program Files\dotnet\sdk\10.0.201\Sdks\Microsoft.NET.Sdk\targets\Microsoft.NET.Sdk.FrameworkReferenceResolution.targets(14,5): message :       _HandlePackageFileConflicts;
       C:\Program Files\dotnet\sdk\10.0.201\Sdks\Microsoft.NET.Sdk\targets\Microsoft.NET.Sdk.FrameworkReferenceResolution.targets(14,5): message :     ;
       C:\Program Files\dotnet\sdk\10.0.201\Sdks\Microsoft.NET.Sdk\targets\Microsoft.NET.Sdk.FrameworkReferenceResolution.targets(14,5): message :       ResolveTargetingPackAssets;
       C:\Program Files\dotnet\sdk\10.0.201\Sdks\Microsoft.NET.Sdk\targets\Microsoft.NET.Sdk.FrameworkReferenceResolution.targets(14,5): message :     ”(先前值:“
       C:\Program Files\dotnet\sdk\10.0.201\Sdks\Microsoft.NET.Sdk\targets\Microsoft.NET.Sdk.FrameworkReferenceResolution.targets(14,5): message :       
       C:\Program Files\dotnet\sdk\10.0.201\Sdks\Microsoft.NET.Sdk\targets\Microsoft.NET.Sdk.FrameworkReferenceResolution.targets(14,5): message :       ResolveProjectReferences;
       C:\Program Files\dotnet\sdk\10.0.201\Sdks\Microsoft.NET.Sdk\targets\Microsoft.NET.Sdk.FrameworkReferenceResolution.targets(14,5): message :       FindInvalidProjectReferences;
       C:\Program Files\dotnet\sdk\10.0.201\Sdks\Microsoft.NET.Sdk\targets\Microsoft.NET.Sdk.FrameworkReferenceResolution.targets(14,5): message :       GetFrameworkPaths;
       C:\Program Files\dotnet\sdk\10.0.201\Sdks\Microsoft.NET.Sdk\targets\Microsoft.NET.Sdk.FrameworkReferenceResolution.targets(14,5): message :       GetReferenceAssemblyPaths;
       C:\Program Files\dotnet\sdk\10.0.201\Sdks\Microsoft.NET.Sdk\targets\Microsoft.NET.Sdk.FrameworkReferenceResolution.targets(14,5): message :       PrepareForBuild;
       C:\Program Files\dotnet\sdk\10.0.201\Sdks\Microsoft.NET.Sdk\targets\Microsoft.NET.Sdk.FrameworkReferenceResolution.targets(14,5): message :       ResolveSDKReferences;
       C:\Program Files\dotnet\sdk\10.0.201\Sdks\Microsoft.NET.Sdk\targets\Microsoft.NET.Sdk.FrameworkReferenceResolution.targets(14,5): message :       ExpandSDKReferences;
       C:\Program Files\dotnet\sdk\10.0.201\Sdks\Microsoft.NET.Sdk\targets\Microsoft.NET.Sdk.FrameworkReferenceResolution.targets(14,5): message :     ;
       C:\Program Files\dotnet\sdk\10.0.201\Sdks\Microsoft.NET.Sdk\targets\Microsoft.NET.Sdk.FrameworkReferenceResolution.targets(14,5): message :       ResolvePackageDependenciesForBuild;
       C:\Program Files\dotnet\sdk\10.0.201\Sdks\Microsoft.NET.Sdk\targets\Microsoft.NET.Sdk.FrameworkReferenceResolution.targets(14,5): message :       _HandlePackageFileConflicts;
       C:\Program Files\dotnet\sdk\10.0.201\Sdks\Microsoft.NET.Sdk\targets\Microsoft.NET.Sdk.FrameworkReferenceResolution.targets(14,5): message :     ”)
       C:\Program Files\dotnet\sdk\10.0.201\Sdks\Microsoft.NET.Sdk\targets\Microsoft.NET.Sdk.targets(44,5): message : 在 C:\Program Files\dotnet\sdk\10.0.201\Sdks\Microsoft.NET.Sdk\targets\Microsoft.NET.Sdk.targets (44,5) 处重新分配属性: $(_GenerateRuntimeConfigurationPropertyInputsCache)=“f:\kaifa\OMI\tools\OMIManager\obj\Release\net10.0-windows\OMIManager.genruntimeconfig.cache”(先前值:“obj\Release\net10.0-windows\OMIManager.genruntimeconfig.cache”)
       C:\Program Files\dotnet\sdk\10.0.201\Sdks\Microsoft.NET.Sdk\targets\Microsoft.NET.Sdk.targets(46,5): message : 在 C:\Program Files\dotnet\sdk\10.0.201\Sdks\Microsoft.NET.Sdk\targets\Microsoft.NET.Sdk.targets (46,5) 处重新分配属性: $(_GeneratePublishDependencyFilePropertyInputsCache)=“f:\kaifa\OMI\tools\OMIManager\obj\Release\net10.0-windows\OMIManager.genpublishdeps.cache”(先前值:“obj\Release\net10.0-windows\OMIManager.genpublishdeps.cache”)
       C:\Program Files\dotnet\sdk\10.0.201\Sdks\Microsoft.NET.Sdk\targets\Microsoft.NET.Sdk.targets(48,5): message : 在 C:\Program Files\dotnet\sdk\10.0.201\Sdks\Microsoft.NET.Sdk\targets\Microsoft.NET.Sdk.targets (48,5) 处重新分配属性: $(_GenerateSingleFileBundlePropertyInputsCache)=“f:\kaifa\OMI\tools\OMIManager\obj\Release\net10.0-windows\OMIManager.genbundle.cache”(先前值:“obj\Release\net10.0-windows\OMIManager.genbundle.cache”)
       C:\Program Files\dotnet\sdk\10.0.201\Sdks\Microsoft.NET.Sdk\targets\Microsoft.NET.Sdk.targets(81,5): message : 在 C:\Program Files\dotnet\sdk\10.0.201\Sdks\Microsoft.NET.Sdk\targets\Microsoft.NET.Sdk.targets (81,5) 处重新分配属性: $(GenerateRuntimeConfigDevFile)=“false”(先前值:“true”)
       C:\Program Files\dotnet\sdk\10.0.201\Sdks\Microsoft.NET.Sdk\targets\Microsoft.NET.Sdk.targets(98,5): message : 值为“C:\Users\Administrator”的属性“USERPROFILE”从环境中展开。
       C:\Program Files\dotnet\sdk\10.0.201\Sdks\Microsoft.NET.Sdk\targets\Microsoft.NET.Sdk.targets(98,5): message : 在 C:\Program Files\dotnet\sdk\10.0.201\Sdks\Microsoft.NET.Sdk\targets\Microsoft.NET.Sdk.targets (98,5) 处重新分配属性: $(_DefaultUserProfileRuntimeStorePath)=“C:\Users\Administrator”(先前值:“”)
       C:\Program Files\dotnet\sdk\10.0.201\Sdks\Microsoft.NET.Sdk\targets\Microsoft.NET.Sdk.targets(99,5): message : 在 C:\Program Files\dotnet\sdk\10.0.201\Sdks\Microsoft.NET.Sdk\targets\Microsoft.NET.Sdk.targets (99,5) 处重新分配属性: $(_DefaultUserProfileRuntimeStorePath)=“C:\Users\Administrator\.dotnet\store”(先前值:“C:\Users\Administrator”)
       C:\Program Files\dotnet\sdk\10.0.201\Sdks\Microsoft.NET.Sdk\targets\Microsoft.NET.Sdk.targets(144,5): message : 在 C:\Program Files\dotnet\sdk\10.0.201\Sdks\Microsoft.NET.Sdk\targets\Microsoft.NET.Sdk.targets (144,5) 处重新分配属性: $(AvailablePlatforms)=“Any CPU,x86,x64,ARM32”(先前值:“Any CPU,x86,x64”)
       C:\Program Files\dotnet\sdk\10.0.201\Sdks\Microsoft.NET.Sdk\targets\Microsoft.NET.Sdk.targets(148,5): message : 在 C:\Program Files\dotnet\sdk\10.0.201\Sdks\Microsoft.NET.Sdk\targets\Microsoft.NET.Sdk.targets (148,5) 处重新分配属性: $(AvailablePlatforms)=“Any CPU,x86,x64,ARM32,ARM64”(先前值:“Any CPU,x86,x64,ARM32”)
       C:\Program Files\dotnet\sdk\10.0.201\Sdks\Microsoft.NET.Sdk\targets\Microsoft.NET.Sdk.targets(204,5): message : 在 C:\Program Files\dotnet\sdk\10.0.201\Sdks\Microsoft.NET.Sdk\targets\Microsoft.NET.Sdk.targets (204,5) 处重新分配属性: $(CoreBuildDependsOn)=“
       C:\Program Files\dotnet\sdk\10.0.201\Sdks\Microsoft.NET.Sdk\targets\Microsoft.NET.Sdk.targets(204,5): message :       _CheckForBuildWithNoBuild;
       C:\Program Files\dotnet\sdk\10.0.201\Sdks\Microsoft.NET.Sdk\targets\Microsoft.NET.Sdk.targets(204,5): message :       
       C:\Program Files\dotnet\sdk\10.0.201\Sdks\Microsoft.NET.Sdk\targets\Microsoft.NET.Sdk.targets(204,5): message :       BuildOnlySettings;
       C:\Program Files\dotnet\sdk\10.0.201\Sdks\Microsoft.NET.Sdk\targets\Microsoft.NET.Sdk.targets(204,5): message :       PrepareForBuild;
       C:\Program Files\dotnet\sdk\10.0.201\Sdks\Microsoft.NET.Sdk\targets\Microsoft.NET.Sdk.targets(204,5): message :       PreBuildEvent;
       C:\Program Files\dotnet\sdk\10.0.201\Sdks\Microsoft.NET.Sdk\targets\Microsoft.NET.Sdk.targets(204,5): message :       ResolveReferences;
       C:\Program Files\dotnet\sdk\10.0.201\Sdks\Microsoft.NET.Sdk\targets\Microsoft.NET.Sdk.targets(204,5): message :       PrepareResources;
       C:\Program Files\dotnet\sdk\10.0.201\Sdks\Microsoft.NET.Sdk\targets\Microsoft.NET.Sdk.targets(204,5): message :       ResolveKeySource;
       C:\Program Files\dotnet\sdk\10.0.201\Sdks\Microsoft.NET.Sdk\targets\Microsoft.NET.Sdk.targets(204,5): message :       Compile;
       C:\Program Files\dotnet\sdk\10.0.201\Sdks\Microsoft.NET.Sdk\targets\Microsoft.NET.Sdk.targets(204,5): message :       ExportWindowsMDFile;
       C:\Program Files\dotnet\sdk\10.0.201\Sdks\Microsoft.NET.Sdk\targets\Microsoft.NET.Sdk.targets(204,5): message :       UnmanagedUnregistration;
       C:\Program Files\dotnet\sdk\10.0.201\Sdks\Microsoft.NET.Sdk\targets\Microsoft.NET.Sdk.targets(204,5): message :       GenerateSerializationAssemblies;
       C:\Program Files\dotnet\sdk\10.0.201\Sdks\Microsoft.NET.Sdk\targets\Microsoft.NET.Sdk.targets(204,5): message :       CreateSatelliteAssemblies;
       C:\Program Files\dotnet\sdk\10.0.201\Sdks\Microsoft.NET.Sdk\targets\Microsoft.NET.Sdk.targets(204,5): message :       GenerateManifests;
       C:\Program Files\dotnet\sdk\10.0.201\Sdks\Microsoft.NET.Sdk\targets\Microsoft.NET.Sdk.targets(204,5): message :       GetTargetPath;
       C:\Program Files\dotnet\sdk\10.0.201\Sdks\Microsoft.NET.Sdk\targets\Microsoft.NET.Sdk.targets(204,5): message :       PrepareForRun;
       C:\Program Files\dotnet\sdk\10.0.201\Sdks\Microsoft.NET.Sdk\targets\Microsoft.NET.Sdk.targets(204,5): message :       UnmanagedRegistration;
       C:\Program Files\dotnet\sdk\10.0.201\Sdks\Microsoft.NET.Sdk\targets\Microsoft.NET.Sdk.targets(204,5): message :       IncrementalClean;
       C:\Program Files\dotnet\sdk\10.0.201\Sdks\Microsoft.NET.Sdk\targets\Microsoft.NET.Sdk.targets(204,5): message :       PostBuildEvent
       C:\Program Files\dotnet\sdk\10.0.201\Sdks\Microsoft.NET.Sdk\targets\Microsoft.NET.Sdk.targets(204,5): message :     ;
       C:\Program Files\dotnet\sdk\10.0.201\Sdks\Microsoft.NET.Sdk\targets\Microsoft.NET.Sdk.targets(204,5): message :       GenerateBuildDependencyFile;
       C:\Program Files\dotnet\sdk\10.0.201\Sdks\Microsoft.NET.Sdk\targets\Microsoft.NET.Sdk.targets(204,5): message :       GenerateBuildRuntimeConfigurationFiles
       C:\Program Files\dotnet\sdk\10.0.201\Sdks\Microsoft.NET.Sdk\targets\Microsoft.NET.Sdk.targets(204,5): message :     ”(先前值:“
       C:\Program Files\dotnet\sdk\10.0.201\Sdks\Microsoft.NET.Sdk\targets\Microsoft.NET.Sdk.targets(204,5): message :       BuildOnlySettings;
       C:\Program Files\dotnet\sdk\10.0.201\Sdks\Microsoft.NET.Sdk\targets\Microsoft.NET.Sdk.targets(204,5): message :       PrepareForBuild;
       C:\Program Files\dotnet\sdk\10.0.201\Sdks\Microsoft.NET.Sdk\targets\Microsoft.NET.Sdk.targets(204,5): message :       PreBuildEvent;
       C:\Program Files\dotnet\sdk\10.0.201\Sdks\Microsoft.NET.Sdk\targets\Microsoft.NET.Sdk.targets(204,5): message :       ResolveReferences;
       C:\Program Files\dotnet\sdk\10.0.201\Sdks\Microsoft.NET.Sdk\targets\Microsoft.NET.Sdk.targets(204,5): message :       PrepareResources;
       C:\Program Files\dotnet\sdk\10.0.201\Sdks\Microsoft.NET.Sdk\targets\Microsoft.NET.Sdk.targets(204,5): message :       ResolveKeySource;
       C:\Program Files\dotnet\sdk\10.0.201\Sdks\Microsoft.NET.Sdk\targets\Microsoft.NET.Sdk.targets(204,5): message :       Compile;
       C:\Program Files\dotnet\sdk\10.0.201\Sdks\Microsoft.NET.Sdk\targets\Microsoft.NET.Sdk.targets(204,5): message :       ExportWindowsMDFile;
       C:\Program Files\dotnet\sdk\10.0.201\Sdks\Microsoft.NET.Sdk\targets\Microsoft.NET.Sdk.targets(204,5): message :       UnmanagedUnregistration;
       C:\Program Files\dotnet\sdk\10.0.201\Sdks\Microsoft.NET.Sdk\targets\Microsoft.NET.Sdk.targets(204,5): message :       GenerateSerializationAssemblies;
       C:\Program Files\dotnet\sdk\10.0.201\Sdks\Microsoft.NET.Sdk\targets\Microsoft.NET.Sdk.targets(204,5): message :       CreateSatelliteAssemblies;
       C:\Program Files\dotnet\sdk\10.0.201\Sdks\Microsoft.NET.Sdk\targets\Microsoft.NET.Sdk.targets(204,5): message :       GenerateManifests;
       C:\Program Files\dotnet\sdk\10.0.201\Sdks\Microsoft.NET.Sdk\targets\Microsoft.NET.Sdk.targets(204,5): message :       GetTargetPath;
       C:\Program Files\dotnet\sdk\10.0.201\Sdks\Microsoft.NET.Sdk\targets\Microsoft.NET.Sdk.targets(204,5): message :       PrepareForRun;
       C:\Program Files\dotnet\sdk\10.0.201\Sdks\Microsoft.NET.Sdk\targets\Microsoft.NET.Sdk.targets(204,5): message :       UnmanagedRegistration;
       C:\Program Files\dotnet\sdk\10.0.201\Sdks\Microsoft.NET.Sdk\targets\Microsoft.NET.Sdk.targets(204,5): message :       IncrementalClean;
       C:\Program Files\dotnet\sdk\10.0.201\Sdks\Microsoft.NET.Sdk\targets\Microsoft.NET.Sdk.targets(204,5): message :       PostBuildEvent
       C:\Program Files\dotnet\sdk\10.0.201\Sdks\Microsoft.NET.Sdk\targets\Microsoft.NET.Sdk.targets(204,5): message :     ”)
       C:\Program Files\dotnet\sdk\10.0.201\Sdks\Microsoft.NET.Sdk\targets\Microsoft.NET.Sdk.targets(213,5): message : 在 C:\Program Files\dotnet\sdk\10.0.201\Sdks\Microsoft.NET.Sdk\targets\Microsoft.NET.Sdk.targets (213,5) 处重新分配属性: $(CoreCleanDependsOn)=“
       C:\Program Files\dotnet\sdk\10.0.201\Sdks\Microsoft.NET.Sdk\targets\Microsoft.NET.Sdk.targets(213,5): message :       _SdkBeforeClean;
       C:\Program Files\dotnet\sdk\10.0.201\Sdks\Microsoft.NET.Sdk\targets\Microsoft.NET.Sdk.targets(213,5): message :       
       C:\Program Files\dotnet\sdk\10.0.201\Sdks\Microsoft.NET.Sdk\targets\Microsoft.NET.Sdk.targets(213,5): message :     ”(先前值:“”)
       C:\Program Files\dotnet\sdk\10.0.201\Sdks\Microsoft.NET.Sdk\targets\Microsoft.NET.Sdk.targets(220,5): message : 在 C:\Program Files\dotnet\sdk\10.0.201\Sdks\Microsoft.NET.Sdk\targets\Microsoft.NET.Sdk.targets (220,5) 处重新分配属性: $(RebuildDependsOn)=“
       C:\Program Files\dotnet\sdk\10.0.201\Sdks\Microsoft.NET.Sdk\targets\Microsoft.NET.Sdk.targets(220,5): message :       _SdkBeforeRebuild;
       C:\Program Files\dotnet\sdk\10.0.201\Sdks\Microsoft.NET.Sdk\targets\Microsoft.NET.Sdk.targets(220,5): message :       
       C:\Program Files\dotnet\sdk\10.0.201\Sdks\Microsoft.NET.Sdk\targets\Microsoft.NET.Sdk.targets(220,5): message :       BeforeRebuild;
       C:\Program Files\dotnet\sdk\10.0.201\Sdks\Microsoft.NET.Sdk\targets\Microsoft.NET.Sdk.targets(220,5): message :       Clean;
       C:\Program Files\dotnet\sdk\10.0.201\Sdks\Microsoft.NET.Sdk\targets\Microsoft.NET.Sdk.targets(220,5): message :       Build;
       C:\Program Files\dotnet\sdk\10.0.201\Sdks\Microsoft.NET.Sdk\targets\Microsoft.NET.Sdk.targets(220,5): message :       AfterRebuild;
       C:\Program Files\dotnet\sdk\10.0.201\Sdks\Microsoft.NET.Sdk\targets\Microsoft.NET.Sdk.targets(220,5): message :     
       C:\Program Files\dotnet\sdk\10.0.201\Sdks\Microsoft.NET.Sdk\targets\Microsoft.NET.Sdk.targets(220,5): message :     ”(先前值:“
       C:\Program Files\dotnet\sdk\10.0.201\Sdks\Microsoft.NET.Sdk\targets\Microsoft.NET.Sdk.targets(220,5): message :       BeforeRebuild;
       C:\Program Files\dotnet\sdk\10.0.201\Sdks\Microsoft.NET.Sdk\targets\Microsoft.NET.Sdk.targets(220,5): message :       Clean;
       C:\Program Files\dotnet\sdk\10.0.201\Sdks\Microsoft.NET.Sdk\targets\Microsoft.NET.Sdk.targets(220,5): message :       Build;
       C:\Program Files\dotnet\sdk\10.0.201\Sdks\Microsoft.NET.Sdk\targets\Microsoft.NET.Sdk.targets(220,5): message :       AfterRebuild;
       C:\Program Files\dotnet\sdk\10.0.201\Sdks\Microsoft.NET.Sdk\targets\Microsoft.NET.Sdk.targets(220,5): message :     ”)
       C:\Program Files\dotnet\sdk\10.0.201\Sdks\Microsoft.NET.Sdk\targets\Microsoft.NET.Sdk.targets(799,5): message : 在 C:\Program Files\dotnet\sdk\10.0.201\Sdks\Microsoft.NET.Sdk\targets\Microsoft.NET.Sdk.targets (799,5) 处重新分配属性: $(CompileDependsOn)=“
       C:\Program Files\dotnet\sdk\10.0.201\Sdks\Microsoft.NET.Sdk\targets\Microsoft.NET.Sdk.targets(799,5): message :       
       C:\Program Files\dotnet\sdk\10.0.201\Sdks\Microsoft.NET.Sdk\targets\Microsoft.NET.Sdk.targets(799,5): message :       ResolveReferences;
       C:\Program Files\dotnet\sdk\10.0.201\Sdks\Microsoft.NET.Sdk\targets\Microsoft.NET.Sdk.targets(799,5): message :       ResolveKeySource;
       C:\Program Files\dotnet\sdk\10.0.201\Sdks\Microsoft.NET.Sdk\targets\Microsoft.NET.Sdk.targets(799,5): message :       SetWin32ManifestProperties;
       C:\Program Files\dotnet\sdk\10.0.201\Sdks\Microsoft.NET.Sdk\targets\Microsoft.NET.Sdk.targets(799,5): message :       _SetPreferNativeArm64Win32ManifestProperties;
       C:\Program Files\dotnet\sdk\10.0.201\Sdks\Microsoft.NET.Sdk\targets\Microsoft.NET.Sdk.targets(799,5): message :       FindReferenceAssembliesForReferences;
       C:\Program Files\dotnet\sdk\10.0.201\Sdks\Microsoft.NET.Sdk\targets\Microsoft.NET.Sdk.targets(799,5): message :       _GenerateCompileInputs;
       C:\Program Files\dotnet\sdk\10.0.201\Sdks\Microsoft.NET.Sdk\targets\Microsoft.NET.Sdk.targets(799,5): message :       BeforeCompile;
       C:\Program Files\dotnet\sdk\10.0.201\Sdks\Microsoft.NET.Sdk\targets\Microsoft.NET.Sdk.targets(799,5): message :       _TimeStampBeforeCompile;
       C:\Program Files\dotnet\sdk\10.0.201\Sdks\Microsoft.NET.Sdk\targets\Microsoft.NET.Sdk.targets(799,5): message :       _GenerateCompileDependencyCache;
       C:\Program Files\dotnet\sdk\10.0.201\Sdks\Microsoft.NET.Sdk\targets\Microsoft.NET.Sdk.targets(799,5): message :       CoreCompile;
       C:\Program Files\dotnet\sdk\10.0.201\Sdks\Microsoft.NET.Sdk\targets\Microsoft.NET.Sdk.targets(799,5): message :       _TimeStampAfterCompile;
       C:\Program Files\dotnet\sdk\10.0.201\Sdks\Microsoft.NET.Sdk\targets\Microsoft.NET.Sdk.targets(799,5): message :       AfterCompile;
       C:\Program Files\dotnet\sdk\10.0.201\Sdks\Microsoft.NET.Sdk\targets\Microsoft.NET.Sdk.targets(799,5): message :     ;
       C:\Program Files\dotnet\sdk\10.0.201\Sdks\Microsoft.NET.Sdk\targets\Microsoft.NET.Sdk.targets(799,5): message :       _CreateAppHost;
       C:\Program Files\dotnet\sdk\10.0.201\Sdks\Microsoft.NET.Sdk\targets\Microsoft.NET.Sdk.targets(799,5): message :       _CreateComHost;
       C:\Program Files\dotnet\sdk\10.0.201\Sdks\Microsoft.NET.Sdk\targets\Microsoft.NET.Sdk.targets(799,5): message :       _GetIjwHostPaths;
       C:\Program Files\dotnet\sdk\10.0.201\Sdks\Microsoft.NET.Sdk\targets\Microsoft.NET.Sdk.targets(799,5): message :     ”(先前值:“
       C:\Program Files\dotnet\sdk\10.0.201\Sdks\Microsoft.NET.Sdk\targets\Microsoft.NET.Sdk.targets(799,5): message :       ResolveReferences;
       C:\Program Files\dotnet\sdk\10.0.201\Sdks\Microsoft.NET.Sdk\targets\Microsoft.NET.Sdk.targets(799,5): message :       ResolveKeySource;
       C:\Program Files\dotnet\sdk\10.0.201\Sdks\Microsoft.NET.Sdk\targets\Microsoft.NET.Sdk.targets(799,5): message :       SetWin32ManifestProperties;
       C:\Program Files\dotnet\sdk\10.0.201\Sdks\Microsoft.NET.Sdk\targets\Microsoft.NET.Sdk.targets(799,5): message :       _SetPreferNativeArm64Win32ManifestProperties;
       C:\Program Files\dotnet\sdk\10.0.201\Sdks\Microsoft.NET.Sdk\targets\Microsoft.NET.Sdk.targets(799,5): message :       FindReferenceAssembliesForReferences;
       C:\Program Files\dotnet\sdk\10.0.201\Sdks\Microsoft.NET.Sdk\targets\Microsoft.NET.Sdk.targets(799,5): message :       _GenerateCompileInputs;
       C:\Program Files\dotnet\sdk\10.0.201\Sdks\Microsoft.NET.Sdk\targets\Microsoft.NET.Sdk.targets(799,5): message :       BeforeCompile;
       C:\Program Files\dotnet\sdk\10.0.201\Sdks\Microsoft.NET.Sdk\targets\Microsoft.NET.Sdk.targets(799,5): message :       _TimeStampBeforeCompile;
       C:\Program Files\dotnet\sdk\10.0.201\Sdks\Microsoft.NET.Sdk\targets\Microsoft.NET.Sdk.targets(799,5): message :       _GenerateCompileDependencyCache;
       C:\Program Files\dotnet\sdk\10.0.201\Sdks\Microsoft.NET.Sdk\targets\Microsoft.NET.Sdk.targets(799,5): message :       CoreCompile;
       C:\Program Files\dotnet\sdk\10.0.201\Sdks\Microsoft.NET.Sdk\targets\Microsoft.NET.Sdk.targets(799,5): message :       _TimeStampAfterCompile;
       C:\Program Files\dotnet\sdk\10.0.201\Sdks\Microsoft.NET.Sdk\targets\Microsoft.NET.Sdk.targets(799,5): message :       AfterCompile;
       C:\Program Files\dotnet\sdk\10.0.201\Sdks\Microsoft.NET.Sdk\targets\Microsoft.NET.Sdk.targets(799,5): message :     ”)
       C:\Program Files\dotnet\sdk\10.0.201\Sdks\Microsoft.NET.Sdk\targets\Microsoft.NET.Sdk.targets(1131,5): message : 在 C:\Program Files\dotnet\sdk\10.0.201\Sdks\Microsoft.NET.Sdk\targets\Microsoft.NET.Sdk.targets (1131,5) 处重新分配属性: $(CreateSatelliteAssembliesDependsOn)=“
       C:\Program Files\dotnet\sdk\10.0.201\Sdks\Microsoft.NET.Sdk\targets\Microsoft.NET.Sdk.targets(1131,5): message :       
       C:\Program Files\dotnet\sdk\10.0.201\Sdks\Microsoft.NET.Sdk\targets\Microsoft.NET.Sdk.targets(1131,5): message :       ;
       C:\Program Files\dotnet\sdk\10.0.201\Sdks\Microsoft.NET.Sdk\targets\Microsoft.NET.Sdk.targets(1131,5): message :       _GenerateSatelliteAssemblyInputs;
       C:\Program Files\dotnet\sdk\10.0.201\Sdks\Microsoft.NET.Sdk\targets\Microsoft.NET.Sdk.targets(1131,5): message :       ComputeIntermediateSatelliteAssemblies;
       C:\Program Files\dotnet\sdk\10.0.201\Sdks\Microsoft.NET.Sdk\targets\Microsoft.NET.Sdk.targets(1131,5): message :       GenerateSatelliteAssemblies
       C:\Program Files\dotnet\sdk\10.0.201\Sdks\Microsoft.NET.Sdk\targets\Microsoft.NET.Sdk.targets(1131,5): message :     ;
       C:\Program Files\dotnet\sdk\10.0.201\Sdks\Microsoft.NET.Sdk\targets\Microsoft.NET.Sdk.targets(1131,5): message :       CoreGenerateSatelliteAssemblies
       C:\Program Files\dotnet\sdk\10.0.201\Sdks\Microsoft.NET.Sdk\targets\Microsoft.NET.Sdk.targets(1131,5): message :     ”(先前值:“
       C:\Program Files\dotnet\sdk\10.0.201\Sdks\Microsoft.NET.Sdk\targets\Microsoft.NET.Sdk.targets(1131,5): message :       ;
       C:\Program Files\dotnet\sdk\10.0.201\Sdks\Microsoft.NET.Sdk\targets\Microsoft.NET.Sdk.targets(1131,5): message :       _GenerateSatelliteAssemblyInputs;
       C:\Program Files\dotnet\sdk\10.0.201\Sdks\Microsoft.NET.Sdk\targets\Microsoft.NET.Sdk.targets(1131,5): message :       ComputeIntermediateSatelliteAssemblies;
       C:\Program Files\dotnet\sdk\10.0.201\Sdks\Microsoft.NET.Sdk\targets\Microsoft.NET.Sdk.targets(1131,5): message :       GenerateSatelliteAssemblies
       C:\Program Files\dotnet\sdk\10.0.201\Sdks\Microsoft.NET.Sdk\targets\Microsoft.NET.Sdk.targets(1131,5): message :     ”)
       C:\Program Files\dotnet\sdk\10.0.201\Sdks\Microsoft.SourceLink.GitLab\build\Microsoft.SourceLink.GitLab.targets(12,5): message : 在 C:\Program Files\dotnet\sdk\10.0.201\Sdks\Microsoft.SourceLink.GitLab\build\Microsoft.SourceLink.GitLab.targets (12,5) 处重新分配属性: $(SourceLinkUrlInitializerTargets)=“;_InitializeGitHubSourceLinkUrl;_InitializeGitLabSourceLinkUrl”(先前值:“;_InitializeGitHubSourceLinkUrl”)
       C:\Program Files\dotnet\sdk\10.0.201\Sdks\Microsoft.SourceLink.GitLab\build\Microsoft.SourceLink.GitLab.targets(13,5): message : 在 C:\Program Files\dotnet\sdk\10.0.201\Sdks\Microsoft.SourceLink.GitLab\build\Microsoft.SourceLink.GitLab.targets (13,5) 处重新分配属性: $(SourceControlManagerUrlTranslationTargets)=“;TranslateGitHubUrlsInSourceControlInformation;TranslateGitLabUrlsInSourceControlInformation”(先前值:“;TranslateGitHubUrlsInSourceControlInformation”)
       C:\Program Files\dotnet\sdk\10.0.201\Sdks\Microsoft.SourceLink.AzureRepos.Git\build\Microsoft.SourceLink.AzureRepos.Git.targets(12,5): message : 在 C:\Program Files\dotnet\sdk\10.0.201\Sdks\Microsoft.SourceLink.AzureRepos.Git\build\Microsoft.SourceLink.AzureRepos.Git.targets (12,5) 处重新分配属性: $(SourceLinkUrlInitializerTargets)=“;_InitializeGitHubSourceLinkUrl;_InitializeGitLabSourceLinkUrl;_InitializeAzureReposGitSourceLinkUrl”(先前值:“;_InitializeGitHubSourceLinkUrl;_InitializeGitLabSourceLinkUrl”)
       C:\Program Files\dotnet\sdk\10.0.201\Sdks\Microsoft.SourceLink.AzureRepos.Git\build\Microsoft.SourceLink.AzureRepos.Git.targets(13,5): message : 在 C:\Program Files\dotnet\sdk\10.0.201\Sdks\Microsoft.SourceLink.AzureRepos.Git\build\Microsoft.SourceLink.AzureRepos.Git.targets (13,5) 处重新分配属性: $(SourceControlManagerUrlTranslationTargets)=“;TranslateGitHubUrlsInSourceControlInformation;TranslateGitLabUrlsInSourceControlInformation;TranslateAzureReposGitUrlsInSourceControlInformation”(先前值:“;TranslateGitHubUrlsInSourceControlInformation;TranslateGitLabUrlsInSourceControlInformation”)
       C:\Program Files\dotnet\sdk\10.0.201\Sdks\Microsoft.SourceLink.Bitbucket.Git\build\Microsoft.SourceLink.Bitbucket.Git.targets(12,5): message : 在 C:\Program Files\dotnet\sdk\10.0.201\Sdks\Microsoft.SourceLink.Bitbucket.Git\build\Microsoft.SourceLink.Bitbucket.Git.targets (12,5) 处重新分配属性: $(SourceLinkUrlInitializerTargets)=“;_InitializeGitHubSourceLinkUrl;_InitializeGitLabSourceLinkUrl;_InitializeAzureReposGitSourceLinkUrl;_InitializeBitbucketGitSourceLinkUrl”(先前值:“;_InitializeGitHubSourceLinkUrl;_InitializeGitLabSourceLinkUrl;_InitializeAzureReposGitSourceLinkUrl”)
       C:\Program Files\dotnet\sdk\10.0.201\Sdks\Microsoft.SourceLink.Bitbucket.Git\build\Microsoft.SourceLink.Bitbucket.Git.targets(13,5): message : 在 C:\Program Files\dotnet\sdk\10.0.201\Sdks\Microsoft.SourceLink.Bitbucket.Git\build\Microsoft.SourceLink.Bitbucket.Git.targets (13,5) 处重新分配属性: $(SourceControlManagerUrlTranslationTargets)=“;TranslateGitHubUrlsInSourceControlInformation;TranslateGitLabUrlsInSourceControlInformation;TranslateAzureReposGitUrlsInSourceControlInformation;TranslateBitbucketGitUrlsInSourceControlInformation”(先前值:“;TranslateGitHubUrlsInSourceControlInformation;TranslateGitLabUrlsInSourceControlInformation;TranslateAzureReposGitUrlsInSourceControlInformation”)
       C:\Program Files\dotnet\sdk\10.0.201\Sdks\Microsoft.NET.Sdk\targets\Microsoft.NET.DesignerSupport.targets(21,5): message : 在 C:\Program Files\dotnet\sdk\10.0.201\Sdks\Microsoft.NET.Sdk\targets\Microsoft.NET.DesignerSupport.targets (21,5) 处重新分配属性: $(DesignerRuntimeImplementationProjectOutputGroupDependsOn)=“
       C:\Program Files\dotnet\sdk\10.0.201\Sdks\Microsoft.NET.Sdk\targets\Microsoft.NET.DesignerSupport.targets(21,5): message :       
       C:\Program Files\dotnet\sdk\10.0.201\Sdks\Microsoft.NET.Sdk\targets\Microsoft.NET.DesignerSupport.targets(21,5): message :       ;
       C:\Program Files\dotnet\sdk\10.0.201\Sdks\Microsoft.NET.Sdk\targets\Microsoft.NET.DesignerSupport.targets(21,5): message :       
       C:\Program Files\dotnet\sdk\10.0.201\Sdks\Microsoft.NET.Sdk\targets\Microsoft.NET.DesignerSupport.targets(21,5): message :       ;
       C:\Program Files\dotnet\sdk\10.0.201\Sdks\Microsoft.NET.Sdk\targets\Microsoft.NET.DesignerSupport.targets(21,5): message :       BuildOnlySettings;
       C:\Program Files\dotnet\sdk\10.0.201\Sdks\Microsoft.NET.Sdk\targets\Microsoft.NET.DesignerSupport.targets(21,5): message :       PrepareForBuild;
       C:\Program Files\dotnet\sdk\10.0.201\Sdks\Microsoft.NET.Sdk\targets\Microsoft.NET.DesignerSupport.targets(21,5): message :       AssignTargetPaths;
       C:\Program Files\dotnet\sdk\10.0.201\Sdks\Microsoft.NET.Sdk\targets\Microsoft.NET.DesignerSupport.targets(21,5): message :       ResolveReferences
       C:\Program Files\dotnet\sdk\10.0.201\Sdks\Microsoft.NET.Sdk\targets\Microsoft.NET.DesignerSupport.targets(21,5): message :     
       C:\Program Files\dotnet\sdk\10.0.201\Sdks\Microsoft.NET.Sdk\targets\Microsoft.NET.DesignerSupport.targets(21,5): message :     ;
       C:\Program Files\dotnet\sdk\10.0.201\Sdks\Microsoft.NET.Sdk\targets\Microsoft.NET.DesignerSupport.targets(21,5): message :       _GenerateDesignerDepsFile;
       C:\Program Files\dotnet\sdk\10.0.201\Sdks\Microsoft.NET.Sdk\targets\Microsoft.NET.DesignerSupport.targets(21,5): message :       _GenerateDesignerRuntimeConfigFile;
       C:\Program Files\dotnet\sdk\10.0.201\Sdks\Microsoft.NET.Sdk\targets\Microsoft.NET.DesignerSupport.targets(21,5): message :       GetCopyToOutputDirectoryItems;
       C:\Program Files\dotnet\sdk\10.0.201\Sdks\Microsoft.NET.Sdk\targets\Microsoft.NET.DesignerSupport.targets(21,5): message :       _GatherDesignerShadowCopyFiles;
       C:\Program Files\dotnet\sdk\10.0.201\Sdks\Microsoft.NET.Sdk\targets\Microsoft.NET.DesignerSupport.targets(21,5): message :     ”(先前值:“
       C:\Program Files\dotnet\sdk\10.0.201\Sdks\Microsoft.NET.Sdk\targets\Microsoft.NET.DesignerSupport.targets(21,5): message :       ;
       C:\Program Files\dotnet\sdk\10.0.201\Sdks\Microsoft.NET.Sdk\targets\Microsoft.NET.DesignerSupport.targets(21,5): message :       
       C:\Program Files\dotnet\sdk\10.0.201\Sdks\Microsoft.NET.Sdk\targets\Microsoft.NET.DesignerSupport.targets(21,5): message :       ;
       C:\Program Files\dotnet\sdk\10.0.201\Sdks\Microsoft.NET.Sdk\targets\Microsoft.NET.DesignerSupport.targets(21,5): message :       BuildOnlySettings;
       C:\Program Files\dotnet\sdk\10.0.201\Sdks\Microsoft.NET.Sdk\targets\Microsoft.NET.DesignerSupport.targets(21,5): message :       PrepareForBuild;
       C:\Program Files\dotnet\sdk\10.0.201\Sdks\Microsoft.NET.Sdk\targets\Microsoft.NET.DesignerSupport.targets(21,5): message :       AssignTargetPaths;
       C:\Program Files\dotnet\sdk\10.0.201\Sdks\Microsoft.NET.Sdk\targets\Microsoft.NET.DesignerSupport.targets(21,5): message :       ResolveReferences
       C:\Program Files\dotnet\sdk\10.0.201\Sdks\Microsoft.NET.Sdk\targets\Microsoft.NET.DesignerSupport.targets(21,5): message :     
       C:\Program Files\dotnet\sdk\10.0.201\Sdks\Microsoft.NET.Sdk\targets\Microsoft.NET.DesignerSupport.targets(21,5): message :     ”)
       C:\Program Files\dotnet\sdk\10.0.201\Sdks\Microsoft.NET.Sdk\targets\Microsoft.NET.Sdk.CSharp.targets(31,5): message : 在 C:\Program Files\dotnet\sdk\10.0.201\Sdks\Microsoft.NET.Sdk\targets\Microsoft.NET.Sdk.CSharp.targets (31,5) 处重新分配属性: $(DefineConstants)=“TRACE;RELEASE”(先前值:“TRACE”)
       C:\Program Files\dotnet\sdk\10.0.201\Sdks\Microsoft.NET.Sdk\targets\Microsoft.NET.Sdk.CSharp.targets(45,5): message : 在 C:\Program Files\dotnet\sdk\10.0.201\Sdks\Microsoft.NET.Sdk\targets\Microsoft.NET.Sdk.CSharp.targets (45,5) 处重新分配属性: $(WarningsAsErrors)=“;NU1605;SYSLIB0011”(先前值:“;NU1605”)
       C:\Program Files\dotnet\sdk\10.0.201\Sdks\Microsoft.NET.Sdk\targets\Microsoft.NET.Windows.targets(49,5): message : 在 C:\Program Files\dotnet\sdk\10.0.201\Sdks\Microsoft.NET.Sdk\targets\Microsoft.NET.Windows.targets (49,5) 处重新分配属性: $(TargetPlatformVersion)=“7.0”(先前值:“”)
       C:\Program Files\dotnet\sdk\10.0.201\Sdks\Microsoft.NET.Sdk\targets\Microsoft.NET.Windows.targets(50,5): message : 在 C:\Program Files\dotnet\sdk\10.0.201\Sdks\Microsoft.NET.Sdk\targets\Microsoft.NET.Windows.targets (50,5) 处重新分配属性: $(EffectiveTargetPlatformVersion)=“7.0”(先前值:“”)
       C:\Program Files\dotnet\sdk\10.0.201\Sdks\Microsoft.NET.Sdk\targets\Microsoft.NET.Windows.targets(60,5): message : 在 C:\Program Files\dotnet\sdk\10.0.201\Sdks\Microsoft.NET.Sdk\targets\Microsoft.NET.Windows.targets (60,5) 处重新分配属性: $(SupportedOSPlatformVersion)=“7.0”(先前值:“”)
       C:\Program Files\dotnet\sdk\10.0.201\Sdks\Microsoft.NET.Sdk\targets\Microsoft.NET.Windows.targets(61,5): message : 在 C:\Program Files\dotnet\sdk\10.0.201\Sdks\Microsoft.NET.Sdk\targets\Microsoft.NET.Windows.targets (61,5) 处重新分配属性: $(TargetPlatformMinVersion)=“7.0”(先前值:“”)
       C:\Program Files\dotnet\sdk\10.0.201\Sdks\Microsoft.NET.Sdk\targets\Microsoft.NET.Windows.targets(239,5): message : 在 C:\Program Files\dotnet\sdk\10.0.201\Sdks\Microsoft.NET.Sdk\targets\Microsoft.NET.Windows.targets (239,5) 处重新分配属性: $(_RunCsWinRTGeneratorPropertyInputsCachePath)=“f:\kaifa\OMI\tools\OMIManager\obj\Release\net10.0-windows\OMIManager.cswinrtgen.cache”(先前值:“obj\Release\net10.0-windows\OMIManager.cswinrtgen.cache”)
       C:\Program Files\dotnet\sdk\10.0.201\Sdks\Microsoft.NET.Sdk\targets\Microsoft.NET.Sdk.targets(1497,5): message : 在 C:\Program Files\dotnet\sdk\10.0.201\Sdks\Microsoft.NET.Sdk\targets\Microsoft.NET.Sdk.targets (1497,5) 处重新分配属性: $(TargetPlatformDisplayName)=“Windows 7.0”(先前值:“Windows ”)
       C:\Program Files\dotnet\sdk\10.0.201\Sdks\Microsoft.NET.Sdk.WindowsDesktop\targets\Microsoft.NET.Sdk.WindowsDesktop.targets(51,5): message : 在 C:\Program Files\dotnet\sdk\10.0.201\Sdks\Microsoft.NET.Sdk.WindowsDesktop\targets\Microsoft.NET.Sdk.WindowsDesktop.targets (51,5) 处重新分配属性: $(_TargetFrameworkVersionValue)=“10.0”(先前值:“0.0”)
       C:\Program Files\dotnet\sdk\10.0.201\Sdks\Microsoft.NET.Sdk.WindowsDesktop\targets\Microsoft.WinFX.targets(61,7): message : 在 C:\Program Files\dotnet\sdk\10.0.201\Sdks\Microsoft.NET.Sdk.WindowsDesktop\targets\Microsoft.WinFX.targets (61,7) 处重新分配属性: $(PrepareResourceNamesDependsOn)=“
       C:\Program Files\dotnet\sdk\10.0.201\Sdks\Microsoft.NET.Sdk.WindowsDesktop\targets\Microsoft.WinFX.targets(61,7): message :                     AssignWinFXEmbeddedResource;
       C:\Program Files\dotnet\sdk\10.0.201\Sdks\Microsoft.NET.Sdk.WindowsDesktop\targets\Microsoft.WinFX.targets(61,7): message :                     
       C:\Program Files\dotnet\sdk\10.0.201\Sdks\Microsoft.NET.Sdk.WindowsDesktop\targets\Microsoft.WinFX.targets(61,7): message :       AssignTargetPaths;
       C:\Program Files\dotnet\sdk\10.0.201\Sdks\Microsoft.NET.Sdk.WindowsDesktop\targets\Microsoft.WinFX.targets(61,7): message :       SplitResourcesByCulture;
       C:\Program Files\dotnet\sdk\10.0.201\Sdks\Microsoft.NET.Sdk.WindowsDesktop\targets\Microsoft.WinFX.targets(61,7): message :       CreateManifestResourceNames;
       C:\Program Files\dotnet\sdk\10.0.201\Sdks\Microsoft.NET.Sdk.WindowsDesktop\targets\Microsoft.WinFX.targets(61,7): message :       CreateCustomManifestResourceNames
       C:\Program Files\dotnet\sdk\10.0.201\Sdks\Microsoft.NET.Sdk.WindowsDesktop\targets\Microsoft.WinFX.targets(61,7): message :     
       C:\Program Files\dotnet\sdk\10.0.201\Sdks\Microsoft.NET.Sdk.WindowsDesktop\targets\Microsoft.WinFX.targets(61,7): message :       ”(先前值:“
       C:\Program Files\dotnet\sdk\10.0.201\Sdks\Microsoft.NET.Sdk.WindowsDesktop\targets\Microsoft.WinFX.targets(61,7): message :       AssignTargetPaths;
       C:\Program Files\dotnet\sdk\10.0.201\Sdks\Microsoft.NET.Sdk.WindowsDesktop\targets\Microsoft.WinFX.targets(61,7): message :       SplitResourcesByCulture;
       C:\Program Files\dotnet\sdk\10.0.201\Sdks\Microsoft.NET.Sdk.WindowsDesktop\targets\Microsoft.WinFX.targets(61,7): message :       CreateManifestResourceNames;
       C:\Program Files\dotnet\sdk\10.0.201\Sdks\Microsoft.NET.Sdk.WindowsDesktop\targets\Microsoft.WinFX.targets(61,7): message :       CreateCustomManifestResourceNames
       C:\Program Files\dotnet\sdk\10.0.201\Sdks\Microsoft.NET.Sdk.WindowsDesktop\targets\Microsoft.WinFX.targets(61,7): message :     ”)
       C:\Program Files\dotnet\sdk\10.0.201\Sdks\Microsoft.NET.Sdk.WindowsDesktop\targets\Microsoft.WinFX.targets(69,7): message : 在 C:\Program Files\dotnet\sdk\10.0.201\Sdks\Microsoft.NET.Sdk.WindowsDesktop\targets\Microsoft.WinFX.targets (69,7) 处重新分配属性: $(PrepareResourcesDependsOn)=“
       C:\Program Files\dotnet\sdk\10.0.201\Sdks\Microsoft.NET.Sdk.WindowsDesktop\targets\Microsoft.WinFX.targets(69,7): message :                 MarkupCompilePass1;
       C:\Program Files\dotnet\sdk\10.0.201\Sdks\Microsoft.NET.Sdk.WindowsDesktop\targets\Microsoft.WinFX.targets(69,7): message :                 AfterMarkupCompilePass1;
       C:\Program Files\dotnet\sdk\10.0.201\Sdks\Microsoft.NET.Sdk.WindowsDesktop\targets\Microsoft.WinFX.targets(69,7): message :                 MarkupCompilePass2ForMainAssembly;
       C:\Program Files\dotnet\sdk\10.0.201\Sdks\Microsoft.NET.Sdk.WindowsDesktop\targets\Microsoft.WinFX.targets(69,7): message :                 FileClassification;
       C:\Program Files\dotnet\sdk\10.0.201\Sdks\Microsoft.NET.Sdk.WindowsDesktop\targets\Microsoft.WinFX.targets(69,7): message :                 MainResourcesGeneration;
       C:\Program Files\dotnet\sdk\10.0.201\Sdks\Microsoft.NET.Sdk.WindowsDesktop\targets\Microsoft.WinFX.targets(69,7): message :                 
       C:\Program Files\dotnet\sdk\10.0.201\Sdks\Microsoft.NET.Sdk.WindowsDesktop\targets\Microsoft.WinFX.targets(69,7): message :       ResolvePackageDependenciesForBuild;
       C:\Program Files\dotnet\sdk\10.0.201\Sdks\Microsoft.NET.Sdk.WindowsDesktop\targets\Microsoft.WinFX.targets(69,7): message :       _HandlePackageFileConflicts;
       C:\Program Files\dotnet\sdk\10.0.201\Sdks\Microsoft.NET.Sdk.WindowsDesktop\targets\Microsoft.WinFX.targets(69,7): message :       
       C:\Program Files\dotnet\sdk\10.0.201\Sdks\Microsoft.NET.Sdk.WindowsDesktop\targets\Microsoft.WinFX.targets(69,7): message :       ;
       C:\Program Files\dotnet\sdk\10.0.201\Sdks\Microsoft.NET.Sdk.WindowsDesktop\targets\Microsoft.WinFX.targets(69,7): message :       PrepareResourceNames;
       C:\Program Files\dotnet\sdk\10.0.201\Sdks\Microsoft.NET.Sdk.WindowsDesktop\targets\Microsoft.WinFX.targets(69,7): message :       ResGen;
       C:\Program Files\dotnet\sdk\10.0.201\Sdks\Microsoft.NET.Sdk.WindowsDesktop\targets\Microsoft.WinFX.targets(69,7): message :       CompileLicxFiles
       C:\Program Files\dotnet\sdk\10.0.201\Sdks\Microsoft.NET.Sdk.WindowsDesktop\targets\Microsoft.WinFX.targets(69,7): message :     
       C:\Program Files\dotnet\sdk\10.0.201\Sdks\Microsoft.NET.Sdk.WindowsDesktop\targets\Microsoft.WinFX.targets(69,7): message :     
       C:\Program Files\dotnet\sdk\10.0.201\Sdks\Microsoft.NET.Sdk.WindowsDesktop\targets\Microsoft.WinFX.targets(69,7): message :       ”(先前值:“
       C:\Program Files\dotnet\sdk\10.0.201\Sdks\Microsoft.NET.Sdk.WindowsDesktop\targets\Microsoft.WinFX.targets(69,7): message :       ResolvePackageDependenciesForBuild;
       C:\Program Files\dotnet\sdk\10.0.201\Sdks\Microsoft.NET.Sdk.WindowsDesktop\targets\Microsoft.WinFX.targets(69,7): message :       _HandlePackageFileConflicts;
       C:\Program Files\dotnet\sdk\10.0.201\Sdks\Microsoft.NET.Sdk.WindowsDesktop\targets\Microsoft.WinFX.targets(69,7): message :       
       C:\Program Files\dotnet\sdk\10.0.201\Sdks\Microsoft.NET.Sdk.WindowsDesktop\targets\Microsoft.WinFX.targets(69,7): message :       ;
       C:\Program Files\dotnet\sdk\10.0.201\Sdks\Microsoft.NET.Sdk.WindowsDesktop\targets\Microsoft.WinFX.targets(69,7): message :       PrepareResourceNames;
       C:\Program Files\dotnet\sdk\10.0.201\Sdks\Microsoft.NET.Sdk.WindowsDesktop\targets\Microsoft.WinFX.targets(69,7): message :       ResGen;
       C:\Program Files\dotnet\sdk\10.0.201\Sdks\Microsoft.NET.Sdk.WindowsDesktop\targets\Microsoft.WinFX.targets(69,7): message :       CompileLicxFiles
       C:\Program Files\dotnet\sdk\10.0.201\Sdks\Microsoft.NET.Sdk.WindowsDesktop\targets\Microsoft.WinFX.targets(69,7): message :     
       C:\Program Files\dotnet\sdk\10.0.201\Sdks\Microsoft.NET.Sdk.WindowsDesktop\targets\Microsoft.WinFX.targets(69,7): message :     ”)
       C:\Program Files\dotnet\sdk\10.0.201\Sdks\Microsoft.NET.Sdk.WindowsDesktop\targets\Microsoft.WinFX.targets(136,5): message : 在 C:\Program Files\dotnet\sdk\10.0.201\Sdks\Microsoft.NET.Sdk.WindowsDesktop\targets\Microsoft.WinFX.targets (136,5) 处重新分配属性: $(CompileDependsOn)=“
       C:\Program Files\dotnet\sdk\10.0.201\Sdks\Microsoft.NET.Sdk.WindowsDesktop\targets\Microsoft.WinFX.targets(136,5): message :         
       C:\Program Files\dotnet\sdk\10.0.201\Sdks\Microsoft.NET.Sdk.WindowsDesktop\targets\Microsoft.WinFX.targets(136,5): message :       
       C:\Program Files\dotnet\sdk\10.0.201\Sdks\Microsoft.NET.Sdk.WindowsDesktop\targets\Microsoft.WinFX.targets(136,5): message :       ResolveReferences;
       C:\Program Files\dotnet\sdk\10.0.201\Sdks\Microsoft.NET.Sdk.WindowsDesktop\targets\Microsoft.WinFX.targets(136,5): message :       ResolveKeySource;
       C:\Program Files\dotnet\sdk\10.0.201\Sdks\Microsoft.NET.Sdk.WindowsDesktop\targets\Microsoft.WinFX.targets(136,5): message :       SetWin32ManifestProperties;
       C:\Program Files\dotnet\sdk\10.0.201\Sdks\Microsoft.NET.Sdk.WindowsDesktop\targets\Microsoft.WinFX.targets(136,5): message :       _SetPreferNativeArm64Win32ManifestProperties;
       C:\Program Files\dotnet\sdk\10.0.201\Sdks\Microsoft.NET.Sdk.WindowsDesktop\targets\Microsoft.WinFX.targets(136,5): message :       FindReferenceAssembliesForReferences;
       C:\Program Files\dotnet\sdk\10.0.201\Sdks\Microsoft.NET.Sdk.WindowsDesktop\targets\Microsoft.WinFX.targets(136,5): message :       _GenerateCompileInputs;
       C:\Program Files\dotnet\sdk\10.0.201\Sdks\Microsoft.NET.Sdk.WindowsDesktop\targets\Microsoft.WinFX.targets(136,5): message :       BeforeCompile;
       C:\Program Files\dotnet\sdk\10.0.201\Sdks\Microsoft.NET.Sdk.WindowsDesktop\targets\Microsoft.WinFX.targets(136,5): message :       _TimeStampBeforeCompile;
       C:\Program Files\dotnet\sdk\10.0.201\Sdks\Microsoft.NET.Sdk.WindowsDesktop\targets\Microsoft.WinFX.targets(136,5): message :       _GenerateCompileDependencyCache;
       C:\Program Files\dotnet\sdk\10.0.201\Sdks\Microsoft.NET.Sdk.WindowsDesktop\targets\Microsoft.WinFX.targets(136,5): message :       CoreCompile;
       C:\Program Files\dotnet\sdk\10.0.201\Sdks\Microsoft.NET.Sdk.WindowsDesktop\targets\Microsoft.WinFX.targets(136,5): message :       _TimeStampAfterCompile;
       C:\Program Files\dotnet\sdk\10.0.201\Sdks\Microsoft.NET.Sdk.WindowsDesktop\targets\Microsoft.WinFX.targets(136,5): message :       AfterCompile;
       C:\Program Files\dotnet\sdk\10.0.201\Sdks\Microsoft.NET.Sdk.WindowsDesktop\targets\Microsoft.WinFX.targets(136,5): message :     ;
       C:\Program Files\dotnet\sdk\10.0.201\Sdks\Microsoft.NET.Sdk.WindowsDesktop\targets\Microsoft.WinFX.targets(136,5): message :       _CreateAppHost;
       C:\Program Files\dotnet\sdk\10.0.201\Sdks\Microsoft.NET.Sdk.WindowsDesktop\targets\Microsoft.WinFX.targets(136,5): message :       _CreateComHost;
       C:\Program Files\dotnet\sdk\10.0.201\Sdks\Microsoft.NET.Sdk.WindowsDesktop\targets\Microsoft.WinFX.targets(136,5): message :       _GetIjwHostPaths;
       C:\Program Files\dotnet\sdk\10.0.201\Sdks\Microsoft.NET.Sdk.WindowsDesktop\targets\Microsoft.WinFX.targets(136,5): message :     ;
       C:\Program Files\dotnet\sdk\10.0.201\Sdks\Microsoft.NET.Sdk.WindowsDesktop\targets\Microsoft.WinFX.targets(136,5): message :         _AfterCompileWinFXInternal
       C:\Program Files\dotnet\sdk\10.0.201\Sdks\Microsoft.NET.Sdk.WindowsDesktop\targets\Microsoft.WinFX.targets(136,5): message :     ”(先前值:“
       C:\Program Files\dotnet\sdk\10.0.201\Sdks\Microsoft.NET.Sdk.WindowsDesktop\targets\Microsoft.WinFX.targets(136,5): message :       
       C:\Program Files\dotnet\sdk\10.0.201\Sdks\Microsoft.NET.Sdk.WindowsDesktop\targets\Microsoft.WinFX.targets(136,5): message :       ResolveReferences;
       C:\Program Files\dotnet\sdk\10.0.201\Sdks\Microsoft.NET.Sdk.WindowsDesktop\targets\Microsoft.WinFX.targets(136,5): message :       ResolveKeySource;
       C:\Program Files\dotnet\sdk\10.0.201\Sdks\Microsoft.NET.Sdk.WindowsDesktop\targets\Microsoft.WinFX.targets(136,5): message :       SetWin32ManifestProperties;
       C:\Program Files\dotnet\sdk\10.0.201\Sdks\Microsoft.NET.Sdk.WindowsDesktop\targets\Microsoft.WinFX.targets(136,5): message :       _SetPreferNativeArm64Win32ManifestProperties;
       C:\Program Files\dotnet\sdk\10.0.201\Sdks\Microsoft.NET.Sdk.WindowsDesktop\targets\Microsoft.WinFX.targets(136,5): message :       FindReferenceAssembliesForReferences;
       C:\Program Files\dotnet\sdk\10.0.201\Sdks\Microsoft.NET.Sdk.WindowsDesktop\targets\Microsoft.WinFX.targets(136,5): message :       _GenerateCompileInputs;
       C:\Program Files\dotnet\sdk\10.0.201\Sdks\Microsoft.NET.Sdk.WindowsDesktop\targets\Microsoft.WinFX.targets(136,5): message :       BeforeCompile;
       C:\Program Files\dotnet\sdk\10.0.201\Sdks\Microsoft.NET.Sdk.WindowsDesktop\targets\Microsoft.WinFX.targets(136,5): message :       _TimeStampBeforeCompile;
       C:\Program Files\dotnet\sdk\10.0.201\Sdks\Microsoft.NET.Sdk.WindowsDesktop\targets\Microsoft.WinFX.targets(136,5): message :       _GenerateCompileDependencyCache;
       C:\Program Files\dotnet\sdk\10.0.201\Sdks\Microsoft.NET.Sdk.WindowsDesktop\targets\Microsoft.WinFX.targets(136,5): message :       CoreCompile;
       C:\Program Files\dotnet\sdk\10.0.201\Sdks\Microsoft.NET.Sdk.WindowsDesktop\targets\Microsoft.WinFX.targets(136,5): message :       _TimeStampAfterCompile;
       C:\Program Files\dotnet\sdk\10.0.201\Sdks\Microsoft.NET.Sdk.WindowsDesktop\targets\Microsoft.WinFX.targets(136,5): message :       AfterCompile;
       C:\Program Files\dotnet\sdk\10.0.201\Sdks\Microsoft.NET.Sdk.WindowsDesktop\targets\Microsoft.WinFX.targets(136,5): message :     ;
       C:\Program Files\dotnet\sdk\10.0.201\Sdks\Microsoft.NET.Sdk.WindowsDesktop\targets\Microsoft.WinFX.targets(136,5): message :       _CreateAppHost;
       C:\Program Files\dotnet\sdk\10.0.201\Sdks\Microsoft.NET.Sdk.WindowsDesktop\targets\Microsoft.WinFX.targets(136,5): message :       _CreateComHost;
       C:\Program Files\dotnet\sdk\10.0.201\Sdks\Microsoft.NET.Sdk.WindowsDesktop\targets\Microsoft.WinFX.targets(136,5): message :       _GetIjwHostPaths;
       C:\Program Files\dotnet\sdk\10.0.201\Sdks\Microsoft.NET.Sdk.WindowsDesktop\targets\Microsoft.WinFX.targets(136,5): message :     ”)
       C:\Program Files\dotnet\sdk\10.0.201\Sdks\Microsoft.NET.Sdk.WindowsDesktop\targets\Microsoft.WinFX.targets(803,9): message : 在 C:\Program Files\dotnet\sdk\10.0.201\Sdks\Microsoft.NET.Sdk.WindowsDesktop\targets\Microsoft.WinFX.targets (803,9) 处重新分配属性: $(PublishBuildDependsOn)=“
       C:\Program Files\dotnet\sdk\10.0.201\Sdks\Microsoft.NET.Sdk.WindowsDesktop\targets\Microsoft.WinFX.targets(803,9): message :             BuildOnlySettings;
       C:\Program Files\dotnet\sdk\10.0.201\Sdks\Microsoft.NET.Sdk.WindowsDesktop\targets\Microsoft.WinFX.targets(803,9): message :             PrepareForBuild;
       C:\Program Files\dotnet\sdk\10.0.201\Sdks\Microsoft.NET.Sdk.WindowsDesktop\targets\Microsoft.WinFX.targets(803,9): message :             ResolveReferences;
       C:\Program Files\dotnet\sdk\10.0.201\Sdks\Microsoft.NET.Sdk.WindowsDesktop\targets\Microsoft.WinFX.targets(803,9): message :             PrepareResources;
       C:\Program Files\dotnet\sdk\10.0.201\Sdks\Microsoft.NET.Sdk.WindowsDesktop\targets\Microsoft.WinFX.targets(803,9): message :             ResolveKeySource;
       C:\Program Files\dotnet\sdk\10.0.201\Sdks\Microsoft.NET.Sdk.WindowsDesktop\targets\Microsoft.WinFX.targets(803,9): message :             PrepareResourcesForSatelliteAssemblies;
       C:\Program Files\dotnet\sdk\10.0.201\Sdks\Microsoft.NET.Sdk.WindowsDesktop\targets\Microsoft.WinFX.targets(803,9): message :             GenerateSerializationAssemblies;
       C:\Program Files\dotnet\sdk\10.0.201\Sdks\Microsoft.NET.Sdk.WindowsDesktop\targets\Microsoft.WinFX.targets(803,9): message :             CreateSatelliteAssemblies;
       C:\Program Files\dotnet\sdk\10.0.201\Sdks\Microsoft.NET.Sdk.WindowsDesktop\targets\Microsoft.WinFX.targets(803,9): message :         ”(先前值:“
       C:\Program Files\dotnet\sdk\10.0.201\Sdks\Microsoft.NET.Sdk.WindowsDesktop\targets\Microsoft.WinFX.targets(803,9): message :       BuildOnlySettings;
       C:\Program Files\dotnet\sdk\10.0.201\Sdks\Microsoft.NET.Sdk.WindowsDesktop\targets\Microsoft.WinFX.targets(803,9): message :       PrepareForBuild;
       C:\Program Files\dotnet\sdk\10.0.201\Sdks\Microsoft.NET.Sdk.WindowsDesktop\targets\Microsoft.WinFX.targets(803,9): message :       ResolveReferences;
       C:\Program Files\dotnet\sdk\10.0.201\Sdks\Microsoft.NET.Sdk.WindowsDesktop\targets\Microsoft.WinFX.targets(803,9): message :       PrepareResources;
       C:\Program Files\dotnet\sdk\10.0.201\Sdks\Microsoft.NET.Sdk.WindowsDesktop\targets\Microsoft.WinFX.targets(803,9): message :       ResolveKeySource;
       C:\Program Files\dotnet\sdk\10.0.201\Sdks\Microsoft.NET.Sdk.WindowsDesktop\targets\Microsoft.WinFX.targets(803,9): message :       GenerateSerializationAssemblies;
       C:\Program Files\dotnet\sdk\10.0.201\Sdks\Microsoft.NET.Sdk.WindowsDesktop\targets\Microsoft.WinFX.targets(803,9): message :       CreateSatelliteAssemblies;
       C:\Program Files\dotnet\sdk\10.0.201\Sdks\Microsoft.NET.Sdk.WindowsDesktop\targets\Microsoft.WinFX.targets(803,9): message :     ”)
       C:\Program Files\dotnet\sdk\10.0.201\NuGet.Build.Tasks.Pack.targets(34,5): message : 在 C:\Program Files\dotnet\sdk\10.0.201\NuGet.Build.Tasks.Pack.targets (34,5) 处重新分配属性: $(PackageDescription)=“Package Description”(先前值:“”)
       C:\Program Files\dotnet\sdk\10.0.201\NuGet.Build.Tasks.Pack.targets(59,5): message : 在 C:\Program Files\dotnet\sdk\10.0.201\NuGet.Build.Tasks.Pack.targets (59,5) 处重新分配属性: $(GenerateNuspecDependsOn)=“Build;_LoadPackInputItems; _GetTargetFrameworksOutput; _WalkEachTargetPerFramework; _GetPackageFiles; ”(先前值:“_LoadPackInputItems; _GetTargetFrameworksOutput; _WalkEachTargetPerFramework; _GetPackageFiles; ”)
       C:\Program Files\dotnet\sdk\10.0.201\Sdks\Microsoft.NET.Sdk\Sdk\Sdk.targets(59,5): message : 在 C:\Program Files\dotnet\sdk\10.0.201\Sdks\Microsoft.NET.Sdk\Sdk\Sdk.targets (59,5) 处重新分配属性: $(_IsNotSetContainersTargetsDir)=“true”(先前值:“false”)
       C:\Program Files\dotnet\sdk\10.0.201\Containers\build\Microsoft.NET.Build.Containers.targets(5,5): message : 在 C:\Program Files\dotnet\sdk\10.0.201\Containers\build\Microsoft.NET.Build.Containers.targets (5,5) 处重新分配属性: $(_IsSDKContainerAllowedVersion)=“true”(先前值:“false”)
       C:\Program Files\dotnet\sdk\10.0.201\Containers\build\Microsoft.NET.Build.Containers.targets(15,5): message : 在 C:\Program Files\dotnet\sdk\10.0.201\Containers\build\Microsoft.NET.Build.Containers.targets (15,5) 处重新分配属性: $(_ContainerIsTargetingNet8TFM)=“true”(先前值:“false”)
       正在使用项目“C:\Program Files\dotnet\sdk\10.0.201\Sdks\Microsoft.NET.Sdk\targets\Microsoft.NET.Sdk.FrameworkReferenceResolution.targets”中的目标“ResolveFrameworkReferences”重写项目“C:\Program Files\dotnet\sdk\10.0.201\Microsoft.Common.CurrentVersion.targets”中的目标“ResolveFrameworkReferences”。
       正在使用项目“C:\Program Files\dotnet\sdk\10.0.201\Sdks\Microsoft.NET.Sdk\targets\Microsoft.NET.Sdk.targets”中的目标“GenerateSupportedTargetFrameworkAlias”重写项目“C:\Program Files\dotnet\sdk\10.0.201\Microsoft.Common.CurrentVersion.targets”中的目标“GenerateSupportedTargetFrameworkAlias”。
       正在使用项目“C:\Program Files\dotnet\sdk\10.0.201\Sdks\Microsoft.NET.Sdk\targets\Microsoft.NET.DisableStandardFrameworkResolution.targets”中的目标“GetReferenceAssemblyPaths”重写项目“C:\Program Files\dotnet\sdk\10.0.201\Microsoft.Common.CurrentVersion.targets”中的目标“GetReferenceAssemblyPaths”。
       正在使用项目“C:\Program Files\dotnet\sdk\10.0.201\Sdks\Microsoft.NET.Sdk\targets\Microsoft.NET.DisableStandardFrameworkResolution.targets”中的目标“GetFrameworkPaths”重写项目“C:\Program Files\dotnet\sdk\10.0.201\Microsoft.Common.CurrentVersion.targets”中的目标“GetFrameworkPaths”。
       正在使用项目“C:\Program Files\dotnet\sdk\10.0.201\Sdks\Microsoft.NET.Sdk\targets\Microsoft.NET.DesignerSupport.targets”中的目标“DesignerRuntimeImplementationProjectOutputGroup”重写项目“C:\Program Files\dotnet\sdk\10.0.201\Microsoft.Common.CurrentVersion.targets”中的目标“DesignerRuntimeImplementationProjectOutputGroup”。
       正在使用项目“C:\Program Files\dotnet\sdk\10.0.201\Sdks\Microsoft.NET.Sdk\targets\Microsoft.NET.Publish.targets”中的目标“Publish”重写项目“C:\Program Files\dotnet\sdk\10.0.201\Microsoft.Common.CurrentVersion.targets”中的目标“Publish”。
       正在使用项目“C:\Program Files\dotnet\sdk\10.0.201\Sdks\Microsoft.NET.Sdk\targets\Microsoft.NET.Publish.targets”中的目标“ResolveReadyToRunCompilers”重写项目“C:\Program Files\dotnet\sdk\10.0.201\Sdks\Microsoft.NET.Sdk\targets\Microsoft.NET.CrossGen.targets”中的目标“ResolveReadyToRunCompilers”。
       正在使用项目“C:\Program Files\dotnet\sdk\10.0.201\Sdks\Microsoft.NET.Sdk\targets\Microsoft.NET.Publish.targets”中的目标“GetCopyToPublishDirectoryItems”重写项目“C:\Program Files\dotnet\sdk\10.0.201\Microsoft.Common.CurrentVersion.targets”中的目标“GetCopyToPublishDirectoryItems”。
       正在使用项目“C:\Program Files\dotnet\sdk\10.0.201\Sdks\Microsoft.NET.Sdk\targets\Microsoft.NET.Sdk.targets”中的目标“Run”重写项目“C:\Program Files\dotnet\sdk\10.0.201\Microsoft.Common.CurrentVersion.targets”中的目标“Run”。
       正在使用项目“C:\Program Files\dotnet\sdk\10.0.201\Sdks\Microsoft.NET.Sdk.WindowsDesktop\targets\Microsoft.WinFX.targets”中的目标“SatelliteDllsProjectOutputGroup”重写项目“C:\Program Files\dotnet\sdk\10.0.201\Microsoft.Common.CurrentVersion.targets”中的目标“SatelliteDllsProjectOutputGroup”。
     1>项目“f:\kaifa\OMI\tools\OMIManager\OMIManager.csproj”(1)正在节点 1 上生成“f:\kaifa\OMI\tools\OMIManager\OMIManager.csproj”(1:2) (_IsProjectRestoreSupported 个目标)。
   1:2>来自项目“f:\kaifa\OMI\tools\OMIManager\OMIManager.csproj”的文件“C:\Program Files\dotnet\sdk\10.0.201\NuGet.targets”中的目标“_IsProjectRestoreSupported”(入口点):
   1:2>已完成在项目“OMIManager.csproj”中生成目标“_IsProjectRestoreSupported”的操作。
   1:2>已完成生成项目“f:\kaifa\OMI\tools\OMIManager\OMIManager.csproj”(_IsProjectRestoreSupported 个目标)的操作。
     1>已完成执行任务“MSBuild”的操作。
       在 TaskRun 期间加载的程序集: NuGet.Build.Tasks, Version=7.3.0.0, Culture=neutral, PublicKeyToken=31bf3856ad364e35 (位置: C:\Program Files\dotnet\sdk\10.0.201\NuGet.Build.Tasks.dll，MVID: bb18c520-9da2-43c5-9560-6dac45021437，AssemblyLoadContext: MSBuild plugin C:\Program Files\dotnet\sdk\10.0.201\NuGet.Build.Tasks.dll)
       在 TaskRun 期间加载的程序集: NuGet.Common, Version=7.3.0.0, Culture=neutral, PublicKeyToken=31bf3856ad364e35 (位置: C:\Program Files\dotnet\sdk\10.0.201\NuGet.Common.dll，MVID: 678ca447-e461-409c-b2e4-33ae4a4c5189，AssemblyLoadContext: MSBuild plugin C:\Program Files\dotnet\sdk\10.0.201\NuGet.Build.Tasks.dll)
       在 TaskRun 期间加载的程序集: NuGet.Commands, Version=7.3.0.0, Culture=neutral, PublicKeyToken=31bf3856ad364e35 (位置: C:\Program Files\dotnet\sdk\10.0.201\NuGet.Commands.dll，MVID: b4b900b0-1d30-4bbb-8291-e73f0e9c8e19，AssemblyLoadContext: MSBuild plugin C:\Program Files\dotnet\sdk\10.0.201\NuGet.Build.Tasks.dll)
       在 TaskRun 期间加载的程序集: NuGet.ProjectModel, Version=7.3.0.0, Culture=neutral, PublicKeyToken=31bf3856ad364e35 (位置: C:\Program Files\dotnet\sdk\10.0.201\NuGet.ProjectModel.dll，MVID: 39a9f9ee-ebad-4de5-9b12-55e9e06fd91e，AssemblyLoadContext: MSBuild plugin C:\Program Files\dotnet\sdk\10.0.201\NuGet.Build.Tasks.dll)
       正在使用程序集“C:\Program Files\dotnet\sdk\10.0.201\NuGet.Build.Tasks.dll”中的“WarnForInvalidProjectsTask”任务。
       任务“WarnForInvalidProjectsTask”
       已完成执行任务“WarnForInvalidProjectsTask”的操作。
     1>已完成在项目“OMIManager.csproj”中生成目标“_FilterRestoreGraphProjectInputItems”的操作。
       已跳过目标“_FilterRestoreGraphProjectInputItems”。以前的生成已成功。
     1>来自项目“f:\kaifa\OMI\tools\OMIManager\OMIManager.csproj”的文件“C:\Program Files\dotnet\sdk\10.0.201\NuGet.targets”中的目标“_GetAllRestoreProjectPathItems”(目标“_GenerateRestoreGraph”依赖于它):
       正在使用程序集“C:\Program Files\dotnet\sdk\10.0.201\NuGet.Build.Tasks.dll”中的“NuGetMessageTask”任务。
       任务“NuGetMessageTask”
         在 TaskRun (NuGet.Build.Tasks.NuGetMessageTask) 期间加载的程序集: NuGet.Build.Tasks.resources, Version=7.3.0.0, Culture=zh-Hans, PublicKeyToken=31bf3856ad364e35 (位置: C:\Program Files\dotnet\sdk\10.0.201\zh-Hans\NuGet.Build.Tasks.resources.dll，MVID: 86a0324a-fdc8-47c0-ae7e-08cc48462676，AssemblyLoadContext: MSBuild plugin C:\Program Files\dotnet\sdk\10.0.201\NuGet.Build.Tasks.dll)
         正在确定要还原的项目…
       已完成执行任务“NuGetMessageTask”的操作。
       任务“MSBuild”
         全局属性:
           ExcludeRestorePackageImports=true
     1>项目“f:\kaifa\OMI\tools\OMIManager\OMIManager.csproj”(1)正在节点 1 上生成“f:\kaifa\OMI\tools\OMIManager\OMIManager.csproj”(1:3) (_GenerateRestoreProjectPathWalk 个目标)。
   1:3>来自项目“f:\kaifa\OMI\tools\OMIManager\OMIManager.csproj”的文件“C:\Program Files\dotnet\sdk\10.0.201\NuGet.targets”中的目标“_GenerateRestoreProjectPathItemsPerFramework”(目标“_GenerateRestoreProjectPathItemsCurrentProject”依赖于它):
   1:3>正在使用程序集“Microsoft.Build.Tasks.Core, Version=15.1.0.0, Culture=neutral, PublicKeyToken=b03f5f7f11d50a3a”中的“ConvertToAbsolutePath”任务。
       任务“ConvertToAbsolutePath”
       已完成执行任务“ConvertToAbsolutePath”的操作。
   1:3>已完成在项目“OMIManager.csproj”中生成目标“_GenerateRestoreProjectPathItemsPerFramework”的操作。
   1:3>来自项目“f:\kaifa\OMI\tools\OMIManager\OMIManager.csproj”的文件“C:\Program Files\dotnet\sdk\10.0.201\NuGet.targets”中的目标“_GenerateRestoreProjectPathItemsCurrentProject”(目标“_GenerateRestoreProjectPathItems”依赖于它):
   1:3>已完成在项目“OMIManager.csproj”中生成目标“_GenerateRestoreProjectPathItemsCurrentProject”的操作。
   1:3>来自项目“f:\kaifa\OMI\tools\OMIManager\OMIManager.csproj”的文件“C:\Program Files\dotnet\sdk\10.0.201\NuGet.targets”中的目标“_GenerateRestoreProjectPathItems”(目标“_GenerateRestoreProjectPathWalk”依赖于它):
       任务“RemoveDuplicates”
       已完成执行任务“RemoveDuplicates”的操作。
   1:3>已完成在项目“OMIManager.csproj”中生成目标“_GenerateRestoreProjectPathItems”的操作。
   1:3>来自项目“f:\kaifa\OMI\tools\OMIManager\OMIManager.csproj”的文件“C:\Program Files\dotnet\sdk\10.0.201\NuGet.targets”中的目标“_GenerateRestoreProjectPathWalk”(入口点):
       任务“MSBuild”
       已完成执行任务“MSBuild”的操作。
       任务“RemoveDuplicates”
       已完成执行任务“RemoveDuplicates”的操作。
   1:3>已完成在项目“OMIManager.csproj”中生成目标“_GenerateRestoreProjectPathWalk”的操作。
   1:3>已完成生成项目“f:\kaifa\OMI\tools\OMIManager\OMIManager.csproj”(_GenerateRestoreProjectPathWalk 个目标)的操作。
     1>已完成执行任务“MSBuild”的操作。
       任务“RemoveDuplicates”
       已完成执行任务“RemoveDuplicates”的操作。
       任务“MSBuild”
         全局属性:
           ExcludeRestorePackageImports=true
     1>项目“f:\kaifa\OMI\tools\OMIManager\OMIManager.csproj”(1)正在节点 1 上生成“f:\kaifa\OMI\tools\OMIManager\OMIManager.csproj”(1:4) (_IsProjectRestoreSupported 个目标)。
   1:4>已跳过目标“_IsProjectRestoreSupported”。以前的生成已成功。
   1:4>已完成生成项目“f:\kaifa\OMI\tools\OMIManager\OMIManager.csproj”(_IsProjectRestoreSupported 个目标)的操作。
     1>已完成执行任务“MSBuild”的操作。
     1>已完成在项目“OMIManager.csproj”中生成目标“_GetAllRestoreProjectPathItems”的操作。
     1>来自项目“f:\kaifa\OMI\tools\OMIManager\OMIManager.csproj”的文件“C:\Program Files\dotnet\sdk\10.0.201\NuGet.targets”中的目标“_GenerateRestoreGraph”(目标“Restore”依赖于它):
       正在使用程序集“Microsoft.Build.Tasks.Core, Version=15.1.0.0, Culture=neutral, PublicKeyToken=b03f5f7f11d50a3a”中的“Message”任务。
       任务“Message”
         Generating dg file
       已完成执行任务“Message”的操作。
       任务“Message”
         f:\kaifa\OMI\tools\OMIManager\OMIManager.csproj
       已完成执行任务“Message”的操作。
       任务“MSBuild”
         全局属性:
           ExcludeRestorePackageImports=true
     1>项目“f:\kaifa\OMI\tools\OMIManager\OMIManager.csproj”(1)正在节点 1 上生成“f:\kaifa\OMI\tools\OMIManager\OMIManager.csproj”(1:5) (_GenerateRestoreGraphProjectEntry 个目标)。
   1:5>来自项目“f:\kaifa\OMI\tools\OMIManager\OMIManager.csproj”的文件“C:\Program Files\dotnet\sdk\10.0.201\Sdks\Microsoft.NET.Sdk\targets\Microsoft.NET.TargetFrameworkInference.targets”中的目标“_CheckForUnsupportedTargetPlatformIdentifier”(目标“CollectPackageReferences”依赖于它):
   1:5>已完成在项目“OMIManager.csproj”中生成目标“_CheckForUnsupportedTargetPlatformIdentifier”的操作。
   1:5>来自项目“f:\kaifa\OMI\tools\OMIManager\OMIManager.csproj”的文件“C:\Program Files\dotnet\sdk\10.0.201\Sdks\Microsoft.NET.Sdk\targets\Microsoft.NET.TargetFrameworkInference.targets”中的目标“_CheckForUnsupportedNETCoreVersion”(目标“CollectPackageReferences”依赖于它):
   1:5>已完成在项目“OMIManager.csproj”中生成目标“_CheckForUnsupportedNETCoreVersion”的操作。
   1:5>来自项目“f:\kaifa\OMI\tools\OMIManager\OMIManager.csproj”的文件“C:\Program Files\dotnet\sdk\10.0.201\Sdks\Microsoft.NET.Sdk\targets\Microsoft.NET.TargetFrameworkInference.targets”中的目标“_CheckForUnsupportedCppNETCoreVersion”(目标“CollectPackageReferences”依赖于它):
   1:5>已完成在项目“OMIManager.csproj”中生成目标“_CheckForUnsupportedCppNETCoreVersion”的操作。
   1:5>来自项目“f:\kaifa\OMI\tools\OMIManager\OMIManager.csproj”的文件“C:\Program Files\dotnet\sdk\10.0.201\Sdks\Microsoft.NET.Sdk\targets\Microsoft.NET.Sdk.DefaultItems.Shared.targets”中的目标“CheckForImplicitPackageReferenceOverrides”(目标“CollectPackageReferences”依赖于它):
       正在使用程序集“C:\Program Files\dotnet\sdk\10.0.201\Sdks\Microsoft.NET.Sdk\targets\..\tools\net10.0\Microsoft.NET.Build.Tasks.dll”中的“CheckForImplicitPackageReferenceOverrides”任务。
       任务“CheckForImplicitPackageReferenceOverrides”
       已完成执行任务“CheckForImplicitPackageReferenceOverrides”的操作。
   1:5>已完成在项目“OMIManager.csproj”中生成目标“CheckForImplicitPackageReferenceOverrides”的操作。
   1:5>来自项目“f:\kaifa\OMI\tools\OMIManager\OMIManager.csproj”的文件“C:\Program Files\dotnet\sdk\10.0.201\Sdks\Microsoft.NET.Sdk\targets\Microsoft.NET.Sdk.FrameworkReferenceResolution.targets”中的目标“AddWindowsSdkKnownFrameworkReferences”(目标“ProcessFrameworkReferences”依赖于它):
       正在使用程序集“C:\Program Files\dotnet\sdk\10.0.201\Sdks\Microsoft.NET.Sdk\targets\..\tools\net10.0\Microsoft.NET.Build.Tasks.dll”中的“CreateWindowsSdkKnownFrameworkReferences”任务。
       任务“CreateWindowsSdkKnownFrameworkReferences”
       已完成执行任务“CreateWindowsSdkKnownFrameworkReferences”的操作。
   1:5>已完成在项目“OMIManager.csproj”中生成目标“AddWindowsSdkKnownFrameworkReferences”的操作。
   1:5>来自项目“f:\kaifa\OMI\tools\OMIManager\OMIManager.csproj”的文件“C:\Program Files\dotnet\sdk\10.0.201\Sdks\Microsoft.NET.Sdk\targets\Microsoft.NET.TargetFrameworkInference.targets”中的目标“_NormalizeTargetPlatformVersion”(目标“ProcessFrameworkReferences”依赖于它):
   1:5>已完成在项目“OMIManager.csproj”中生成目标“_NormalizeTargetPlatformVersion”的操作。
   1:5>来自项目“f:\kaifa\OMI\tools\OMIManager\OMIManager.csproj”的文件“C:\Program Files\dotnet\sdk\10.0.201\Sdks\Microsoft.NET.Sdk\targets\Microsoft.NET.RuntimeIdentifierInference.targets”中的目标“_CheckForLanguageAndFeatureCombinationSupport”(目标“ProcessFrameworkReferences”依赖于它):
   1:5>已完成在项目“OMIManager.csproj”中生成目标“_CheckForLanguageAndFeatureCombinationSupport”的操作。
   1:5>来自项目“f:\kaifa\OMI\tools\OMIManager\OMIManager.csproj”的文件“C:\Program Files\dotnet\sdk\10.0.201\Sdks\Microsoft.NET.Sdk\targets\Microsoft.NET.Publish.targets”中的目标“_ComputeToolPackInputsToProcessFrameworkReferences”(目标“ProcessFrameworkReferences”依赖于它):
   1:5>已完成在项目“OMIManager.csproj”中生成目标“_ComputeToolPackInputsToProcessFrameworkReferences”的操作。
   1:5>来自项目“f:\kaifa\OMI\tools\OMIManager\OMIManager.csproj”的文件“C:\Program Files\dotnet\sdk\10.0.201\Sdks\Microsoft.NET.Sdk\targets\Microsoft.NET.Sdk.FrameworkReferenceResolution.targets”中的目标“ProcessFrameworkReferences”(目标“CollectPackageReferences”依赖于它):
       正在使用程序集“C:\Program Files\dotnet\sdk\10.0.201\Sdks\Microsoft.NET.Sdk\targets\..\tools\net10.0\Microsoft.NET.Build.Tasks.dll”中的“CheckForDuplicateFrameworkReferences”任务。
       任务“CheckForDuplicateFrameworkReferences”
       已完成执行任务“CheckForDuplicateFrameworkReferences”的操作。
       正在使用程序集“C:\Program Files\dotnet\sdk\10.0.201\Sdks\Microsoft.NET.Sdk\targets\..\tools\net10.0\Microsoft.NET.Build.Tasks.dll”中的“ProcessFrameworkReferences”任务。
       任务“ProcessFrameworkReferences”
         Found 2 known framework references for target framework .NETCoreApp
         Found 5 known runtime packs for target framework .NETCoreApp
         Selected Microsoft.NETCore.App with RIDs 'linux-arm;linux-arm64;linux-musl-arm64;linux-musl-x64;linux-x64;osx-x64;tizen.4.0.0-armel;tizen.5.0.0-armel;win-arm64;win-x64;win-x86;linux-musl-arm;osx-arm64;linux-s390x;linux-loongarch64;linux-bionic-arm;linux-bionic-arm64;linux-bionic-x64;linux-bionic-x86;linux-ppc64le;freebsd-x64;freebsd-arm64;linux-riscv64;linux-musl-riscv64;linux-musl-loongarch64;android-arm64;android-x64'
         Selected targeting pack 'Microsoft.NETCore.App@10.0.5'
         Added runtime framework 'Microsoft.NETCore.App@10.0.0'
         Selected Microsoft.WindowsDesktop.App with RIDs 'win-x64;win-x86;win-arm64'
         Selected targeting pack 'Microsoft.WindowsDesktop.App@10.0.5'
         Added runtime framework 'Microsoft.WindowsDesktop.App@10.0.0'
         Selected Microsoft.WindowsDesktop.App with RIDs 'win-x64;win-x86;win-arm64'
         Selected targeting pack 'Microsoft.WindowsDesktop.App.WPF@10.0.5'
         Added runtime framework 'Microsoft.WindowsDesktop.App@10.0.0'
         Selected Microsoft.WindowsDesktop.App with RIDs 'win-x64;win-x86;win-arm64'
         Selected targeting pack 'Microsoft.WindowsDesktop.App.WindowsForms@10.0.5'
         Added runtime framework 'Microsoft.WindowsDesktop.App@10.0.0'
         Selected Microsoft.AspNetCore.App with RIDs 'win-x64;win-x86;osx-x64;linux-musl-x64;linux-musl-arm64;linux-x64;linux-arm;linux-arm64;linux-musl-arm;win-arm64;osx-arm64;linux-s390x;linux-loongarch64;linux-ppc64le;freebsd-x64;freebsd-arm64;linux-riscv64;linux-musl-riscv64;linux-loongarch64;linux-musl-loongarch64'
         Selected targeting pack 'Microsoft.AspNetCore.App@10.0.5'
         Added runtime framework 'Microsoft.AspNetCore.App@10.0.0'
       已完成执行任务“ProcessFrameworkReferences”的操作。
       正在使用程序集“C:\Program Files\dotnet\sdk\10.0.201\Sdks\Microsoft.NET.Sdk\targets\..\tools\net10.0\Microsoft.NET.Build.Tasks.dll”中的“ResolveAppHosts”任务。
       任务“ResolveAppHosts”
       已完成执行任务“ResolveAppHosts”的操作。
   1:5>已完成在项目“OMIManager.csproj”中生成目标“ProcessFrameworkReferences”的操作。
   1:5>来自项目“f:\kaifa\OMI\tools\OMIManager\OMIManager.csproj”的文件“C:\Program Files\dotnet\sdk\10.0.201\Sdks\Microsoft.NET.Sdk\targets\Microsoft.NET.ObsoleteReferences.targets”中的目标“_CheckForObsoleteDotNetCliToolReferences”(目标“CollectPackageReferences”依赖于它):
   1:5>已完成在项目“OMIManager.csproj”中生成目标“_CheckForObsoleteDotNetCliToolReferences”的操作。
   1:5>来自项目“f:\kaifa\OMI\tools\OMIManager\OMIManager.csproj”的文件“C:\Program Files\dotnet\sdk\10.0.201\NuGet.targets”中的目标“CollectPackageReferences”(目标“_GetRestoreProjectStyle”依赖于它):
       正在使用程序集“C:\Program Files\dotnet\sdk\10.0.201\NuGet.Build.Tasks.dll”中的“CheckForDuplicateNuGetItemsTask”任务。
       任务“CheckForDuplicateNuGetItemsTask”
       已完成执行任务“CheckForDuplicateNuGetItemsTask”的操作。
   1:5>已完成在项目“OMIManager.csproj”中生成目标“CollectPackageReferences”的操作。
   1:5>来自项目“f:\kaifa\OMI\tools\OMIManager\OMIManager.csproj”的文件“C:\Program Files\dotnet\sdk\10.0.201\NuGet.targets”中的目标“_GetRestoreProjectStyle”(目标“_GenerateRestoreSpecs”依赖于它):
       正在使用程序集“C:\Program Files\dotnet\sdk\10.0.201\NuGet.Build.Tasks.dll”中的“GetRestoreProjectStyleTask”任务。
       任务“GetRestoreProjectStyleTask”
       已完成执行任务“GetRestoreProjectStyleTask”的操作。
   1:5>已完成在项目“OMIManager.csproj”中生成目标“_GetRestoreProjectStyle”的操作。
   1:5>来自项目“f:\kaifa\OMI\tools\OMIManager\OMIManager.csproj”的文件“C:\Program Files\dotnet\sdk\10.0.201\NuGet.targets”中的目标“_GenerateRestoreSpecs”(目标“_GenerateRestoreGraphProjectEntry”依赖于它):
       任务“Message”
         Restore entry point f:\kaifa\OMI\tools\OMIManager\OMIManager.csproj
       已完成执行任务“Message”的操作。
   1:5>已完成在项目“OMIManager.csproj”中生成目标“_GenerateRestoreSpecs”的操作。
   1:5>来自项目“f:\kaifa\OMI\tools\OMIManager\OMIManager.csproj”的文件“C:\Program Files\dotnet\sdk\10.0.201\NuGet.targets”中的目标“_GetRestoreSettingsOverrides”(目标“_GetRestoreSettings”依赖于它):
   1:5>已完成在项目“OMIManager.csproj”中生成目标“_GetRestoreSettingsOverrides”的操作。
   1:5>来自项目“f:\kaifa\OMI\tools\OMIManager\OMIManager.csproj”的文件“C:\Program Files\dotnet\sdk\10.0.201\NuGet.targets”中的目标“_GetRestoreSettingsPerFramework”(目标“_GetRestoreSettingsCurrentProject”依赖于它):
   1:5>已完成在项目“OMIManager.csproj”中生成目标“_GetRestoreSettingsPerFramework”的操作。
   1:5>来自项目“f:\kaifa\OMI\tools\OMIManager\OMIManager.csproj”的文件“C:\Program Files\dotnet\sdk\10.0.201\NuGet.targets”中的目标“_GetRestoreSettingsCurrentProject”(目标“_GetRestoreSettings”依赖于它):
   1:5>已完成在项目“OMIManager.csproj”中生成目标“_GetRestoreSettingsCurrentProject”的操作。
   1:5>来自项目“f:\kaifa\OMI\tools\OMIManager\OMIManager.csproj”的文件“C:\Program Files\dotnet\sdk\10.0.201\NuGet.targets”中的目标“_GetRestoreSettings”(目标“_GenerateDotnetCliToolReferenceSpecs”依赖于它):
       正在使用程序集“C:\Program Files\dotnet\sdk\10.0.201\NuGet.Build.Tasks.dll”中的“GetRestoreSettingsTask”任务。
       任务“GetRestoreSettingsTask”
         在 TaskRun (NuGet.Build.Tasks.GetRestoreSettingsTask) 期间加载的程序集: NuGet.Configuration, Version=7.3.0.0, Culture=neutral, PublicKeyToken=31bf3856ad364e35 (位置: C:\Program Files\dotnet\sdk\10.0.201\NuGet.Configuration.dll，MVID: e1329410-6bb7-4430-b257-0731eafa2c17，AssemblyLoadContext: MSBuild plugin C:\Program Files\dotnet\sdk\10.0.201\NuGet.Build.Tasks.dll)
       已完成执行任务“GetRestoreSettingsTask”的操作。
   1:5>已完成在项目“OMIManager.csproj”中生成目标“_GetRestoreSettings”的操作。
   1:5>来自项目“f:\kaifa\OMI\tools\OMIManager\OMIManager.csproj”的文件“C:\Program Files\dotnet\sdk\10.0.201\NuGet.targets”中的目标“_GenerateDotnetCliToolReferenceSpecs”(目标“_GenerateRestoreGraphProjectEntry”依赖于它):
       正在使用程序集“C:\Program Files\dotnet\sdk\10.0.201\NuGet.Build.Tasks.dll”中的“GetRestoreDotnetCliToolsTask”任务。
       任务“GetRestoreDotnetCliToolsTask”
       已完成执行任务“GetRestoreDotnetCliToolsTask”的操作。
   1:5>已完成在项目“OMIManager.csproj”中生成目标“_GenerateDotnetCliToolReferenceSpecs”的操作。
   1:5>来自项目“f:\kaifa\OMI\tools\OMIManager\OMIManager.csproj”的文件“C:\Program Files\dotnet\sdk\10.0.201\NuGet.targets”中的目标“_GenerateRestoreGraphProjectEntry”(入口点):
   1:5>已完成在项目“OMIManager.csproj”中生成目标“_GenerateRestoreGraphProjectEntry”的操作。
   1:5>已完成生成项目“f:\kaifa\OMI\tools\OMIManager\OMIManager.csproj”(_GenerateRestoreGraphProjectEntry 个目标)的操作。
     1>已完成执行任务“MSBuild”的操作。
       任务“MSBuild”
         全局属性:
           ExcludeRestorePackageImports=true
     1>项目“f:\kaifa\OMI\tools\OMIManager\OMIManager.csproj”(1)正在节点 1 上生成“f:\kaifa\OMI\tools\OMIManager\OMIManager.csproj”(1:6) (_GenerateProjectRestoreGraph 个目标)。
   1:6>已跳过目标“_GetRestoreProjectStyle”。以前的生成已成功。
       已跳过目标“_GetRestoreProjectStyle”。以前的生成已成功。
       已跳过目标“_GetRestoreProjectStyle”。以前的生成已成功。
   1:6>来自项目“f:\kaifa\OMI\tools\OMIManager\OMIManager.csproj”的文件“C:\Program Files\dotnet\sdk\10.0.201\NuGet.targets”中的目标“_GetRestoreTargetFrameworkOverride”(目标“_GetRestoreTargetFrameworksOutput”依赖于它):
   1:6>已完成在项目“OMIManager.csproj”中生成目标“_GetRestoreTargetFrameworkOverride”的操作。
   1:6>来自项目“f:\kaifa\OMI\tools\OMIManager\OMIManager.csproj”的文件“C:\Program Files\dotnet\sdk\10.0.201\NuGet.targets”中的目标“_GetRestoreTargetFrameworksOutput”(目标“_GenerateRestoreProjectSpec”依赖于它):
       正在使用程序集“C:\Program Files\dotnet\sdk\10.0.201\NuGet.Build.Tasks.dll”中的“GetProjectTargetFrameworksTask”任务。
       任务“GetProjectTargetFrameworksTask”
       已完成执行任务“GetProjectTargetFrameworksTask”的操作。
   1:6>已完成在项目“OMIManager.csproj”中生成目标“_GetRestoreTargetFrameworksOutput”的操作。
       已跳过目标“_GetRestoreSettings”。以前的生成已成功。
   1:6>来自项目“f:\kaifa\OMI\tools\OMIManager\OMIManager.csproj”的文件“C:\Program Files\dotnet\sdk\10.0.201\NuGet.targets”中的目标“_GenerateRestoreProjectSpec”(目标“_GenerateProjectRestoreGraph”依赖于它):
       任务“ConvertToAbsolutePath”
       已完成执行任务“ConvertToAbsolutePath”的操作。
   1:6>已完成在项目“OMIManager.csproj”中生成目标“_GenerateRestoreProjectSpec”的操作。
       已跳过目标“_GetRestoreProjectStyle”。以前的生成已成功。
       已跳过目标“CollectPackageReferences”。以前的生成已成功。
   1:6>来自项目“f:\kaifa\OMI\tools\OMIManager\OMIManager.csproj”的文件“C:\Program Files\dotnet\sdk\10.0.201\NuGet.targets”中的目标“CollectPackageDownloads”(目标“_CollectRestoreInputs”依赖于它):
       任务“CheckForDuplicateNuGetItemsTask”
       已完成执行任务“CheckForDuplicateNuGetItemsTask”的操作。
   1:6>已完成在项目“OMIManager.csproj”中生成目标“CollectPackageDownloads”的操作。
   1:6>来自项目“f:\kaifa\OMI\tools\OMIManager\OMIManager.csproj”的文件“C:\Program Files\dotnet\sdk\10.0.201\NuGet.targets”中的目标“CollectFrameworkReferences”(目标“_CollectRestoreInputs”依赖于它):
   1:6>已完成在项目“OMIManager.csproj”中生成目标“CollectFrameworkReferences”的操作。
   1:6>来自项目“f:\kaifa\OMI\tools\OMIManager\OMIManager.csproj”的文件“C:\Program Files\dotnet\sdk\10.0.201\NuGet.targets”中的目标“CollectCentralPackageVersions”(目标“_CollectRestoreInputs”依赖于它):
       任务“CheckForDuplicateNuGetItemsTask”
       已完成执行任务“CheckForDuplicateNuGetItemsTask”的操作。
   1:6>已完成在项目“OMIManager.csproj”中生成目标“CollectCentralPackageVersions”的操作。
   1:6>来自项目“f:\kaifa\OMI\tools\OMIManager\OMIManager.csproj”的文件“C:\Program Files\dotnet\sdk\10.0.201\NuGet.targets”中的目标“CollectNuGetAuditSuppressions”(目标“_CollectRestoreInputs”依赖于它):
       任务“CheckForDuplicateNuGetItemsTask”
       已完成执行任务“CheckForDuplicateNuGetItemsTask”的操作。
   1:6>已完成在项目“OMIManager.csproj”中生成目标“CollectNuGetAuditSuppressions”的操作。
       已跳过目标“ProcessFrameworkReferences”。以前的生成已成功。
   1:6>来自项目“f:\kaifa\OMI\tools\OMIManager\OMIManager.csproj”的文件“C:\Program Files\dotnet\sdk\10.0.201\Sdks\Microsoft.NET.Sdk\targets\Microsoft.NET.Sdk.FrameworkReferenceResolution.targets”中的目标“AddPrunePackageReferences”(目标“CollectPrunePackageReferences”依赖于它):
       正在使用程序集“C:\Program Files\dotnet\sdk\10.0.201\Sdks\Microsoft.NET.Sdk\targets\..\tools\net10.0\Microsoft.NET.Build.Tasks.dll”中的“GetPackagesToPrune”任务。
       任务“GetPackagesToPrune”
         Loading packages to prune for .NETCoreApp 10.0 Microsoft.NETCore.App
         Loading prune package data from PrunePackageData folder
         Failed to load prune package data from PrunePackageData folder, loading from targeting packs instead
         Looking for targeting packs in C:\Program Files\dotnet\packs\Microsoft.NETCore.App.Ref
         Pack directories found: C:\Program Files\dotnet\packs\Microsoft.NETCore.App.Ref\10.0.5
         Found package overrides file C:\Program Files\dotnet\packs\Microsoft.NETCore.App.Ref\10.0.5\data\PackageOverrides.txt
         Loading packages to prune for .NETCoreApp 10.0 Microsoft.WindowsDesktop.App
         Loading prune package data from PrunePackageData folder
         Failed to load prune package data from PrunePackageData folder, loading from targeting packs instead
         Looking for targeting packs in C:\Program Files\dotnet\packs\Microsoft.WindowsDesktop.App.Ref
         Pack directories found: C:\Program Files\dotnet\packs\Microsoft.WindowsDesktop.App.Ref\10.0.5
         Found package overrides file C:\Program Files\dotnet\packs\Microsoft.WindowsDesktop.App.Ref\10.0.5\data\PackageOverrides.txt
       已完成执行任务“GetPackagesToPrune”的操作。
   1:6>已完成在项目“OMIManager.csproj”中生成目标“AddPrunePackageReferences”的操作。
   1:6>来自项目“f:\kaifa\OMI\tools\OMIManager\OMIManager.csproj”的文件“C:\Program Files\dotnet\sdk\10.0.201\NuGet.targets”中的目标“CollectPrunePackageReferences”(目标“_CollectRestoreInputs”依赖于它):
       任务“CheckForDuplicateNuGetItemsTask”
       已完成执行任务“CheckForDuplicateNuGetItemsTask”的操作。
   1:6>已完成在项目“OMIManager.csproj”中生成目标“CollectPrunePackageReferences”的操作。
   1:6>来自项目“f:\kaifa\OMI\tools\OMIManager\OMIManager.csproj”的文件“C:\Program Files\dotnet\sdk\10.0.201\NuGet.targets”中的目标“_CollectRestoreInputs”(目标“_GenerateProjectRestoreGraphPerFramework”依赖于它):
   1:6>已完成在项目“OMIManager.csproj”中生成目标“_CollectRestoreInputs”的操作。
   1:6>来自项目“f:\kaifa\OMI\tools\OMIManager\OMIManager.csproj”的文件“C:\Program Files\dotnet\sdk\10.0.201\NuGet.targets”中的目标“_GenerateProjectRestoreGraphPerFramework”(目标“_GenerateProjectRestoreGraphCurrentProject”依赖于它):
       正在使用程序集“C:\Program Files\dotnet\sdk\10.0.201\NuGet.Build.Tasks.dll”中的“GetRestoreProjectReferencesTask”任务。
       任务“GetRestoreProjectReferencesTask”
       已完成执行任务“GetRestoreProjectReferencesTask”的操作。
       正在使用程序集“C:\Program Files\dotnet\sdk\10.0.201\NuGet.Build.Tasks.dll”中的“GetRestorePackageReferencesTask”任务。
       任务“GetRestorePackageReferencesTask”
       已完成执行任务“GetRestorePackageReferencesTask”的操作。
       正在使用程序集“C:\Program Files\dotnet\sdk\10.0.201\NuGet.Build.Tasks.dll”中的“GetRestorePackageDownloadsTask”任务。
       任务“GetRestorePackageDownloadsTask”
       已完成执行任务“GetRestorePackageDownloadsTask”的操作。
       正在使用程序集“C:\Program Files\dotnet\sdk\10.0.201\NuGet.Build.Tasks.dll”中的“GetRestoreFrameworkReferencesTask”任务。
       任务“GetRestoreFrameworkReferencesTask”
       已完成执行任务“GetRestoreFrameworkReferencesTask”的操作。
       正在使用程序集“C:\Program Files\dotnet\sdk\10.0.201\NuGet.Build.Tasks.dll”中的“GetRestoreNuGetAuditSuppressionsTask”任务。
       任务“GetRestoreNuGetAuditSuppressionsTask”
       已完成执行任务“GetRestoreNuGetAuditSuppressionsTask”的操作。
       正在使用程序集“C:\Program Files\dotnet\sdk\10.0.201\NuGet.Build.Tasks.dll”中的“GetRestorePrunePackageReferencesTask”任务。
       任务“GetRestorePrunePackageReferencesTask”
       已完成执行任务“GetRestorePrunePackageReferencesTask”的操作。
   1:6>已完成在项目“OMIManager.csproj”中生成目标“_GenerateProjectRestoreGraphPerFramework”的操作。
   1:6>来自项目“f:\kaifa\OMI\tools\OMIManager\OMIManager.csproj”的文件“C:\Program Files\dotnet\sdk\10.0.201\NuGet.targets”中的目标“_GenerateProjectRestoreGraphCurrentProject”(目标“_GenerateRestoreDependencies”依赖于它):
   1:6>已完成在项目“OMIManager.csproj”中生成目标“_GenerateProjectRestoreGraphCurrentProject”的操作。
   1:6>来自项目“f:\kaifa\OMI\tools\OMIManager\OMIManager.csproj”的文件“C:\Program Files\dotnet\sdk\10.0.201\NuGet.targets”中的目标“_GenerateRestoreDependencies”(目标“_GenerateProjectRestoreGraph”依赖于它):
   1:6>已完成在项目“OMIManager.csproj”中生成目标“_GenerateRestoreDependencies”的操作。
   1:6>来自项目“f:\kaifa\OMI\tools\OMIManager\OMIManager.csproj”的文件“C:\Program Files\dotnet\sdk\10.0.201\NuGet.targets”中的目标“_GenerateProjectRestoreGraph”(入口点):
   1:6>已完成在项目“OMIManager.csproj”中生成目标“_GenerateProjectRestoreGraph”的操作。
   1:6>已完成生成项目“f:\kaifa\OMI\tools\OMIManager\OMIManager.csproj”(_GenerateProjectRestoreGraph 个目标)的操作。
     1>已完成执行任务“MSBuild”的操作。
     1>已完成在项目“OMIManager.csproj”中生成目标“_GenerateRestoreGraph”的操作。
     1>来自项目“f:\kaifa\OMI\tools\OMIManager\OMIManager.csproj”的文件“C:\Program Files\dotnet\sdk\10.0.201\Sdks\Microsoft.NET.Sdk\targets\Microsoft.NET.TargetFrameworkInference.targets”中的目标“_CollectTargetFrameworkForTelemetry”(目标“Restore”依赖于它):
       正在使用程序集“C:\Program Files\dotnet\sdk\10.0.201\Sdks\Microsoft.NET.Sdk\targets\..\tools\net10.0\Microsoft.NET.Build.Tasks.dll”中的“AllowEmptyTelemetry”任务。
       任务“AllowEmptyTelemetry”
       已完成执行任务“AllowEmptyTelemetry”的操作。
     1>已完成在项目“OMIManager.csproj”中生成目标“_CollectTargetFrameworkForTelemetry”的操作。
     1>来自项目“f:\kaifa\OMI\tools\OMIManager\OMIManager.csproj”的文件“C:\Program Files\dotnet\sdk\10.0.201\Sdks\Microsoft.NET.Sdk\targets\Microsoft.NET.TargetFrameworkInference.targets”中的目标“_CheckForUnsupportedNETCoreVersion”(目标“Restore”依赖于它):
     1>已完成在项目“OMIManager.csproj”中生成目标“_CheckForUnsupportedNETCoreVersion”的操作。
     1>来自项目“f:\kaifa\OMI\tools\OMIManager\OMIManager.csproj”的文件“C:\Program Files\dotnet\sdk\10.0.201\Sdks\Microsoft.NET.Sdk\targets\Microsoft.NET.TargetFrameworkInference.targets”中的目标“_CheckForUnsupportedCppNETCoreVersion”(目标“Restore”依赖于它):
     1>已完成在项目“OMIManager.csproj”中生成目标“_CheckForUnsupportedCppNETCoreVersion”的操作。
     1>来自项目“f:\kaifa\OMI\tools\OMIManager\OMIManager.csproj”的文件“C:\Program Files\dotnet\sdk\10.0.201\NuGet.targets”中的目标“Restore”(入口点):
       任务“RemoveDuplicates”
       已完成执行任务“RemoveDuplicates”的操作。
       正在使用程序集“C:\Program Files\dotnet\sdk\10.0.201\NuGet.Build.Tasks.dll”中的“RestoreTask”任务。
       任务“RestoreTask”
         在 TaskRun (NuGet.Build.Tasks.RestoreTask) 期间加载的程序集: NuGet.Packaging, Version=7.3.0.0, Culture=neutral, PublicKeyToken=31bf3856ad364e35 (位置: C:\Program Files\dotnet\sdk\10.0.201\NuGet.Packaging.dll，MVID: 40014110-2cd3-4442-9a70-d9a3269d4026，AssemblyLoadContext: MSBuild plugin C:\Program Files\dotnet\sdk\10.0.201\NuGet.Build.Tasks.dll)
         在 TaskRun (NuGet.Build.Tasks.RestoreTask) 期间加载的程序集: NuGet.Versioning, Version=7.3.0.0, Culture=neutral, PublicKeyToken=31bf3856ad364e35 (位置: C:\Program Files\dotnet\sdk\10.0.201\NuGet.Versioning.dll，MVID: 3a4ee61b-d7af-4b9d-8dba-b38c9b5e6570，AssemblyLoadContext: MSBuild plugin C:\Program Files\dotnet\sdk\10.0.201\NuGet.Build.Tasks.dll)
         在 TaskRun (NuGet.Build.Tasks.RestoreTask) 期间加载的程序集: NuGet.Frameworks, Version=7.3.0.0, Culture=neutral, PublicKeyToken=31bf3856ad364e35 (位置: C:\Program Files\dotnet\sdk\10.0.201\NuGet.Frameworks.dll，MVID: d6a61154-f824-438f-bc4d-b42d8d809547，AssemblyLoadContext: MSBuild plugin C:\Program Files\dotnet\sdk\10.0.201\NuGet.Build.Tasks.dll)
         在 TaskRun (NuGet.Build.Tasks.RestoreTask) 期间加载的程序集: NuGet.LibraryModel, Version=7.3.0.0, Culture=neutral, PublicKeyToken=31bf3856ad364e35 (位置: C:\Program Files\dotnet\sdk\10.0.201\NuGet.LibraryModel.dll，MVID: 3154c8a6-8773-48cc-9545-32dc232ab20b，AssemblyLoadContext: MSBuild plugin C:\Program Files\dotnet\sdk\10.0.201\NuGet.Build.Tasks.dll)
         在 TaskRun (NuGet.Build.Tasks.RestoreTask) 期间加载的程序集: NuGet.Protocol, Version=7.3.0.0, Culture=neutral, PublicKeyToken=31bf3856ad364e35 (位置: C:\Program Files\dotnet\sdk\10.0.201\NuGet.Protocol.dll，MVID: e308bb6d-a7d2-4903-b251-0d94622853f1，AssemblyLoadContext: MSBuild plugin C:\Program Files\dotnet\sdk\10.0.201\NuGet.Build.Tasks.dll)
         在 TaskRun (NuGet.Build.Tasks.RestoreTask) 期间加载的程序集: NuGet.Credentials, Version=7.3.0.0, Culture=neutral, PublicKeyToken=31bf3856ad364e35 (位置: C:\Program Files\dotnet\sdk\10.0.201\NuGet.Credentials.dll，MVID: 88bf7536-235c-4aca-87e8-e880a2735029，AssemblyLoadContext: MSBuild plugin C:\Program Files\dotnet\sdk\10.0.201\NuGet.Build.Tasks.dll)
         在 TaskRun (NuGet.Build.Tasks.RestoreTask) 期间加载的程序集: NuGet.Packaging.resources, Version=7.3.0.0, Culture=zh-Hans, PublicKeyToken=31bf3856ad364e35 (位置: C:\Program Files\dotnet\sdk\10.0.201\zh-Hans\NuGet.Packaging.resources.dll，MVID: ff411e81-7b73-4529-aca1-b3d7acfc672c，AssemblyLoadContext: MSBuild plugin C:\Program Files\dotnet\sdk\10.0.201\NuGet.Build.Tasks.dll)
         X.509 证书链验证将使用 .NET 选择的默认信任存储进行代码签名。
         X.509 证书链验证将使用 .NET 选择的默认信任存储进行时间戳。
         在 TaskRun (NuGet.Build.Tasks.RestoreTask) 期间加载的程序集: NuGet.DependencyResolver.Core, Version=7.3.0.0, Culture=neutral, PublicKeyToken=31bf3856ad364e35 (位置: C:\Program Files\dotnet\sdk\10.0.201\NuGet.DependencyResolver.Core.dll，MVID: 2ec6ff82-b469-4cf4-a5b2-e8eee535c2aa，AssemblyLoadContext: MSBuild plugin C:\Program Files\dotnet\sdk\10.0.201\NuGet.Build.Tasks.dll)
         在 TaskRun (NuGet.Build.Tasks.RestoreTask) 期间加载的程序集: NuGet.Commands.resources, Version=7.3.0.0, Culture=zh-Hans, PublicKeyToken=31bf3856ad364e35 (位置: C:\Program Files\dotnet\sdk\10.0.201\zh-Hans\NuGet.Commands.resources.dll，MVID: c17999b4-95c1-4c42-b11c-e25f06945199，AssemblyLoadContext: MSBuild plugin C:\Program Files\dotnet\sdk\10.0.201\NuGet.Build.Tasks.dll)
         正在使用 24 并行作业运行还原。
         正在读取项目文件 f:\kaifa\OMI\tools\OMIManager\OMIManager.csproj。
         在 TaskRun (NuGet.Build.Tasks.RestoreTask) 期间加载的程序集: Newtonsoft.Json, Version=13.0.0.0, Culture=neutral, PublicKeyToken=30ad4fe6b2a6aeed (位置: C:\Program Files\dotnet\sdk\10.0.201\Newtonsoft.Json.dll，MVID: 7e62198b-eab2-4380-bbac-29171862d1d8，AssemblyLoadContext: MSBuild plugin C:\Program Files\dotnet\sdk\10.0.201\NuGet.Build.Tasks.dll)
         在 TaskRun (NuGet.Build.Tasks.RestoreTask) 期间加载的程序集: System.Text.Encodings.Web, Version=10.0.0.0, Culture=neutral, PublicKeyToken=cc7b13ffcd2ddd51 (位置: C:\Program Files\dotnet\shared\Microsoft.NETCore.App\10.0.5\System.Text.Encodings.Web.dll，MVID: 26d179d9-0f4d-48a0-b6a0-45bfd4d15bed，AssemblyLoadContext: Default)
         在 TaskRun (NuGet.Build.Tasks.RestoreTask) 期间加载的程序集: System.Reflection.Emit.Lightweight, Version=10.0.0.0, Culture=neutral, PublicKeyToken=b03f5f7f11d50a3a (位置: C:\Program Files\dotnet\shared\Microsoft.NETCore.App\10.0.5\System.Reflection.Emit.Lightweight.dll，MVID: c885a805-552c-4ff5-98f3-d6ec946dc33d，AssemblyLoadContext: Default)
         在 TaskRun (NuGet.Build.Tasks.RestoreTask) 期间加载的程序集: System.Reflection.Primitives, Version=10.0.0.0, Culture=neutral, PublicKeyToken=b03f5f7f11d50a3a (位置: C:\Program Files\dotnet\shared\Microsoft.NETCore.App\10.0.5\System.Reflection.Primitives.dll，MVID: d61875fb-392f-4c5f-8b60-ec550e21c202，AssemblyLoadContext: Default)
         在 TaskRun (NuGet.Build.Tasks.RestoreTask) 期间加载的程序集: System.Reflection.Emit.ILGeneration, Version=10.0.0.0, Culture=neutral, PublicKeyToken=b03f5f7f11d50a3a (位置: C:\Program Files\dotnet\shared\Microsoft.NETCore.App\10.0.5\System.Reflection.Emit.ILGeneration.dll，MVID: 5aa51e31-93e8-4db9-8de5-9e187c3b9df5，AssemblyLoadContext: Default)
         “OMIManager”的还原输入未改变。完成此还原不需要再进行进一步的操作。
         正在提交还原...
         资产文件未改变。跳过资产文件写入。路径: f:\kaifa\OMI\tools\OMIManager\obj\project.assets.json
         No-Op 还原。缓存不会更新。路径: f:\kaifa\OMI\tools\OMIManager\obj\project.nuget.cache
         在 TaskRun (NuGet.Build.Tasks.RestoreTask) 期间加载的程序集: NuGet.Common.resources, Version=7.3.0.0, Culture=zh-Hans, PublicKeyToken=31bf3856ad364e35 (位置: C:\Program Files\dotnet\sdk\10.0.201\zh-Hans\NuGet.Common.resources.dll，MVID: 994519f2-dee0-4bc0-b1c1-3dc96ed602c2，AssemblyLoadContext: MSBuild plugin C:\Program Files\dotnet\sdk\10.0.201\NuGet.Build.Tasks.dll)
         已还原 f:\kaifa\OMI\tools\OMIManager\OMIManager.csproj (用时 111 毫秒)。
         
         使用的 NuGet 配置文件:
             C:\Users\Administrator\AppData\Roaming\NuGet\NuGet.Config
             C:\Program Files (x86)\NuGet\Config\Microsoft.VisualStudio.Offline.config
         
         使用的源:
             https://api.nuget.org/v3/index.json
             C:\Program Files (x86)\Microsoft SDKs\NuGetPackages\
         所有项目均是最新的，无法还原。
       已完成执行任务“RestoreTask”的操作。
     1>已完成在项目“OMIManager.csproj”中生成目标“Restore”的操作。
     1>已完成生成项目“f:\kaifa\OMI\tools\OMIManager\OMIManager.csproj”(Restore 个目标)的操作。
     0>SDK“Microsoft.NET.Sdk”已由“DefaultSdkResolver”解析程序成功解析为位置“C:\Program Files\dotnet\sdk\10.0.201\Sdks\Microsoft.NET.Sdk\Sdk”和版本“”。
       C:\Program Files\dotnet\sdk\10.0.201\Sdks\Microsoft.NET.Sdk\Sdk\Sdk.props(49,11): message : 值为“C:\Program Files\dotnet\sdk\10.0.201\”的属性“MSBuildExtensionsPath”从环境中展开。
       C:\Program Files\dotnet\sdk\10.0.201\Current\Microsoft.Common.props(60,5): message : 在 C:\Program Files\dotnet\sdk\10.0.201\Current\Microsoft.Common.props (60,5) 处重新分配属性: $(MSBuildProjectExtensionsPath)=“f:\kaifa\OMI\tools\OMIManager\obj\”(先前值:“obj\”)
       f:\kaifa\OMI\tools\OMIManager\obj\OMIManager.csproj.nuget.g.props(7,5): message : 值为“C:\Users\Administrator”的属性“USERPROFILE”从环境中展开。
       C:\Program Files\dotnet\sdk\10.0.201\Current\Microsoft.Common.props(84,119): message : 值为“C:\Users\Administrator\AppData\Local\Microsoft\MSBuild”的属性“MSBuildUserExtensionsPath”从环境中展开。
       “Configuration”属性是全局属性，不能修改。
       “Configuration”属性是全局属性，不能修改。
       C:\Program Files\dotnet\sdk\10.0.201\Sdks\Microsoft.NET.Sdk\targets\Microsoft.NET.Sdk.props(90,5): message : 在 C:\Program Files\dotnet\sdk\10.0.201\Sdks\Microsoft.NET.Sdk\targets\Microsoft.NET.Sdk.props (90,5) 处重新分配属性: $(AssemblySearchPaths)=“{CandidateAssemblyFiles};{HintPathFromItem}”(先前值:“{CandidateAssemblyFiles}”)
       C:\Program Files\dotnet\sdk\10.0.201\Sdks\Microsoft.NET.Sdk\targets\Microsoft.NET.Sdk.props(91,5): message : 在 C:\Program Files\dotnet\sdk\10.0.201\Sdks\Microsoft.NET.Sdk\targets\Microsoft.NET.Sdk.props (91,5) 处重新分配属性: $(AssemblySearchPaths)=“{CandidateAssemblyFiles};{HintPathFromItem};{TargetFrameworkDirectory}”(先前值:“{CandidateAssemblyFiles};{HintPathFromItem}”)
       C:\Program Files\dotnet\sdk\10.0.201\Sdks\Microsoft.NET.Sdk\targets\Microsoft.NET.Sdk.props(92,5): message : 在 C:\Program Files\dotnet\sdk\10.0.201\Sdks\Microsoft.NET.Sdk\targets\Microsoft.NET.Sdk.props (92,5) 处重新分配属性: $(AssemblySearchPaths)=“{CandidateAssemblyFiles};{HintPathFromItem};{TargetFrameworkDirectory};{RawFileName}”(先前值:“{CandidateAssemblyFiles};{HintPathFromItem};{TargetFrameworkDirectory}”)
       “DefaultSdkResolver”解析程序已尝试解析 SDK“Microsoft.NET.SDK.WorkloadAutoImportPropsLocator”。
       警告: null
       错误: MSB4276: 默认 SDK 解析程序解析 SDK“Microsoft.NET.SDK.WorkloadAutoImportPropsLocator”失败，因为目录“C:\Program Files\dotnet\sdk\10.0.201\Sdks\Microsoft.NET.SDK.WorkloadAutoImportPropsLocator\Sdk”不存在。
       SDK“Microsoft.NET.SDK.WorkloadAutoImportPropsLocator”已由“Microsoft.DotNet.MSBuildWorkloadSdkResolver”解析程序成功解析为位置“null”和版本“null”。
       f:\kaifa\OMI\tools\OMIManager\OMIManager.csproj(4,5): message : 在 f:\kaifa\OMI\tools\OMIManager\OMIManager.csproj (4,5) 处重新分配属性: $(OutputType)=“WinExe”(先前值:“Library”)
       “Configuration”属性是全局属性，不能修改。
       C:\Program Files\dotnet\sdk\10.0.201\Sdks\Microsoft.NET.Sdk\targets\Microsoft.NET.Sdk.ImportPublishProfile.targets(28,5): message : 在 C:\Program Files\dotnet\sdk\10.0.201\Sdks\Microsoft.NET.Sdk\targets\Microsoft.NET.Sdk.ImportPublishProfile.targets (28,5) 处重新分配属性: $(PublishProfileImported)=“false”(先前值:“true”)
       C:\Program Files\dotnet\sdk\10.0.201\Sdks\Microsoft.NET.Sdk\targets\Microsoft.NET.TargetFrameworkInference.targets(80,5): message : 在 C:\Program Files\dotnet\sdk\10.0.201\Sdks\Microsoft.NET.Sdk\targets\Microsoft.NET.TargetFrameworkInference.targets (80,5) 处重新分配属性: $(TargetPlatformVersion)=“0.0”(先前值:“0.0.0.0”)
       C:\Program Files\dotnet\sdk\10.0.201\Sdks\Microsoft.NET.Sdk\targets\Microsoft.NET.TargetFrameworkInference.targets(81,5): message : 在 C:\Program Files\dotnet\sdk\10.0.201\Sdks\Microsoft.NET.Sdk\targets\Microsoft.NET.TargetFrameworkInference.targets (81,5) 处重新分配属性: $(TargetPlatformVersion)=“”(先前值:“0.0”)
       C:\Program Files\dotnet\sdk\10.0.201\Sdks\Microsoft.NET.Sdk\targets\Microsoft.NET.TargetFrameworkInference.targets(84,5): message : 在 C:\Program Files\dotnet\sdk\10.0.201\Sdks\Microsoft.NET.Sdk\targets\Microsoft.NET.TargetFrameworkInference.targets (84,5) 处重新分配属性: $(TargetPlatformIdentifier)=“Windows”(先前值:“windows”)
       C:\Program Files\dotnet\sdk\10.0.201\Sdks\Microsoft.NET.Sdk\targets\Microsoft.NET.DefaultOutputPaths.targets(127,5): message : 在 C:\Program Files\dotnet\sdk\10.0.201\Sdks\Microsoft.NET.Sdk\targets\Microsoft.NET.DefaultOutputPaths.targets (127,5) 处重新分配属性: $(DefaultItemExcludes)=“;bin\Release\/**;obj\Release\/**”(先前值:“;bin\Release\/**”)
       C:\Program Files\dotnet\sdk\10.0.201\Sdks\Microsoft.NET.Sdk\targets\Microsoft.NET.DefaultOutputPaths.targets(142,5): message : 在 C:\Program Files\dotnet\sdk\10.0.201\Sdks\Microsoft.NET.Sdk\targets\Microsoft.NET.DefaultOutputPaths.targets (142,5) 处重新分配属性: $(OutputPath)=“bin\Release\net10.0-windows\”(先前值:“bin\Release\”)
       C:\Program Files\dotnet\sdk\10.0.201\Sdks\Microsoft.NET.Sdk\targets\Microsoft.NET.DefaultOutputPaths.targets(147,5): message : 在 C:\Program Files\dotnet\sdk\10.0.201\Sdks\Microsoft.NET.Sdk\targets\Microsoft.NET.DefaultOutputPaths.targets (147,5) 处重新分配属性: $(IntermediateOutputPath)=“obj\Release\net10.0-windows\”(先前值:“obj\Release\”)
       “DefaultSdkResolver”解析程序已尝试解析 SDK“Microsoft.NET.SDK.WorkloadManifestTargetsLocator”。
       警告: null
       错误: MSB4276: 默认 SDK 解析程序解析 SDK“Microsoft.NET.SDK.WorkloadManifestTargetsLocator”失败，因为目录“C:\Program Files\dotnet\sdk\10.0.201\Sdks\Microsoft.NET.SDK.WorkloadManifestTargetsLocator\Sdk”不存在。
       SDK“Microsoft.NET.SDK.WorkloadManifestTargetsLocator”已由“Microsoft.DotNet.MSBuildWorkloadSdkResolver”解析程序成功解析为位置“C:\Program Files\dotnet\sdk-manifests\10.0.100\microsoft.net.sdk.android\36.1.30”和版本“null”。
       C:\Program Files\dotnet\sdk\10.0.201\Sdks\Microsoft.NET.Sdk\targets\Microsoft.NET.Sdk.BeforeCommon.targets(379,5): message : 在 C:\Program Files\dotnet\sdk\10.0.201\Sdks\Microsoft.NET.Sdk\targets\Microsoft.NET.Sdk.BeforeCommon.targets (379,5) 处重新分配属性: $(RoslynTargetsPath)=“C:\Program Files\dotnet\sdk\10.0.201\Sdks\Microsoft.NET.Sdk\targets\..\..\..\Roslyn”(先前值:“C:\Program Files\dotnet\sdk\10.0.201\Roslyn”)
       C:\Program Files\dotnet\sdk\10.0.201\Roslyn\Microsoft.Managed.Core.targets(6,5): message : 在 C:\Program Files\dotnet\sdk\10.0.201\Roslyn\Microsoft.Managed.Core.targets (6,5) 处重新分配属性: $(_BuildTasksDirectory)=“C:\Program Files\dotnet\sdk\10.0.201\Sdks\Microsoft.NET.Sdk\targets\..\..\..\Roslyn\”(先前值:“C:\Program Files\dotnet\sdk\10.0.201\Roslyn\”)
       C:\Program Files\dotnet\sdk\10.0.201\Roslyn\Microsoft.CSharp.Core.targets(205,5): message : 在 C:\Program Files\dotnet\sdk\10.0.201\Roslyn\Microsoft.CSharp.Core.targets (205,5) 处重新分配属性: $(CommandLineArgsForDesignTimeEvaluation)=“-langversion:14.0 -define:TRACE”(先前值:“-langversion:14.0”)
       “Configuration”属性是全局属性，不能修改。
       C:\Program Files\dotnet\sdk\10.0.201\Microsoft.Common.CurrentVersion.targets(179,5): message : 在 C:\Program Files\dotnet\sdk\10.0.201\Microsoft.Common.CurrentVersion.targets (179,5) 处重新分配属性: $(_DebugSymbolsProduced)=“true”(先前值:“false”)
       C:\Program Files\dotnet\sdk\10.0.201\Microsoft.Common.CurrentVersion.targets(185,5): message : 在 C:\Program Files\dotnet\sdk\10.0.201\Microsoft.Common.CurrentVersion.targets (185,5) 处重新分配属性: $(_DocumentationFileProduced)=“false”(先前值:“true”)
       C:\Program Files\dotnet\sdk\10.0.201\Microsoft.Common.CurrentVersion.targets(393,5): message : 在 C:\Program Files\dotnet\sdk\10.0.201\Microsoft.Common.CurrentVersion.targets (393,5) 处重新分配属性: $(MSBuildCopyMarkerName)=“OMIManager.csproj.Up2Date”(先前值:“OMIManager.csproj”)
       C:\Program Files\dotnet\sdk\10.0.201\Microsoft.Common.CurrentVersion.targets(541,5): message : 在 C:\Program Files\dotnet\sdk\10.0.201\Microsoft.Common.CurrentVersion.targets (541,5) 处重新分配属性: $(ProcessorArchitecture)=“msil”(先前值:“”)
       C:\Program Files\dotnet\sdk\10.0.201\Microsoft.Common.CurrentVersion.targets(580,5): message : 在 C:\Program Files\dotnet\sdk\10.0.201\Microsoft.Common.CurrentVersion.targets (580,5) 处重新分配属性: $(DelaySign)=“”(先前值:“false”)
       C:\Program Files\dotnet\sdk\10.0.201\Microsoft.Common.CurrentVersion.targets(2620,5): message : 值为“C:\Users\Administrator\AppData\Local”的属性“LOCALAPPDATA”从环境中展开。
       C:\Program Files\dotnet\sdk\10.0.201\Microsoft.Common.CurrentVersion.targets(3948,5): message : 在 C:\Program Files\dotnet\sdk\10.0.201\Microsoft.Common.CurrentVersion.targets (3948,5) 处重新分配属性: $(_SGenGenerateSerializationAssembliesConfig)=“Auto”(先前值:“”)
       C:\Program Files\dotnet\sdk\10.0.201\Microsoft.Common.CurrentVersion.targets(5160,5): message : 在 C:\Program Files\dotnet\sdk\10.0.201\Microsoft.Common.CurrentVersion.targets (5160,5) 处重新分配属性: $(_TargetsThatPrepareProjectReferences)=“
       C:\Program Files\dotnet\sdk\10.0.201\Microsoft.Common.CurrentVersion.targets(5160,5): message :       AssignProjectConfiguration;
       C:\Program Files\dotnet\sdk\10.0.201\Microsoft.Common.CurrentVersion.targets(5160,5): message :       _SplitProjectReferencesByFileExistence
       C:\Program Files\dotnet\sdk\10.0.201\Microsoft.Common.CurrentVersion.targets(5160,5): message :     ”(先前值:“_SplitProjectReferencesByFileExistence”)
       C:\Program Files\dotnet\sdk\10.0.201\Microsoft.Common.CurrentVersion.targets(6973,5): message : 值为“C:\Program Files\dotnet\sdk\10.0.201”的属性“MSBuildExtensionsPath32”从环境中展开。
       “NuGetInteractive”属性是全局属性，不能修改。
       C:\Program Files\dotnet\sdk\10.0.201\Sdks\Microsoft.NET.Sdk\targets\Microsoft.PackageDependencyResolution.targets(29,5): message : 在 C:\Program Files\dotnet\sdk\10.0.201\Sdks\Microsoft.NET.Sdk\targets\Microsoft.PackageDependencyResolution.targets (29,5) 处重新分配属性: $(ProjectAssetsCacheFile)=“f:\kaifa\OMI\tools\OMIManager\obj\Release\net10.0-windows\OMIManager.assets.cache”(先前值:“obj\Release\net10.0-windows\OMIManager.assets.cache”)
       C:\Program Files\dotnet\sdk\10.0.201\Sdks\Microsoft.NET.Sdk\targets\Microsoft.PackageDependencyResolution.targets(80,5): message : 在 C:\Program Files\dotnet\sdk\10.0.201\Sdks\Microsoft.NET.Sdk\targets\Microsoft.PackageDependencyResolution.targets (80,5) 处重新分配属性: $(ResolveAssemblyReferencesDependsOn)=“
       C:\Program Files\dotnet\sdk\10.0.201\Sdks\Microsoft.NET.Sdk\targets\Microsoft.PackageDependencyResolution.targets(80,5): message :       
       C:\Program Files\dotnet\sdk\10.0.201\Sdks\Microsoft.NET.Sdk\targets\Microsoft.PackageDependencyResolution.targets(80,5): message :       ResolveProjectReferences;
       C:\Program Files\dotnet\sdk\10.0.201\Sdks\Microsoft.NET.Sdk\targets\Microsoft.PackageDependencyResolution.targets(80,5): message :       FindInvalidProjectReferences;
       C:\Program Files\dotnet\sdk\10.0.201\Sdks\Microsoft.NET.Sdk\targets\Microsoft.PackageDependencyResolution.targets(80,5): message :       GetFrameworkPaths;
       C:\Program Files\dotnet\sdk\10.0.201\Sdks\Microsoft.NET.Sdk\targets\Microsoft.PackageDependencyResolution.targets(80,5): message :       GetReferenceAssemblyPaths;
       C:\Program Files\dotnet\sdk\10.0.201\Sdks\Microsoft.NET.Sdk\targets\Microsoft.PackageDependencyResolution.targets(80,5): message :       PrepareForBuild;
       C:\Program Files\dotnet\sdk\10.0.201\Sdks\Microsoft.NET.Sdk\targets\Microsoft.PackageDependencyResolution.targets(80,5): message :       ResolveSDKReferences;
       C:\Program Files\dotnet\sdk\10.0.201\Sdks\Microsoft.NET.Sdk\targets\Microsoft.PackageDependencyResolution.targets(80,5): message :       ExpandSDKReferences;
       C:\Program Files\dotnet\sdk\10.0.201\Sdks\Microsoft.NET.Sdk\targets\Microsoft.PackageDependencyResolution.targets(80,5): message :     ;
       C:\Program Files\dotnet\sdk\10.0.201\Sdks\Microsoft.NET.Sdk\targets\Microsoft.PackageDependencyResolution.targets(80,5): message :       ResolvePackageDependenciesForBuild;
       C:\Program Files\dotnet\sdk\10.0.201\Sdks\Microsoft.NET.Sdk\targets\Microsoft.PackageDependencyResolution.targets(80,5): message :       _HandlePackageFileConflicts;
       C:\Program Files\dotnet\sdk\10.0.201\Sdks\Microsoft.NET.Sdk\targets\Microsoft.PackageDependencyResolution.targets(80,5): message :     ”(先前值:“
       C:\Program Files\dotnet\sdk\10.0.201\Sdks\Microsoft.NET.Sdk\targets\Microsoft.PackageDependencyResolution.targets(80,5): message :       ResolveProjectReferences;
       C:\Program Files\dotnet\sdk\10.0.201\Sdks\Microsoft.NET.Sdk\targets\Microsoft.PackageDependencyResolution.targets(80,5): message :       FindInvalidProjectReferences;
       C:\Program Files\dotnet\sdk\10.0.201\Sdks\Microsoft.NET.Sdk\targets\Microsoft.PackageDependencyResolution.targets(80,5): message :       GetFrameworkPaths;
       C:\Program Files\dotnet\sdk\10.0.201\Sdks\Microsoft.NET.Sdk\targets\Microsoft.PackageDependencyResolution.targets(80,5): message :       GetReferenceAssemblyPaths;
       C:\Program Files\dotnet\sdk\10.0.201\Sdks\Microsoft.NET.Sdk\targets\Microsoft.PackageDependencyResolution.targets(80,5): message :       PrepareForBuild;
       C:\Program Files\dotnet\sdk\10.0.201\Sdks\Microsoft.NET.Sdk\targets\Microsoft.PackageDependencyResolution.targets(80,5): message :       ResolveSDKReferences;
       C:\Program Files\dotnet\sdk\10.0.201\Sdks\Microsoft.NET.Sdk\targets\Microsoft.PackageDependencyResolution.targets(80,5): message :       ExpandSDKReferences;
       C:\Program Files\dotnet\sdk\10.0.201\Sdks\Microsoft.NET.Sdk\targets\Microsoft.PackageDependencyResolution.targets(80,5): message :     ”)
       C:\Program Files\dotnet\sdk\10.0.201\Sdks\Microsoft.NET.Sdk\targets\Microsoft.PackageDependencyResolution.targets(86,5): message : 在 C:\Program Files\dotnet\sdk\10.0.201\Sdks\Microsoft.NET.Sdk\targets\Microsoft.PackageDependencyResolution.targets (86,5) 处重新分配属性: $(PrepareResourcesDependsOn)=“
       C:\Program Files\dotnet\sdk\10.0.201\Sdks\Microsoft.NET.Sdk\targets\Microsoft.PackageDependencyResolution.targets(86,5): message :       ResolvePackageDependenciesForBuild;
       C:\Program Files\dotnet\sdk\10.0.201\Sdks\Microsoft.NET.Sdk\targets\Microsoft.PackageDependencyResolution.targets(86,5): message :       _HandlePackageFileConflicts;
       C:\Program Files\dotnet\sdk\10.0.201\Sdks\Microsoft.NET.Sdk\targets\Microsoft.PackageDependencyResolution.targets(86,5): message :       
       C:\Program Files\dotnet\sdk\10.0.201\Sdks\Microsoft.NET.Sdk\targets\Microsoft.PackageDependencyResolution.targets(86,5): message :       ;
       C:\Program Files\dotnet\sdk\10.0.201\Sdks\Microsoft.NET.Sdk\targets\Microsoft.PackageDependencyResolution.targets(86,5): message :       PrepareResourceNames;
       C:\Program Files\dotnet\sdk\10.0.201\Sdks\Microsoft.NET.Sdk\targets\Microsoft.PackageDependencyResolution.targets(86,5): message :       ResGen;
       C:\Program Files\dotnet\sdk\10.0.201\Sdks\Microsoft.NET.Sdk\targets\Microsoft.PackageDependencyResolution.targets(86,5): message :       CompileLicxFiles
       C:\Program Files\dotnet\sdk\10.0.201\Sdks\Microsoft.NET.Sdk\targets\Microsoft.PackageDependencyResolution.targets(86,5): message :     
       C:\Program Files\dotnet\sdk\10.0.201\Sdks\Microsoft.NET.Sdk\targets\Microsoft.PackageDependencyResolution.targets(86,5): message :     ”(先前值:“
       C:\Program Files\dotnet\sdk\10.0.201\Sdks\Microsoft.NET.Sdk\targets\Microsoft.PackageDependencyResolution.targets(86,5): message :       ;
       C:\Program Files\dotnet\sdk\10.0.201\Sdks\Microsoft.NET.Sdk\targets\Microsoft.PackageDependencyResolution.targets(86,5): message :       PrepareResourceNames;
       C:\Program Files\dotnet\sdk\10.0.201\Sdks\Microsoft.NET.Sdk\targets\Microsoft.PackageDependencyResolution.targets(86,5): message :       ResGen;
       C:\Program Files\dotnet\sdk\10.0.201\Sdks\Microsoft.NET.Sdk\targets\Microsoft.PackageDependencyResolution.targets(86,5): message :       CompileLicxFiles
       C:\Program Files\dotnet\sdk\10.0.201\Sdks\Microsoft.NET.Sdk\targets\Microsoft.PackageDependencyResolution.targets(86,5): message :     ”)
       C:\Program Files\dotnet\sdk\10.0.201\Sdks\Microsoft.NET.Sdk\targets\Microsoft.NET.Sdk.DefaultItems.targets(35,5): message : 在 C:\Program Files\dotnet\sdk\10.0.201\Sdks\Microsoft.NET.Sdk\targets\Microsoft.NET.Sdk.DefaultItems.targets (35,5) 处重新分配属性: $(DefaultItemExcludes)=“;bin\Release\/**;obj\Release\/**;bin\/**”(先前值:“;bin\Release\/**;obj\Release\/**”)
       C:\Program Files\dotnet\sdk\10.0.201\Sdks\Microsoft.NET.Sdk\targets\Microsoft.NET.Sdk.DefaultItems.targets(37,5): message : 在 C:\Program Files\dotnet\sdk\10.0.201\Sdks\Microsoft.NET.Sdk\targets\Microsoft.NET.Sdk.DefaultItems.targets (37,5) 处重新分配属性: $(DefaultItemExcludes)=“;bin\Release\/**;obj\Release\/**;bin\/**;obj\/**”(先前值:“;bin\Release\/**;obj\Release\/**;bin\/**”)
       C:\Program Files\dotnet\sdk\10.0.201\Sdks\Microsoft.NET.Sdk\targets\Microsoft.NET.Sdk.DefaultItems.targets(41,5): message : 在 C:\Program Files\dotnet\sdk\10.0.201\Sdks\Microsoft.NET.Sdk\targets\Microsoft.NET.Sdk.DefaultItems.targets (41,5) 处重新分配属性: $(DefaultItemExcludes)=“;bin\Release\/**;obj\Release\/**;bin\/**;obj\/**;bin\Release\net10.0-windows\publish\/**”(先前值:“;bin\Release\/**;obj\Release\/**;bin\/**;obj\/**”)
       C:\Program Files\dotnet\sdk\10.0.201\Sdks\Microsoft.NET.Sdk\targets\Microsoft.NET.Sdk.DefaultItems.targets(44,5): message : 在 C:\Program Files\dotnet\sdk\10.0.201\Sdks\Microsoft.NET.Sdk\targets\Microsoft.NET.Sdk.DefaultItems.targets (44,5) 处重新分配属性: $(DefaultItemExcludes)=“;bin\Release\/**;obj\Release\/**;bin\/**;obj\/**;bin\Release\net10.0-windows\publish\/**;**/*.user”(先前值:“;bin\Release\/**;obj\Release\/**;bin\/**;obj\/**;bin\Release\net10.0-windows\publish\/**”)
       C:\Program Files\dotnet\sdk\10.0.201\Sdks\Microsoft.NET.Sdk\targets\Microsoft.NET.Sdk.DefaultItems.targets(45,5): message : 在 C:\Program Files\dotnet\sdk\10.0.201\Sdks\Microsoft.NET.Sdk\targets\Microsoft.NET.Sdk.DefaultItems.targets (45,5) 处重新分配属性: $(DefaultItemExcludes)=“;bin\Release\/**;obj\Release\/**;bin\/**;obj\/**;bin\Release\net10.0-windows\publish\/**;**/*.user;**/*.*proj”(先前值:“;bin\Release\/**;obj\Release\/**;bin\/**;obj\/**;bin\Release\net10.0-windows\publish\/**;**/*.user”)
       C:\Program Files\dotnet\sdk\10.0.201\Sdks\Microsoft.NET.Sdk\targets\Microsoft.NET.Sdk.DefaultItems.targets(46,5): message : 在 C:\Program Files\dotnet\sdk\10.0.201\Sdks\Microsoft.NET.Sdk\targets\Microsoft.NET.Sdk.DefaultItems.targets (46,5) 处重新分配属性: $(DefaultItemExcludes)=“;bin\Release\/**;obj\Release\/**;bin\/**;obj\/**;bin\Release\net10.0-windows\publish\/**;**/*.user;**/*.*proj;**/*.sln”(先前值:“;bin\Release\/**;obj\Release\/**;bin\/**;obj\/**;bin\Release\net10.0-windows\publish\/**;**/*.user;**/*.*proj”)
       C:\Program Files\dotnet\sdk\10.0.201\Sdks\Microsoft.NET.Sdk\targets\Microsoft.NET.Sdk.DefaultItems.targets(47,5): message : 在 C:\Program Files\dotnet\sdk\10.0.201\Sdks\Microsoft.NET.Sdk\targets\Microsoft.NET.Sdk.DefaultItems.targets (47,5) 处重新分配属性: $(DefaultItemExcludes)=“;bin\Release\/**;obj\Release\/**;bin\/**;obj\/**;bin\Release\net10.0-windows\publish\/**;**/*.user;**/*.*proj;**/*.sln;**/*.slnx”(先前值:“;bin\Release\/**;obj\Release\/**;bin\/**;obj\/**;bin\Release\net10.0-windows\publish\/**;**/*.user;**/*.*proj;**/*.sln”)
       C:\Program Files\dotnet\sdk\10.0.201\Sdks\Microsoft.NET.Sdk\targets\Microsoft.NET.Sdk.DefaultItems.targets(48,5): message : 在 C:\Program Files\dotnet\sdk\10.0.201\Sdks\Microsoft.NET.Sdk\targets\Microsoft.NET.Sdk.DefaultItems.targets (48,5) 处重新分配属性: $(DefaultItemExcludes)=“;bin\Release\/**;obj\Release\/**;bin\/**;obj\/**;bin\Release\net10.0-windows\publish\/**;**/*.user;**/*.*proj;**/*.sln;**/*.slnx;**/*.vssscc”(先前值:“;bin\Release\/**;obj\Release\/**;bin\/**;obj\/**;bin\Release\net10.0-windows\publish\/**;**/*.user;**/*.*proj;**/*.sln;**/*.slnx”)
       C:\Program Files\dotnet\sdk\10.0.201\Sdks\Microsoft.NET.Sdk\targets\Microsoft.NET.Sdk.DefaultItems.targets(49,5): message : 在 C:\Program Files\dotnet\sdk\10.0.201\Sdks\Microsoft.NET.Sdk\targets\Microsoft.NET.Sdk.DefaultItems.targets (49,5) 处重新分配属性: $(DefaultItemExcludes)=“;bin\Release\/**;obj\Release\/**;bin\/**;obj\/**;bin\Release\net10.0-windows\publish\/**;**/*.user;**/*.*proj;**/*.sln;**/*.slnx;**/*.vssscc;**/.DS_Store”(先前值:“;bin\Release\/**;obj\Release\/**;bin\/**;obj\/**;bin\Release\net10.0-windows\publish\/**;**/*.user;**/*.*proj;**/*.sln;**/*.slnx;**/*.vssscc”)
       C:\Program Files\dotnet\sdk\10.0.201\Sdks\Microsoft.NET.Sdk\targets\Microsoft.NET.Sdk.FrameworkReferenceResolution.targets(14,5): message : 在 C:\Program Files\dotnet\sdk\10.0.201\Sdks\Microsoft.NET.Sdk\targets\Microsoft.NET.Sdk.FrameworkReferenceResolution.targets (14,5) 处重新分配属性: $(ResolveAssemblyReferencesDependsOn)=“
       C:\Program Files\dotnet\sdk\10.0.201\Sdks\Microsoft.NET.Sdk\targets\Microsoft.NET.Sdk.FrameworkReferenceResolution.targets(14,5): message :       
       C:\Program Files\dotnet\sdk\10.0.201\Sdks\Microsoft.NET.Sdk\targets\Microsoft.NET.Sdk.FrameworkReferenceResolution.targets(14,5): message :       
       C:\Program Files\dotnet\sdk\10.0.201\Sdks\Microsoft.NET.Sdk\targets\Microsoft.NET.Sdk.FrameworkReferenceResolution.targets(14,5): message :       ResolveProjectReferences;
       C:\Program Files\dotnet\sdk\10.0.201\Sdks\Microsoft.NET.Sdk\targets\Microsoft.NET.Sdk.FrameworkReferenceResolution.targets(14,5): message :       FindInvalidProjectReferences;
       C:\Program Files\dotnet\sdk\10.0.201\Sdks\Microsoft.NET.Sdk\targets\Microsoft.NET.Sdk.FrameworkReferenceResolution.targets(14,5): message :       GetFrameworkPaths;
       C:\Program Files\dotnet\sdk\10.0.201\Sdks\Microsoft.NET.Sdk\targets\Microsoft.NET.Sdk.FrameworkReferenceResolution.targets(14,5): message :       GetReferenceAssemblyPaths;
       C:\Program Files\dotnet\sdk\10.0.201\Sdks\Microsoft.NET.Sdk\targets\Microsoft.NET.Sdk.FrameworkReferenceResolution.targets(14,5): message :       PrepareForBuild;
       C:\Program Files\dotnet\sdk\10.0.201\Sdks\Microsoft.NET.Sdk\targets\Microsoft.NET.Sdk.FrameworkReferenceResolution.targets(14,5): message :       ResolveSDKReferences;
       C:\Program Files\dotnet\sdk\10.0.201\Sdks\Microsoft.NET.Sdk\targets\Microsoft.NET.Sdk.FrameworkReferenceResolution.targets(14,5): message :       ExpandSDKReferences;
       C:\Program Files\dotnet\sdk\10.0.201\Sdks\Microsoft.NET.Sdk\targets\Microsoft.NET.Sdk.FrameworkReferenceResolution.targets(14,5): message :     ;
       C:\Program Files\dotnet\sdk\10.0.201\Sdks\Microsoft.NET.Sdk\targets\Microsoft.NET.Sdk.FrameworkReferenceResolution.targets(14,5): message :       ResolvePackageDependenciesForBuild;
       C:\Program Files\dotnet\sdk\10.0.201\Sdks\Microsoft.NET.Sdk\targets\Microsoft.NET.Sdk.FrameworkReferenceResolution.targets(14,5): message :       _HandlePackageFileConflicts;
       C:\Program Files\dotnet\sdk\10.0.201\Sdks\Microsoft.NET.Sdk\targets\Microsoft.NET.Sdk.FrameworkReferenceResolution.targets(14,5): message :     ;
       C:\Program Files\dotnet\sdk\10.0.201\Sdks\Microsoft.NET.Sdk\targets\Microsoft.NET.Sdk.FrameworkReferenceResolution.targets(14,5): message :       ResolveTargetingPackAssets;
       C:\Program Files\dotnet\sdk\10.0.201\Sdks\Microsoft.NET.Sdk\targets\Microsoft.NET.Sdk.FrameworkReferenceResolution.targets(14,5): message :     ”(先前值:“
       C:\Program Files\dotnet\sdk\10.0.201\Sdks\Microsoft.NET.Sdk\targets\Microsoft.NET.Sdk.FrameworkReferenceResolution.targets(14,5): message :       
       C:\Program Files\dotnet\sdk\10.0.201\Sdks\Microsoft.NET.Sdk\targets\Microsoft.NET.Sdk.FrameworkReferenceResolution.targets(14,5): message :       ResolveProjectReferences;
       C:\Program Files\dotnet\sdk\10.0.201\Sdks\Microsoft.NET.Sdk\targets\Microsoft.NET.Sdk.FrameworkReferenceResolution.targets(14,5): message :       FindInvalidProjectReferences;
       C:\Program Files\dotnet\sdk\10.0.201\Sdks\Microsoft.NET.Sdk\targets\Microsoft.NET.Sdk.FrameworkReferenceResolution.targets(14,5): message :       GetFrameworkPaths;
       C:\Program Files\dotnet\sdk\10.0.201\Sdks\Microsoft.NET.Sdk\targets\Microsoft.NET.Sdk.FrameworkReferenceResolution.targets(14,5): message :       GetReferenceAssemblyPaths;
       C:\Program Files\dotnet\sdk\10.0.201\Sdks\Microsoft.NET.Sdk\targets\Microsoft.NET.Sdk.FrameworkReferenceResolution.targets(14,5): message :       PrepareForBuild;
       C:\Program Files\dotnet\sdk\10.0.201\Sdks\Microsoft.NET.Sdk\targets\Microsoft.NET.Sdk.FrameworkReferenceResolution.targets(14,5): message :       ResolveSDKReferences;
       C:\Program Files\dotnet\sdk\10.0.201\Sdks\Microsoft.NET.Sdk\targets\Microsoft.NET.Sdk.FrameworkReferenceResolution.targets(14,5): message :       ExpandSDKReferences;
       C:\Program Files\dotnet\sdk\10.0.201\Sdks\Microsoft.NET.Sdk\targets\Microsoft.NET.Sdk.FrameworkReferenceResolution.targets(14,5): message :     ;
       C:\Program Files\dotnet\sdk\10.0.201\Sdks\Microsoft.NET.Sdk\targets\Microsoft.NET.Sdk.FrameworkReferenceResolution.targets(14,5): message :       ResolvePackageDependenciesForBuild;
       C:\Program Files\dotnet\sdk\10.0.201\Sdks\Microsoft.NET.Sdk\targets\Microsoft.NET.Sdk.FrameworkReferenceResolution.targets(14,5): message :       _HandlePackageFileConflicts;
       C:\Program Files\dotnet\sdk\10.0.201\Sdks\Microsoft.NET.Sdk\targets\Microsoft.NET.Sdk.FrameworkReferenceResolution.targets(14,5): message :     ”)
       C:\Program Files\dotnet\sdk\10.0.201\Sdks\Microsoft.NET.Sdk\targets\Microsoft.NET.Sdk.targets(44,5): message : 在 C:\Program Files\dotnet\sdk\10.0.201\Sdks\Microsoft.NET.Sdk\targets\Microsoft.NET.Sdk.targets (44,5) 处重新分配属性: $(_GenerateRuntimeConfigurationPropertyInputsCache)=“f:\kaifa\OMI\tools\OMIManager\obj\Release\net10.0-windows\OMIManager.genruntimeconfig.cache”(先前值:“obj\Release\net10.0-windows\OMIManager.genruntimeconfig.cache”)
       C:\Program Files\dotnet\sdk\10.0.201\Sdks\Microsoft.NET.Sdk\targets\Microsoft.NET.Sdk.targets(46,5): message : 在 C:\Program Files\dotnet\sdk\10.0.201\Sdks\Microsoft.NET.Sdk\targets\Microsoft.NET.Sdk.targets (46,5) 处重新分配属性: $(_GeneratePublishDependencyFilePropertyInputsCache)=“f:\kaifa\OMI\tools\OMIManager\obj\Release\net10.0-windows\OMIManager.genpublishdeps.cache”(先前值:“obj\Release\net10.0-windows\OMIManager.genpublishdeps.cache”)
       C:\Program Files\dotnet\sdk\10.0.201\Sdks\Microsoft.NET.Sdk\targets\Microsoft.NET.Sdk.targets(48,5): message : 在 C:\Program Files\dotnet\sdk\10.0.201\Sdks\Microsoft.NET.Sdk\targets\Microsoft.NET.Sdk.targets (48,5) 处重新分配属性: $(_GenerateSingleFileBundlePropertyInputsCache)=“f:\kaifa\OMI\tools\OMIManager\obj\Release\net10.0-windows\OMIManager.genbundle.cache”(先前值:“obj\Release\net10.0-windows\OMIManager.genbundle.cache”)
       C:\Program Files\dotnet\sdk\10.0.201\Sdks\Microsoft.NET.Sdk\targets\Microsoft.NET.Sdk.targets(81,5): message : 在 C:\Program Files\dotnet\sdk\10.0.201\Sdks\Microsoft.NET.Sdk\targets\Microsoft.NET.Sdk.targets (81,5) 处重新分配属性: $(GenerateRuntimeConfigDevFile)=“false”(先前值:“true”)
       C:\Program Files\dotnet\sdk\10.0.201\Sdks\Microsoft.NET.Sdk\targets\Microsoft.NET.Sdk.targets(98,5): message : 在 C:\Program Files\dotnet\sdk\10.0.201\Sdks\Microsoft.NET.Sdk\targets\Microsoft.NET.Sdk.targets (98,5) 处重新分配属性: $(_DefaultUserProfileRuntimeStorePath)=“C:\Users\Administrator”(先前值:“”)
       C:\Program Files\dotnet\sdk\10.0.201\Sdks\Microsoft.NET.Sdk\targets\Microsoft.NET.Sdk.targets(99,5): message : 在 C:\Program Files\dotnet\sdk\10.0.201\Sdks\Microsoft.NET.Sdk\targets\Microsoft.NET.Sdk.targets (99,5) 处重新分配属性: $(_DefaultUserProfileRuntimeStorePath)=“C:\Users\Administrator\.dotnet\store”(先前值:“C:\Users\Administrator”)
       C:\Program Files\dotnet\sdk\10.0.201\Sdks\Microsoft.NET.Sdk\targets\Microsoft.NET.Sdk.targets(144,5): message : 在 C:\Program Files\dotnet\sdk\10.0.201\Sdks\Microsoft.NET.Sdk\targets\Microsoft.NET.Sdk.targets (144,5) 处重新分配属性: $(AvailablePlatforms)=“Any CPU,x86,x64,ARM32”(先前值:“Any CPU,x86,x64”)
       C:\Program Files\dotnet\sdk\10.0.201\Sdks\Microsoft.NET.Sdk\targets\Microsoft.NET.Sdk.targets(148,5): message : 在 C:\Program Files\dotnet\sdk\10.0.201\Sdks\Microsoft.NET.Sdk\targets\Microsoft.NET.Sdk.targets (148,5) 处重新分配属性: $(AvailablePlatforms)=“Any CPU,x86,x64,ARM32,ARM64”(先前值:“Any CPU,x86,x64,ARM32”)
       C:\Program Files\dotnet\sdk\10.0.201\Sdks\Microsoft.NET.Sdk\targets\Microsoft.NET.Sdk.targets(204,5): message : 在 C:\Program Files\dotnet\sdk\10.0.201\Sdks\Microsoft.NET.Sdk\targets\Microsoft.NET.Sdk.targets (204,5) 处重新分配属性: $(CoreBuildDependsOn)=“
       C:\Program Files\dotnet\sdk\10.0.201\Sdks\Microsoft.NET.Sdk\targets\Microsoft.NET.Sdk.targets(204,5): message :       _CheckForBuildWithNoBuild;
       C:\Program Files\dotnet\sdk\10.0.201\Sdks\Microsoft.NET.Sdk\targets\Microsoft.NET.Sdk.targets(204,5): message :       
       C:\Program Files\dotnet\sdk\10.0.201\Sdks\Microsoft.NET.Sdk\targets\Microsoft.NET.Sdk.targets(204,5): message :       BuildOnlySettings;
       C:\Program Files\dotnet\sdk\10.0.201\Sdks\Microsoft.NET.Sdk\targets\Microsoft.NET.Sdk.targets(204,5): message :       PrepareForBuild;
       C:\Program Files\dotnet\sdk\10.0.201\Sdks\Microsoft.NET.Sdk\targets\Microsoft.NET.Sdk.targets(204,5): message :       PreBuildEvent;
       C:\Program Files\dotnet\sdk\10.0.201\Sdks\Microsoft.NET.Sdk\targets\Microsoft.NET.Sdk.targets(204,5): message :       ResolveReferences;
       C:\Program Files\dotnet\sdk\10.0.201\Sdks\Microsoft.NET.Sdk\targets\Microsoft.NET.Sdk.targets(204,5): message :       PrepareResources;
       C:\Program Files\dotnet\sdk\10.0.201\Sdks\Microsoft.NET.Sdk\targets\Microsoft.NET.Sdk.targets(204,5): message :       ResolveKeySource;
       C:\Program Files\dotnet\sdk\10.0.201\Sdks\Microsoft.NET.Sdk\targets\Microsoft.NET.Sdk.targets(204,5): message :       Compile;
       C:\Program Files\dotnet\sdk\10.0.201\Sdks\Microsoft.NET.Sdk\targets\Microsoft.NET.Sdk.targets(204,5): message :       ExportWindowsMDFile;
       C:\Program Files\dotnet\sdk\10.0.201\Sdks\Microsoft.NET.Sdk\targets\Microsoft.NET.Sdk.targets(204,5): message :       UnmanagedUnregistration;
       C:\Program Files\dotnet\sdk\10.0.201\Sdks\Microsoft.NET.Sdk\targets\Microsoft.NET.Sdk.targets(204,5): message :       GenerateSerializationAssemblies;
       C:\Program Files\dotnet\sdk\10.0.201\Sdks\Microsoft.NET.Sdk\targets\Microsoft.NET.Sdk.targets(204,5): message :       CreateSatelliteAssemblies;
       C:\Program Files\dotnet\sdk\10.0.201\Sdks\Microsoft.NET.Sdk\targets\Microsoft.NET.Sdk.targets(204,5): message :       GenerateManifests;
       C:\Program Files\dotnet\sdk\10.0.201\Sdks\Microsoft.NET.Sdk\targets\Microsoft.NET.Sdk.targets(204,5): message :       GetTargetPath;
       C:\Program Files\dotnet\sdk\10.0.201\Sdks\Microsoft.NET.Sdk\targets\Microsoft.NET.Sdk.targets(204,5): message :       PrepareForRun;
       C:\Program Files\dotnet\sdk\10.0.201\Sdks\Microsoft.NET.Sdk\targets\Microsoft.NET.Sdk.targets(204,5): message :       UnmanagedRegistration;
       C:\Program Files\dotnet\sdk\10.0.201\Sdks\Microsoft.NET.Sdk\targets\Microsoft.NET.Sdk.targets(204,5): message :       IncrementalClean;
       C:\Program Files\dotnet\sdk\10.0.201\Sdks\Microsoft.NET.Sdk\targets\Microsoft.NET.Sdk.targets(204,5): message :       PostBuildEvent
       C:\Program Files\dotnet\sdk\10.0.201\Sdks\Microsoft.NET.Sdk\targets\Microsoft.NET.Sdk.targets(204,5): message :     ;
       C:\Program Files\dotnet\sdk\10.0.201\Sdks\Microsoft.NET.Sdk\targets\Microsoft.NET.Sdk.targets(204,5): message :       GenerateBuildDependencyFile;
       C:\Program Files\dotnet\sdk\10.0.201\Sdks\Microsoft.NET.Sdk\targets\Microsoft.NET.Sdk.targets(204,5): message :       GenerateBuildRuntimeConfigurationFiles
       C:\Program Files\dotnet\sdk\10.0.201\Sdks\Microsoft.NET.Sdk\targets\Microsoft.NET.Sdk.targets(204,5): message :     ”(先前值:“
       C:\Program Files\dotnet\sdk\10.0.201\Sdks\Microsoft.NET.Sdk\targets\Microsoft.NET.Sdk.targets(204,5): message :       BuildOnlySettings;
       C:\Program Files\dotnet\sdk\10.0.201\Sdks\Microsoft.NET.Sdk\targets\Microsoft.NET.Sdk.targets(204,5): message :       PrepareForBuild;
       C:\Program Files\dotnet\sdk\10.0.201\Sdks\Microsoft.NET.Sdk\targets\Microsoft.NET.Sdk.targets(204,5): message :       PreBuildEvent;
       C:\Program Files\dotnet\sdk\10.0.201\Sdks\Microsoft.NET.Sdk\targets\Microsoft.NET.Sdk.targets(204,5): message :       ResolveReferences;
       C:\Program Files\dotnet\sdk\10.0.201\Sdks\Microsoft.NET.Sdk\targets\Microsoft.NET.Sdk.targets(204,5): message :       PrepareResources;
       C:\Program Files\dotnet\sdk\10.0.201\Sdks\Microsoft.NET.Sdk\targets\Microsoft.NET.Sdk.targets(204,5): message :       ResolveKeySource;
       C:\Program Files\dotnet\sdk\10.0.201\Sdks\Microsoft.NET.Sdk\targets\Microsoft.NET.Sdk.targets(204,5): message :       Compile;
       C:\Program Files\dotnet\sdk\10.0.201\Sdks\Microsoft.NET.Sdk\targets\Microsoft.NET.Sdk.targets(204,5): message :       ExportWindowsMDFile;
       C:\Program Files\dotnet\sdk\10.0.201\Sdks\Microsoft.NET.Sdk\targets\Microsoft.NET.Sdk.targets(204,5): message :       UnmanagedUnregistration;
       C:\Program Files\dotnet\sdk\10.0.201\Sdks\Microsoft.NET.Sdk\targets\Microsoft.NET.Sdk.targets(204,5): message :       GenerateSerializationAssemblies;
       C:\Program Files\dotnet\sdk\10.0.201\Sdks\Microsoft.NET.Sdk\targets\Microsoft.NET.Sdk.targets(204,5): message :       CreateSatelliteAssemblies;
       C:\Program Files\dotnet\sdk\10.0.201\Sdks\Microsoft.NET.Sdk\targets\Microsoft.NET.Sdk.targets(204,5): message :       GenerateManifests;
       C:\Program Files\dotnet\sdk\10.0.201\Sdks\Microsoft.NET.Sdk\targets\Microsoft.NET.Sdk.targets(204,5): message :       GetTargetPath;
       C:\Program Files\dotnet\sdk\10.0.201\Sdks\Microsoft.NET.Sdk\targets\Microsoft.NET.Sdk.targets(204,5): message :       PrepareForRun;
       C:\Program Files\dotnet\sdk\10.0.201\Sdks\Microsoft.NET.Sdk\targets\Microsoft.NET.Sdk.targets(204,5): message :       UnmanagedRegistration;
       C:\Program Files\dotnet\sdk\10.0.201\Sdks\Microsoft.NET.Sdk\targets\Microsoft.NET.Sdk.targets(204,5): message :       IncrementalClean;
       C:\Program Files\dotnet\sdk\10.0.201\Sdks\Microsoft.NET.Sdk\targets\Microsoft.NET.Sdk.targets(204,5): message :       PostBuildEvent
       C:\Program Files\dotnet\sdk\10.0.201\Sdks\Microsoft.NET.Sdk\targets\Microsoft.NET.Sdk.targets(204,5): message :     ”)
       C:\Program Files\dotnet\sdk\10.0.201\Sdks\Microsoft.NET.Sdk\targets\Microsoft.NET.Sdk.targets(213,5): message : 在 C:\Program Files\dotnet\sdk\10.0.201\Sdks\Microsoft.NET.Sdk\targets\Microsoft.NET.Sdk.targets (213,5) 处重新分配属性: $(CoreCleanDependsOn)=“
       C:\Program Files\dotnet\sdk\10.0.201\Sdks\Microsoft.NET.Sdk\targets\Microsoft.NET.Sdk.targets(213,5): message :       _SdkBeforeClean;
       C:\Program Files\dotnet\sdk\10.0.201\Sdks\Microsoft.NET.Sdk\targets\Microsoft.NET.Sdk.targets(213,5): message :       
       C:\Program Files\dotnet\sdk\10.0.201\Sdks\Microsoft.NET.Sdk\targets\Microsoft.NET.Sdk.targets(213,5): message :     ”(先前值:“”)
       C:\Program Files\dotnet\sdk\10.0.201\Sdks\Microsoft.NET.Sdk\targets\Microsoft.NET.Sdk.targets(220,5): message : 在 C:\Program Files\dotnet\sdk\10.0.201\Sdks\Microsoft.NET.Sdk\targets\Microsoft.NET.Sdk.targets (220,5) 处重新分配属性: $(RebuildDependsOn)=“
       C:\Program Files\dotnet\sdk\10.0.201\Sdks\Microsoft.NET.Sdk\targets\Microsoft.NET.Sdk.targets(220,5): message :       _SdkBeforeRebuild;
       C:\Program Files\dotnet\sdk\10.0.201\Sdks\Microsoft.NET.Sdk\targets\Microsoft.NET.Sdk.targets(220,5): message :       
       C:\Program Files\dotnet\sdk\10.0.201\Sdks\Microsoft.NET.Sdk\targets\Microsoft.NET.Sdk.targets(220,5): message :       BeforeRebuild;
       C:\Program Files\dotnet\sdk\10.0.201\Sdks\Microsoft.NET.Sdk\targets\Microsoft.NET.Sdk.targets(220,5): message :       Clean;
       C:\Program Files\dotnet\sdk\10.0.201\Sdks\Microsoft.NET.Sdk\targets\Microsoft.NET.Sdk.targets(220,5): message :       Build;
       C:\Program Files\dotnet\sdk\10.0.201\Sdks\Microsoft.NET.Sdk\targets\Microsoft.NET.Sdk.targets(220,5): message :       AfterRebuild;
       C:\Program Files\dotnet\sdk\10.0.201\Sdks\Microsoft.NET.Sdk\targets\Microsoft.NET.Sdk.targets(220,5): message :     
       C:\Program Files\dotnet\sdk\10.0.201\Sdks\Microsoft.NET.Sdk\targets\Microsoft.NET.Sdk.targets(220,5): message :     ”(先前值:“
       C:\Program Files\dotnet\sdk\10.0.201\Sdks\Microsoft.NET.Sdk\targets\Microsoft.NET.Sdk.targets(220,5): message :       BeforeRebuild;
       C:\Program Files\dotnet\sdk\10.0.201\Sdks\Microsoft.NET.Sdk\targets\Microsoft.NET.Sdk.targets(220,5): message :       Clean;
       C:\Program Files\dotnet\sdk\10.0.201\Sdks\Microsoft.NET.Sdk\targets\Microsoft.NET.Sdk.targets(220,5): message :       Build;
       C:\Program Files\dotnet\sdk\10.0.201\Sdks\Microsoft.NET.Sdk\targets\Microsoft.NET.Sdk.targets(220,5): message :       AfterRebuild;
       C:\Program Files\dotnet\sdk\10.0.201\Sdks\Microsoft.NET.Sdk\targets\Microsoft.NET.Sdk.targets(220,5): message :     ”)
       C:\Program Files\dotnet\sdk\10.0.201\Sdks\Microsoft.NET.Sdk\targets\Microsoft.NET.Sdk.targets(799,5): message : 在 C:\Program Files\dotnet\sdk\10.0.201\Sdks\Microsoft.NET.Sdk\targets\Microsoft.NET.Sdk.targets (799,5) 处重新分配属性: $(CompileDependsOn)=“
       C:\Program Files\dotnet\sdk\10.0.201\Sdks\Microsoft.NET.Sdk\targets\Microsoft.NET.Sdk.targets(799,5): message :       
       C:\Program Files\dotnet\sdk\10.0.201\Sdks\Microsoft.NET.Sdk\targets\Microsoft.NET.Sdk.targets(799,5): message :       ResolveReferences;
       C:\Program Files\dotnet\sdk\10.0.201\Sdks\Microsoft.NET.Sdk\targets\Microsoft.NET.Sdk.targets(799,5): message :       ResolveKeySource;
       C:\Program Files\dotnet\sdk\10.0.201\Sdks\Microsoft.NET.Sdk\targets\Microsoft.NET.Sdk.targets(799,5): message :       SetWin32ManifestProperties;
       C:\Program Files\dotnet\sdk\10.0.201\Sdks\Microsoft.NET.Sdk\targets\Microsoft.NET.Sdk.targets(799,5): message :       _SetPreferNativeArm64Win32ManifestProperties;
       C:\Program Files\dotnet\sdk\10.0.201\Sdks\Microsoft.NET.Sdk\targets\Microsoft.NET.Sdk.targets(799,5): message :       FindReferenceAssembliesForReferences;
       C:\Program Files\dotnet\sdk\10.0.201\Sdks\Microsoft.NET.Sdk\targets\Microsoft.NET.Sdk.targets(799,5): message :       _GenerateCompileInputs;
       C:\Program Files\dotnet\sdk\10.0.201\Sdks\Microsoft.NET.Sdk\targets\Microsoft.NET.Sdk.targets(799,5): message :       BeforeCompile;
       C:\Program Files\dotnet\sdk\10.0.201\Sdks\Microsoft.NET.Sdk\targets\Microsoft.NET.Sdk.targets(799,5): message :       _TimeStampBeforeCompile;
       C:\Program Files\dotnet\sdk\10.0.201\Sdks\Microsoft.NET.Sdk\targets\Microsoft.NET.Sdk.targets(799,5): message :       _GenerateCompileDependencyCache;
       C:\Program Files\dotnet\sdk\10.0.201\Sdks\Microsoft.NET.Sdk\targets\Microsoft.NET.Sdk.targets(799,5): message :       CoreCompile;
       C:\Program Files\dotnet\sdk\10.0.201\Sdks\Microsoft.NET.Sdk\targets\Microsoft.NET.Sdk.targets(799,5): message :       _TimeStampAfterCompile;
       C:\Program Files\dotnet\sdk\10.0.201\Sdks\Microsoft.NET.Sdk\targets\Microsoft.NET.Sdk.targets(799,5): message :       AfterCompile;
       C:\Program Files\dotnet\sdk\10.0.201\Sdks\Microsoft.NET.Sdk\targets\Microsoft.NET.Sdk.targets(799,5): message :     ;
       C:\Program Files\dotnet\sdk\10.0.201\Sdks\Microsoft.NET.Sdk\targets\Microsoft.NET.Sdk.targets(799,5): message :       _CreateAppHost;
       C:\Program Files\dotnet\sdk\10.0.201\Sdks\Microsoft.NET.Sdk\targets\Microsoft.NET.Sdk.targets(799,5): message :       _CreateComHost;
       C:\Program Files\dotnet\sdk\10.0.201\Sdks\Microsoft.NET.Sdk\targets\Microsoft.NET.Sdk.targets(799,5): message :       _GetIjwHostPaths;
       C:\Program Files\dotnet\sdk\10.0.201\Sdks\Microsoft.NET.Sdk\targets\Microsoft.NET.Sdk.targets(799,5): message :     ”(先前值:“
       C:\Program Files\dotnet\sdk\10.0.201\Sdks\Microsoft.NET.Sdk\targets\Microsoft.NET.Sdk.targets(799,5): message :       ResolveReferences;
       C:\Program Files\dotnet\sdk\10.0.201\Sdks\Microsoft.NET.Sdk\targets\Microsoft.NET.Sdk.targets(799,5): message :       ResolveKeySource;
       C:\Program Files\dotnet\sdk\10.0.201\Sdks\Microsoft.NET.Sdk\targets\Microsoft.NET.Sdk.targets(799,5): message :       SetWin32ManifestProperties;
       C:\Program Files\dotnet\sdk\10.0.201\Sdks\Microsoft.NET.Sdk\targets\Microsoft.NET.Sdk.targets(799,5): message :       _SetPreferNativeArm64Win32ManifestProperties;
       C:\Program Files\dotnet\sdk\10.0.201\Sdks\Microsoft.NET.Sdk\targets\Microsoft.NET.Sdk.targets(799,5): message :       FindReferenceAssembliesForReferences;
       C:\Program Files\dotnet\sdk\10.0.201\Sdks\Microsoft.NET.Sdk\targets\Microsoft.NET.Sdk.targets(799,5): message :       _GenerateCompileInputs;
       C:\Program Files\dotnet\sdk\10.0.201\Sdks\Microsoft.NET.Sdk\targets\Microsoft.NET.Sdk.targets(799,5): message :       BeforeCompile;
       C:\Program Files\dotnet\sdk\10.0.201\Sdks\Microsoft.NET.Sdk\targets\Microsoft.NET.Sdk.targets(799,5): message :       _TimeStampBeforeCompile;
       C:\Program Files\dotnet\sdk\10.0.201\Sdks\Microsoft.NET.Sdk\targets\Microsoft.NET.Sdk.targets(799,5): message :       _GenerateCompileDependencyCache;
       C:\Program Files\dotnet\sdk\10.0.201\Sdks\Microsoft.NET.Sdk\targets\Microsoft.NET.Sdk.targets(799,5): message :       CoreCompile;
       C:\Program Files\dotnet\sdk\10.0.201\Sdks\Microsoft.NET.Sdk\targets\Microsoft.NET.Sdk.targets(799,5): message :       _TimeStampAfterCompile;
       C:\Program Files\dotnet\sdk\10.0.201\Sdks\Microsoft.NET.Sdk\targets\Microsoft.NET.Sdk.targets(799,5): message :       AfterCompile;
       C:\Program Files\dotnet\sdk\10.0.201\Sdks\Microsoft.NET.Sdk\targets\Microsoft.NET.Sdk.targets(799,5): message :     ”)
       C:\Program Files\dotnet\sdk\10.0.201\Sdks\Microsoft.NET.Sdk\targets\Microsoft.NET.Sdk.targets(1131,5): message : 在 C:\Program Files\dotnet\sdk\10.0.201\Sdks\Microsoft.NET.Sdk\targets\Microsoft.NET.Sdk.targets (1131,5) 处重新分配属性: $(CreateSatelliteAssembliesDependsOn)=“
       C:\Program Files\dotnet\sdk\10.0.201\Sdks\Microsoft.NET.Sdk\targets\Microsoft.NET.Sdk.targets(1131,5): message :       
       C:\Program Files\dotnet\sdk\10.0.201\Sdks\Microsoft.NET.Sdk\targets\Microsoft.NET.Sdk.targets(1131,5): message :       ;
       C:\Program Files\dotnet\sdk\10.0.201\Sdks\Microsoft.NET.Sdk\targets\Microsoft.NET.Sdk.targets(1131,5): message :       _GenerateSatelliteAssemblyInputs;
       C:\Program Files\dotnet\sdk\10.0.201\Sdks\Microsoft.NET.Sdk\targets\Microsoft.NET.Sdk.targets(1131,5): message :       ComputeIntermediateSatelliteAssemblies;
       C:\Program Files\dotnet\sdk\10.0.201\Sdks\Microsoft.NET.Sdk\targets\Microsoft.NET.Sdk.targets(1131,5): message :       GenerateSatelliteAssemblies
       C:\Program Files\dotnet\sdk\10.0.201\Sdks\Microsoft.NET.Sdk\targets\Microsoft.NET.Sdk.targets(1131,5): message :     ;
       C:\Program Files\dotnet\sdk\10.0.201\Sdks\Microsoft.NET.Sdk\targets\Microsoft.NET.Sdk.targets(1131,5): message :       CoreGenerateSatelliteAssemblies
       C:\Program Files\dotnet\sdk\10.0.201\Sdks\Microsoft.NET.Sdk\targets\Microsoft.NET.Sdk.targets(1131,5): message :     ”(先前值:“
       C:\Program Files\dotnet\sdk\10.0.201\Sdks\Microsoft.NET.Sdk\targets\Microsoft.NET.Sdk.targets(1131,5): message :       ;
       C:\Program Files\dotnet\sdk\10.0.201\Sdks\Microsoft.NET.Sdk\targets\Microsoft.NET.Sdk.targets(1131,5): message :       _GenerateSatelliteAssemblyInputs;
       C:\Program Files\dotnet\sdk\10.0.201\Sdks\Microsoft.NET.Sdk\targets\Microsoft.NET.Sdk.targets(1131,5): message :       ComputeIntermediateSatelliteAssemblies;
       C:\Program Files\dotnet\sdk\10.0.201\Sdks\Microsoft.NET.Sdk\targets\Microsoft.NET.Sdk.targets(1131,5): message :       GenerateSatelliteAssemblies
       C:\Program Files\dotnet\sdk\10.0.201\Sdks\Microsoft.NET.Sdk\targets\Microsoft.NET.Sdk.targets(1131,5): message :     ”)
       C:\Program Files\dotnet\sdk\10.0.201\Sdks\Microsoft.SourceLink.GitLab\build\Microsoft.SourceLink.GitLab.targets(12,5): message : 在 C:\Program Files\dotnet\sdk\10.0.201\Sdks\Microsoft.SourceLink.GitLab\build\Microsoft.SourceLink.GitLab.targets (12,5) 处重新分配属性: $(SourceLinkUrlInitializerTargets)=“;_InitializeGitHubSourceLinkUrl;_InitializeGitLabSourceLinkUrl”(先前值:“;_InitializeGitHubSourceLinkUrl”)
       C:\Program Files\dotnet\sdk\10.0.201\Sdks\Microsoft.SourceLink.GitLab\build\Microsoft.SourceLink.GitLab.targets(13,5): message : 在 C:\Program Files\dotnet\sdk\10.0.201\Sdks\Microsoft.SourceLink.GitLab\build\Microsoft.SourceLink.GitLab.targets (13,5) 处重新分配属性: $(SourceControlManagerUrlTranslationTargets)=“;TranslateGitHubUrlsInSourceControlInformation;TranslateGitLabUrlsInSourceControlInformation”(先前值:“;TranslateGitHubUrlsInSourceControlInformation”)
       C:\Program Files\dotnet\sdk\10.0.201\Sdks\Microsoft.SourceLink.AzureRepos.Git\build\Microsoft.SourceLink.AzureRepos.Git.targets(12,5): message : 在 C:\Program Files\dotnet\sdk\10.0.201\Sdks\Microsoft.SourceLink.AzureRepos.Git\build\Microsoft.SourceLink.AzureRepos.Git.targets (12,5) 处重新分配属性: $(SourceLinkUrlInitializerTargets)=“;_InitializeGitHubSourceLinkUrl;_InitializeGitLabSourceLinkUrl;_InitializeAzureReposGitSourceLinkUrl”(先前值:“;_InitializeGitHubSourceLinkUrl;_InitializeGitLabSourceLinkUrl”)
       C:\Program Files\dotnet\sdk\10.0.201\Sdks\Microsoft.SourceLink.AzureRepos.Git\build\Microsoft.SourceLink.AzureRepos.Git.targets(13,5): message : 在 C:\Program Files\dotnet\sdk\10.0.201\Sdks\Microsoft.SourceLink.AzureRepos.Git\build\Microsoft.SourceLink.AzureRepos.Git.targets (13,5) 处重新分配属性: $(SourceControlManagerUrlTranslationTargets)=“;TranslateGitHubUrlsInSourceControlInformation;TranslateGitLabUrlsInSourceControlInformation;TranslateAzureReposGitUrlsInSourceControlInformation”(先前值:“;TranslateGitHubUrlsInSourceControlInformation;TranslateGitLabUrlsInSourceControlInformation”)
       C:\Program Files\dotnet\sdk\10.0.201\Sdks\Microsoft.SourceLink.Bitbucket.Git\build\Microsoft.SourceLink.Bitbucket.Git.targets(12,5): message : 在 C:\Program Files\dotnet\sdk\10.0.201\Sdks\Microsoft.SourceLink.Bitbucket.Git\build\Microsoft.SourceLink.Bitbucket.Git.targets (12,5) 处重新分配属性: $(SourceLinkUrlInitializerTargets)=“;_InitializeGitHubSourceLinkUrl;_InitializeGitLabSourceLinkUrl;_InitializeAzureReposGitSourceLinkUrl;_InitializeBitbucketGitSourceLinkUrl”(先前值:“;_InitializeGitHubSourceLinkUrl;_InitializeGitLabSourceLinkUrl;_InitializeAzureReposGitSourceLinkUrl”)
       C:\Program Files\dotnet\sdk\10.0.201\Sdks\Microsoft.SourceLink.Bitbucket.Git\build\Microsoft.SourceLink.Bitbucket.Git.targets(13,5): message : 在 C:\Program Files\dotnet\sdk\10.0.201\Sdks\Microsoft.SourceLink.Bitbucket.Git\build\Microsoft.SourceLink.Bitbucket.Git.targets (13,5) 处重新分配属性: $(SourceControlManagerUrlTranslationTargets)=“;TranslateGitHubUrlsInSourceControlInformation;TranslateGitLabUrlsInSourceControlInformation;TranslateAzureReposGitUrlsInSourceControlInformation;TranslateBitbucketGitUrlsInSourceControlInformation”(先前值:“;TranslateGitHubUrlsInSourceControlInformation;TranslateGitLabUrlsInSourceControlInformation;TranslateAzureReposGitUrlsInSourceControlInformation”)
       C:\Program Files\dotnet\sdk\10.0.201\Sdks\Microsoft.NET.Sdk\targets\Microsoft.NET.DesignerSupport.targets(21,5): message : 在 C:\Program Files\dotnet\sdk\10.0.201\Sdks\Microsoft.NET.Sdk\targets\Microsoft.NET.DesignerSupport.targets (21,5) 处重新分配属性: $(DesignerRuntimeImplementationProjectOutputGroupDependsOn)=“
       C:\Program Files\dotnet\sdk\10.0.201\Sdks\Microsoft.NET.Sdk\targets\Microsoft.NET.DesignerSupport.targets(21,5): message :       
       C:\Program Files\dotnet\sdk\10.0.201\Sdks\Microsoft.NET.Sdk\targets\Microsoft.NET.DesignerSupport.targets(21,5): message :       ;
       C:\Program Files\dotnet\sdk\10.0.201\Sdks\Microsoft.NET.Sdk\targets\Microsoft.NET.DesignerSupport.targets(21,5): message :       
       C:\Program Files\dotnet\sdk\10.0.201\Sdks\Microsoft.NET.Sdk\targets\Microsoft.NET.DesignerSupport.targets(21,5): message :       ;
       C:\Program Files\dotnet\sdk\10.0.201\Sdks\Microsoft.NET.Sdk\targets\Microsoft.NET.DesignerSupport.targets(21,5): message :       BuildOnlySettings;
       C:\Program Files\dotnet\sdk\10.0.201\Sdks\Microsoft.NET.Sdk\targets\Microsoft.NET.DesignerSupport.targets(21,5): message :       PrepareForBuild;
       C:\Program Files\dotnet\sdk\10.0.201\Sdks\Microsoft.NET.Sdk\targets\Microsoft.NET.DesignerSupport.targets(21,5): message :       AssignTargetPaths;
       C:\Program Files\dotnet\sdk\10.0.201\Sdks\Microsoft.NET.Sdk\targets\Microsoft.NET.DesignerSupport.targets(21,5): message :       ResolveReferences
       C:\Program Files\dotnet\sdk\10.0.201\Sdks\Microsoft.NET.Sdk\targets\Microsoft.NET.DesignerSupport.targets(21,5): message :     
       C:\Program Files\dotnet\sdk\10.0.201\Sdks\Microsoft.NET.Sdk\targets\Microsoft.NET.DesignerSupport.targets(21,5): message :     ;
       C:\Program Files\dotnet\sdk\10.0.201\Sdks\Microsoft.NET.Sdk\targets\Microsoft.NET.DesignerSupport.targets(21,5): message :       _GenerateDesignerDepsFile;
       C:\Program Files\dotnet\sdk\10.0.201\Sdks\Microsoft.NET.Sdk\targets\Microsoft.NET.DesignerSupport.targets(21,5): message :       _GenerateDesignerRuntimeConfigFile;
       C:\Program Files\dotnet\sdk\10.0.201\Sdks\Microsoft.NET.Sdk\targets\Microsoft.NET.DesignerSupport.targets(21,5): message :       GetCopyToOutputDirectoryItems;
       C:\Program Files\dotnet\sdk\10.0.201\Sdks\Microsoft.NET.Sdk\targets\Microsoft.NET.DesignerSupport.targets(21,5): message :       _GatherDesignerShadowCopyFiles;
       C:\Program Files\dotnet\sdk\10.0.201\Sdks\Microsoft.NET.Sdk\targets\Microsoft.NET.DesignerSupport.targets(21,5): message :     ”(先前值:“
       C:\Program Files\dotnet\sdk\10.0.201\Sdks\Microsoft.NET.Sdk\targets\Microsoft.NET.DesignerSupport.targets(21,5): message :       ;
       C:\Program Files\dotnet\sdk\10.0.201\Sdks\Microsoft.NET.Sdk\targets\Microsoft.NET.DesignerSupport.targets(21,5): message :       
       C:\Program Files\dotnet\sdk\10.0.201\Sdks\Microsoft.NET.Sdk\targets\Microsoft.NET.DesignerSupport.targets(21,5): message :       ;
       C:\Program Files\dotnet\sdk\10.0.201\Sdks\Microsoft.NET.Sdk\targets\Microsoft.NET.DesignerSupport.targets(21,5): message :       BuildOnlySettings;
       C:\Program Files\dotnet\sdk\10.0.201\Sdks\Microsoft.NET.Sdk\targets\Microsoft.NET.DesignerSupport.targets(21,5): message :       PrepareForBuild;
       C:\Program Files\dotnet\sdk\10.0.201\Sdks\Microsoft.NET.Sdk\targets\Microsoft.NET.DesignerSupport.targets(21,5): message :       AssignTargetPaths;
       C:\Program Files\dotnet\sdk\10.0.201\Sdks\Microsoft.NET.Sdk\targets\Microsoft.NET.DesignerSupport.targets(21,5): message :       ResolveReferences
       C:\Program Files\dotnet\sdk\10.0.201\Sdks\Microsoft.NET.Sdk\targets\Microsoft.NET.DesignerSupport.targets(21,5): message :     
       C:\Program Files\dotnet\sdk\10.0.201\Sdks\Microsoft.NET.Sdk\targets\Microsoft.NET.DesignerSupport.targets(21,5): message :     ”)
       C:\Program Files\dotnet\sdk\10.0.201\Sdks\Microsoft.NET.Sdk\targets\Microsoft.NET.Sdk.CSharp.targets(31,5): message : 在 C:\Program Files\dotnet\sdk\10.0.201\Sdks\Microsoft.NET.Sdk\targets\Microsoft.NET.Sdk.CSharp.targets (31,5) 处重新分配属性: $(DefineConstants)=“TRACE;RELEASE”(先前值:“TRACE”)
       C:\Program Files\dotnet\sdk\10.0.201\Sdks\Microsoft.NET.Sdk\targets\Microsoft.NET.Sdk.CSharp.targets(45,5): message : 在 C:\Program Files\dotnet\sdk\10.0.201\Sdks\Microsoft.NET.Sdk\targets\Microsoft.NET.Sdk.CSharp.targets (45,5) 处重新分配属性: $(WarningsAsErrors)=“;NU1605;SYSLIB0011”(先前值:“;NU1605”)
       C:\Program Files\dotnet\sdk\10.0.201\Sdks\Microsoft.NET.Sdk\targets\Microsoft.NET.Windows.targets(49,5): message : 在 C:\Program Files\dotnet\sdk\10.0.201\Sdks\Microsoft.NET.Sdk\targets\Microsoft.NET.Windows.targets (49,5) 处重新分配属性: $(TargetPlatformVersion)=“7.0”(先前值:“”)
       C:\Program Files\dotnet\sdk\10.0.201\Sdks\Microsoft.NET.Sdk\targets\Microsoft.NET.Windows.targets(50,5): message : 在 C:\Program Files\dotnet\sdk\10.0.201\Sdks\Microsoft.NET.Sdk\targets\Microsoft.NET.Windows.targets (50,5) 处重新分配属性: $(EffectiveTargetPlatformVersion)=“7.0”(先前值:“”)
       C:\Program Files\dotnet\sdk\10.0.201\Sdks\Microsoft.NET.Sdk\targets\Microsoft.NET.Windows.targets(60,5): message : 在 C:\Program Files\dotnet\sdk\10.0.201\Sdks\Microsoft.NET.Sdk\targets\Microsoft.NET.Windows.targets (60,5) 处重新分配属性: $(SupportedOSPlatformVersion)=“7.0”(先前值:“”)
       C:\Program Files\dotnet\sdk\10.0.201\Sdks\Microsoft.NET.Sdk\targets\Microsoft.NET.Windows.targets(61,5): message : 在 C:\Program Files\dotnet\sdk\10.0.201\Sdks\Microsoft.NET.Sdk\targets\Microsoft.NET.Windows.targets (61,5) 处重新分配属性: $(TargetPlatformMinVersion)=“7.0”(先前值:“”)
       C:\Program Files\dotnet\sdk\10.0.201\Sdks\Microsoft.NET.Sdk\targets\Microsoft.NET.Windows.targets(239,5): message : 在 C:\Program Files\dotnet\sdk\10.0.201\Sdks\Microsoft.NET.Sdk\targets\Microsoft.NET.Windows.targets (239,5) 处重新分配属性: $(_RunCsWinRTGeneratorPropertyInputsCachePath)=“f:\kaifa\OMI\tools\OMIManager\obj\Release\net10.0-windows\OMIManager.cswinrtgen.cache”(先前值:“obj\Release\net10.0-windows\OMIManager.cswinrtgen.cache”)
       C:\Program Files\dotnet\sdk\10.0.201\Sdks\Microsoft.NET.Sdk\targets\Microsoft.NET.Sdk.targets(1497,5): message : 在 C:\Program Files\dotnet\sdk\10.0.201\Sdks\Microsoft.NET.Sdk\targets\Microsoft.NET.Sdk.targets (1497,5) 处重新分配属性: $(TargetPlatformDisplayName)=“Windows 7.0”(先前值:“Windows ”)
       C:\Program Files\dotnet\sdk\10.0.201\Sdks\Microsoft.NET.Sdk.WindowsDesktop\targets\Microsoft.NET.Sdk.WindowsDesktop.targets(51,5): message : 在 C:\Program Files\dotnet\sdk\10.0.201\Sdks\Microsoft.NET.Sdk.WindowsDesktop\targets\Microsoft.NET.Sdk.WindowsDesktop.targets (51,5) 处重新分配属性: $(_TargetFrameworkVersionValue)=“10.0”(先前值:“0.0”)
       C:\Program Files\dotnet\sdk\10.0.201\Sdks\Microsoft.NET.Sdk.WindowsDesktop\targets\Microsoft.WinFX.targets(61,7): message : 在 C:\Program Files\dotnet\sdk\10.0.201\Sdks\Microsoft.NET.Sdk.WindowsDesktop\targets\Microsoft.WinFX.targets (61,7) 处重新分配属性: $(PrepareResourceNamesDependsOn)=“
       C:\Program Files\dotnet\sdk\10.0.201\Sdks\Microsoft.NET.Sdk.WindowsDesktop\targets\Microsoft.WinFX.targets(61,7): message :                     AssignWinFXEmbeddedResource;
       C:\Program Files\dotnet\sdk\10.0.201\Sdks\Microsoft.NET.Sdk.WindowsDesktop\targets\Microsoft.WinFX.targets(61,7): message :                     
       C:\Program Files\dotnet\sdk\10.0.201\Sdks\Microsoft.NET.Sdk.WindowsDesktop\targets\Microsoft.WinFX.targets(61,7): message :       AssignTargetPaths;
       C:\Program Files\dotnet\sdk\10.0.201\Sdks\Microsoft.NET.Sdk.WindowsDesktop\targets\Microsoft.WinFX.targets(61,7): message :       SplitResourcesByCulture;
       C:\Program Files\dotnet\sdk\10.0.201\Sdks\Microsoft.NET.Sdk.WindowsDesktop\targets\Microsoft.WinFX.targets(61,7): message :       CreateManifestResourceNames;
       C:\Program Files\dotnet\sdk\10.0.201\Sdks\Microsoft.NET.Sdk.WindowsDesktop\targets\Microsoft.WinFX.targets(61,7): message :       CreateCustomManifestResourceNames
       C:\Program Files\dotnet\sdk\10.0.201\Sdks\Microsoft.NET.Sdk.WindowsDesktop\targets\Microsoft.WinFX.targets(61,7): message :     
       C:\Program Files\dotnet\sdk\10.0.201\Sdks\Microsoft.NET.Sdk.WindowsDesktop\targets\Microsoft.WinFX.targets(61,7): message :       ”(先前值:“
       C:\Program Files\dotnet\sdk\10.0.201\Sdks\Microsoft.NET.Sdk.WindowsDesktop\targets\Microsoft.WinFX.targets(61,7): message :       AssignTargetPaths;
       C:\Program Files\dotnet\sdk\10.0.201\Sdks\Microsoft.NET.Sdk.WindowsDesktop\targets\Microsoft.WinFX.targets(61,7): message :       SplitResourcesByCulture;
       C:\Program Files\dotnet\sdk\10.0.201\Sdks\Microsoft.NET.Sdk.WindowsDesktop\targets\Microsoft.WinFX.targets(61,7): message :       CreateManifestResourceNames;
       C:\Program Files\dotnet\sdk\10.0.201\Sdks\Microsoft.NET.Sdk.WindowsDesktop\targets\Microsoft.WinFX.targets(61,7): message :       CreateCustomManifestResourceNames
       C:\Program Files\dotnet\sdk\10.0.201\Sdks\Microsoft.NET.Sdk.WindowsDesktop\targets\Microsoft.WinFX.targets(61,7): message :     ”)
       C:\Program Files\dotnet\sdk\10.0.201\Sdks\Microsoft.NET.Sdk.WindowsDesktop\targets\Microsoft.WinFX.targets(69,7): message : 在 C:\Program Files\dotnet\sdk\10.0.201\Sdks\Microsoft.NET.Sdk.WindowsDesktop\targets\Microsoft.WinFX.targets (69,7) 处重新分配属性: $(PrepareResourcesDependsOn)=“
       C:\Program Files\dotnet\sdk\10.0.201\Sdks\Microsoft.NET.Sdk.WindowsDesktop\targets\Microsoft.WinFX.targets(69,7): message :                 MarkupCompilePass1;
       C:\Program Files\dotnet\sdk\10.0.201\Sdks\Microsoft.NET.Sdk.WindowsDesktop\targets\Microsoft.WinFX.targets(69,7): message :                 AfterMarkupCompilePass1;
       C:\Program Files\dotnet\sdk\10.0.201\Sdks\Microsoft.NET.Sdk.WindowsDesktop\targets\Microsoft.WinFX.targets(69,7): message :                 MarkupCompilePass2ForMainAssembly;
       C:\Program Files\dotnet\sdk\10.0.201\Sdks\Microsoft.NET.Sdk.WindowsDesktop\targets\Microsoft.WinFX.targets(69,7): message :                 FileClassification;
       C:\Program Files\dotnet\sdk\10.0.201\Sdks\Microsoft.NET.Sdk.WindowsDesktop\targets\Microsoft.WinFX.targets(69,7): message :                 MainResourcesGeneration;
       C:\Program Files\dotnet\sdk\10.0.201\Sdks\Microsoft.NET.Sdk.WindowsDesktop\targets\Microsoft.WinFX.targets(69,7): message :                 
       C:\Program Files\dotnet\sdk\10.0.201\Sdks\Microsoft.NET.Sdk.WindowsDesktop\targets\Microsoft.WinFX.targets(69,7): message :       ResolvePackageDependenciesForBuild;
       C:\Program Files\dotnet\sdk\10.0.201\Sdks\Microsoft.NET.Sdk.WindowsDesktop\targets\Microsoft.WinFX.targets(69,7): message :       _HandlePackageFileConflicts;
       C:\Program Files\dotnet\sdk\10.0.201\Sdks\Microsoft.NET.Sdk.WindowsDesktop\targets\Microsoft.WinFX.targets(69,7): message :       
       C:\Program Files\dotnet\sdk\10.0.201\Sdks\Microsoft.NET.Sdk.WindowsDesktop\targets\Microsoft.WinFX.targets(69,7): message :       ;
       C:\Program Files\dotnet\sdk\10.0.201\Sdks\Microsoft.NET.Sdk.WindowsDesktop\targets\Microsoft.WinFX.targets(69,7): message :       PrepareResourceNames;
       C:\Program Files\dotnet\sdk\10.0.201\Sdks\Microsoft.NET.Sdk.WindowsDesktop\targets\Microsoft.WinFX.targets(69,7): message :       ResGen;
       C:\Program Files\dotnet\sdk\10.0.201\Sdks\Microsoft.NET.Sdk.WindowsDesktop\targets\Microsoft.WinFX.targets(69,7): message :       CompileLicxFiles
       C:\Program Files\dotnet\sdk\10.0.201\Sdks\Microsoft.NET.Sdk.WindowsDesktop\targets\Microsoft.WinFX.targets(69,7): message :     
       C:\Program Files\dotnet\sdk\10.0.201\Sdks\Microsoft.NET.Sdk.WindowsDesktop\targets\Microsoft.WinFX.targets(69,7): message :     
       C:\Program Files\dotnet\sdk\10.0.201\Sdks\Microsoft.NET.Sdk.WindowsDesktop\targets\Microsoft.WinFX.targets(69,7): message :       ”(先前值:“
       C:\Program Files\dotnet\sdk\10.0.201\Sdks\Microsoft.NET.Sdk.WindowsDesktop\targets\Microsoft.WinFX.targets(69,7): message :       ResolvePackageDependenciesForBuild;
       C:\Program Files\dotnet\sdk\10.0.201\Sdks\Microsoft.NET.Sdk.WindowsDesktop\targets\Microsoft.WinFX.targets(69,7): message :       _HandlePackageFileConflicts;
       C:\Program Files\dotnet\sdk\10.0.201\Sdks\Microsoft.NET.Sdk.WindowsDesktop\targets\Microsoft.WinFX.targets(69,7): message :       
       C:\Program Files\dotnet\sdk\10.0.201\Sdks\Microsoft.NET.Sdk.WindowsDesktop\targets\Microsoft.WinFX.targets(69,7): message :       ;
       C:\Program Files\dotnet\sdk\10.0.201\Sdks\Microsoft.NET.Sdk.WindowsDesktop\targets\Microsoft.WinFX.targets(69,7): message :       PrepareResourceNames;
       C:\Program Files\dotnet\sdk\10.0.201\Sdks\Microsoft.NET.Sdk.WindowsDesktop\targets\Microsoft.WinFX.targets(69,7): message :       ResGen;
       C:\Program Files\dotnet\sdk\10.0.201\Sdks\Microsoft.NET.Sdk.WindowsDesktop\targets\Microsoft.WinFX.targets(69,7): message :       CompileLicxFiles
       C:\Program Files\dotnet\sdk\10.0.201\Sdks\Microsoft.NET.Sdk.WindowsDesktop\targets\Microsoft.WinFX.targets(69,7): message :     
       C:\Program Files\dotnet\sdk\10.0.201\Sdks\Microsoft.NET.Sdk.WindowsDesktop\targets\Microsoft.WinFX.targets(69,7): message :     ”)
       C:\Program Files\dotnet\sdk\10.0.201\Sdks\Microsoft.NET.Sdk.WindowsDesktop\targets\Microsoft.WinFX.targets(136,5): message : 在 C:\Program Files\dotnet\sdk\10.0.201\Sdks\Microsoft.NET.Sdk.WindowsDesktop\targets\Microsoft.WinFX.targets (136,5) 处重新分配属性: $(CompileDependsOn)=“
       C:\Program Files\dotnet\sdk\10.0.201\Sdks\Microsoft.NET.Sdk.WindowsDesktop\targets\Microsoft.WinFX.targets(136,5): message :         
       C:\Program Files\dotnet\sdk\10.0.201\Sdks\Microsoft.NET.Sdk.WindowsDesktop\targets\Microsoft.WinFX.targets(136,5): message :       
       C:\Program Files\dotnet\sdk\10.0.201\Sdks\Microsoft.NET.Sdk.WindowsDesktop\targets\Microsoft.WinFX.targets(136,5): message :       ResolveReferences;
       C:\Program Files\dotnet\sdk\10.0.201\Sdks\Microsoft.NET.Sdk.WindowsDesktop\targets\Microsoft.WinFX.targets(136,5): message :       ResolveKeySource;
       C:\Program Files\dotnet\sdk\10.0.201\Sdks\Microsoft.NET.Sdk.WindowsDesktop\targets\Microsoft.WinFX.targets(136,5): message :       SetWin32ManifestProperties;
       C:\Program Files\dotnet\sdk\10.0.201\Sdks\Microsoft.NET.Sdk.WindowsDesktop\targets\Microsoft.WinFX.targets(136,5): message :       _SetPreferNativeArm64Win32ManifestProperties;
       C:\Program Files\dotnet\sdk\10.0.201\Sdks\Microsoft.NET.Sdk.WindowsDesktop\targets\Microsoft.WinFX.targets(136,5): message :       FindReferenceAssembliesForReferences;
       C:\Program Files\dotnet\sdk\10.0.201\Sdks\Microsoft.NET.Sdk.WindowsDesktop\targets\Microsoft.WinFX.targets(136,5): message :       _GenerateCompileInputs;
       C:\Program Files\dotnet\sdk\10.0.201\Sdks\Microsoft.NET.Sdk.WindowsDesktop\targets\Microsoft.WinFX.targets(136,5): message :       BeforeCompile;
       C:\Program Files\dotnet\sdk\10.0.201\Sdks\Microsoft.NET.Sdk.WindowsDesktop\targets\Microsoft.WinFX.targets(136,5): message :       _TimeStampBeforeCompile;
       C:\Program Files\dotnet\sdk\10.0.201\Sdks\Microsoft.NET.Sdk.WindowsDesktop\targets\Microsoft.WinFX.targets(136,5): message :       _GenerateCompileDependencyCache;
       C:\Program Files\dotnet\sdk\10.0.201\Sdks\Microsoft.NET.Sdk.WindowsDesktop\targets\Microsoft.WinFX.targets(136,5): message :       CoreCompile;
       C:\Program Files\dotnet\sdk\10.0.201\Sdks\Microsoft.NET.Sdk.WindowsDesktop\targets\Microsoft.WinFX.targets(136,5): message :       _TimeStampAfterCompile;
       C:\Program Files\dotnet\sdk\10.0.201\Sdks\Microsoft.NET.Sdk.WindowsDesktop\targets\Microsoft.WinFX.targets(136,5): message :       AfterCompile;
       C:\Program Files\dotnet\sdk\10.0.201\Sdks\Microsoft.NET.Sdk.WindowsDesktop\targets\Microsoft.WinFX.targets(136,5): message :     ;
       C:\Program Files\dotnet\sdk\10.0.201\Sdks\Microsoft.NET.Sdk.WindowsDesktop\targets\Microsoft.WinFX.targets(136,5): message :       _CreateAppHost;
       C:\Program Files\dotnet\sdk\10.0.201\Sdks\Microsoft.NET.Sdk.WindowsDesktop\targets\Microsoft.WinFX.targets(136,5): message :       _CreateComHost;
       C:\Program Files\dotnet\sdk\10.0.201\Sdks\Microsoft.NET.Sdk.WindowsDesktop\targets\Microsoft.WinFX.targets(136,5): message :       _GetIjwHostPaths;
       C:\Program Files\dotnet\sdk\10.0.201\Sdks\Microsoft.NET.Sdk.WindowsDesktop\targets\Microsoft.WinFX.targets(136,5): message :     ;
       C:\Program Files\dotnet\sdk\10.0.201\Sdks\Microsoft.NET.Sdk.WindowsDesktop\targets\Microsoft.WinFX.targets(136,5): message :         _AfterCompileWinFXInternal
       C:\Program Files\dotnet\sdk\10.0.201\Sdks\Microsoft.NET.Sdk.WindowsDesktop\targets\Microsoft.WinFX.targets(136,5): message :     ”(先前值:“
       C:\Program Files\dotnet\sdk\10.0.201\Sdks\Microsoft.NET.Sdk.WindowsDesktop\targets\Microsoft.WinFX.targets(136,5): message :       
       C:\Program Files\dotnet\sdk\10.0.201\Sdks\Microsoft.NET.Sdk.WindowsDesktop\targets\Microsoft.WinFX.targets(136,5): message :       ResolveReferences;
       C:\Program Files\dotnet\sdk\10.0.201\Sdks\Microsoft.NET.Sdk.WindowsDesktop\targets\Microsoft.WinFX.targets(136,5): message :       ResolveKeySource;
       C:\Program Files\dotnet\sdk\10.0.201\Sdks\Microsoft.NET.Sdk.WindowsDesktop\targets\Microsoft.WinFX.targets(136,5): message :       SetWin32ManifestProperties;
       C:\Program Files\dotnet\sdk\10.0.201\Sdks\Microsoft.NET.Sdk.WindowsDesktop\targets\Microsoft.WinFX.targets(136,5): message :       _SetPreferNativeArm64Win32ManifestProperties;
       C:\Program Files\dotnet\sdk\10.0.201\Sdks\Microsoft.NET.Sdk.WindowsDesktop\targets\Microsoft.WinFX.targets(136,5): message :       FindReferenceAssembliesForReferences;
       C:\Program Files\dotnet\sdk\10.0.201\Sdks\Microsoft.NET.Sdk.WindowsDesktop\targets\Microsoft.WinFX.targets(136,5): message :       _GenerateCompileInputs;
       C:\Program Files\dotnet\sdk\10.0.201\Sdks\Microsoft.NET.Sdk.WindowsDesktop\targets\Microsoft.WinFX.targets(136,5): message :       BeforeCompile;
       C:\Program Files\dotnet\sdk\10.0.201\Sdks\Microsoft.NET.Sdk.WindowsDesktop\targets\Microsoft.WinFX.targets(136,5): message :       _TimeStampBeforeCompile;
       C:\Program Files\dotnet\sdk\10.0.201\Sdks\Microsoft.NET.Sdk.WindowsDesktop\targets\Microsoft.WinFX.targets(136,5): message :       _GenerateCompileDependencyCache;
       C:\Program Files\dotnet\sdk\10.0.201\Sdks\Microsoft.NET.Sdk.WindowsDesktop\targets\Microsoft.WinFX.targets(136,5): message :       CoreCompile;
       C:\Program Files\dotnet\sdk\10.0.201\Sdks\Microsoft.NET.Sdk.WindowsDesktop\targets\Microsoft.WinFX.targets(136,5): message :       _TimeStampAfterCompile;
       C:\Program Files\dotnet\sdk\10.0.201\Sdks\Microsoft.NET.Sdk.WindowsDesktop\targets\Microsoft.WinFX.targets(136,5): message :       AfterCompile;
       C:\Program Files\dotnet\sdk\10.0.201\Sdks\Microsoft.NET.Sdk.WindowsDesktop\targets\Microsoft.WinFX.targets(136,5): message :     ;
       C:\Program Files\dotnet\sdk\10.0.201\Sdks\Microsoft.NET.Sdk.WindowsDesktop\targets\Microsoft.WinFX.targets(136,5): message :       _CreateAppHost;
       C:\Program Files\dotnet\sdk\10.0.201\Sdks\Microsoft.NET.Sdk.WindowsDesktop\targets\Microsoft.WinFX.targets(136,5): message :       _CreateComHost;
       C:\Program Files\dotnet\sdk\10.0.201\Sdks\Microsoft.NET.Sdk.WindowsDesktop\targets\Microsoft.WinFX.targets(136,5): message :       _GetIjwHostPaths;
       C:\Program Files\dotnet\sdk\10.0.201\Sdks\Microsoft.NET.Sdk.WindowsDesktop\targets\Microsoft.WinFX.targets(136,5): message :     ”)
       C:\Program Files\dotnet\sdk\10.0.201\Sdks\Microsoft.NET.Sdk.WindowsDesktop\targets\Microsoft.WinFX.targets(803,9): message : 在 C:\Program Files\dotnet\sdk\10.0.201\Sdks\Microsoft.NET.Sdk.WindowsDesktop\targets\Microsoft.WinFX.targets (803,9) 处重新分配属性: $(PublishBuildDependsOn)=“
       C:\Program Files\dotnet\sdk\10.0.201\Sdks\Microsoft.NET.Sdk.WindowsDesktop\targets\Microsoft.WinFX.targets(803,9): message :             BuildOnlySettings;
       C:\Program Files\dotnet\sdk\10.0.201\Sdks\Microsoft.NET.Sdk.WindowsDesktop\targets\Microsoft.WinFX.targets(803,9): message :             PrepareForBuild;
       C:\Program Files\dotnet\sdk\10.0.201\Sdks\Microsoft.NET.Sdk.WindowsDesktop\targets\Microsoft.WinFX.targets(803,9): message :             ResolveReferences;
       C:\Program Files\dotnet\sdk\10.0.201\Sdks\Microsoft.NET.Sdk.WindowsDesktop\targets\Microsoft.WinFX.targets(803,9): message :             PrepareResources;
       C:\Program Files\dotnet\sdk\10.0.201\Sdks\Microsoft.NET.Sdk.WindowsDesktop\targets\Microsoft.WinFX.targets(803,9): message :             ResolveKeySource;
       C:\Program Files\dotnet\sdk\10.0.201\Sdks\Microsoft.NET.Sdk.WindowsDesktop\targets\Microsoft.WinFX.targets(803,9): message :             PrepareResourcesForSatelliteAssemblies;
       C:\Program Files\dotnet\sdk\10.0.201\Sdks\Microsoft.NET.Sdk.WindowsDesktop\targets\Microsoft.WinFX.targets(803,9): message :             GenerateSerializationAssemblies;
       C:\Program Files\dotnet\sdk\10.0.201\Sdks\Microsoft.NET.Sdk.WindowsDesktop\targets\Microsoft.WinFX.targets(803,9): message :             CreateSatelliteAssemblies;
       C:\Program Files\dotnet\sdk\10.0.201\Sdks\Microsoft.NET.Sdk.WindowsDesktop\targets\Microsoft.WinFX.targets(803,9): message :         ”(先前值:“
       C:\Program Files\dotnet\sdk\10.0.201\Sdks\Microsoft.NET.Sdk.WindowsDesktop\targets\Microsoft.WinFX.targets(803,9): message :       BuildOnlySettings;
       C:\Program Files\dotnet\sdk\10.0.201\Sdks\Microsoft.NET.Sdk.WindowsDesktop\targets\Microsoft.WinFX.targets(803,9): message :       PrepareForBuild;
       C:\Program Files\dotnet\sdk\10.0.201\Sdks\Microsoft.NET.Sdk.WindowsDesktop\targets\Microsoft.WinFX.targets(803,9): message :       ResolveReferences;
       C:\Program Files\dotnet\sdk\10.0.201\Sdks\Microsoft.NET.Sdk.WindowsDesktop\targets\Microsoft.WinFX.targets(803,9): message :       PrepareResources;
       C:\Program Files\dotnet\sdk\10.0.201\Sdks\Microsoft.NET.Sdk.WindowsDesktop\targets\Microsoft.WinFX.targets(803,9): message :       ResolveKeySource;
       C:\Program Files\dotnet\sdk\10.0.201\Sdks\Microsoft.NET.Sdk.WindowsDesktop\targets\Microsoft.WinFX.targets(803,9): message :       GenerateSerializationAssemblies;
       C:\Program Files\dotnet\sdk\10.0.201\Sdks\Microsoft.NET.Sdk.WindowsDesktop\targets\Microsoft.WinFX.targets(803,9): message :       CreateSatelliteAssemblies;
       C:\Program Files\dotnet\sdk\10.0.201\Sdks\Microsoft.NET.Sdk.WindowsDesktop\targets\Microsoft.WinFX.targets(803,9): message :     ”)
       C:\Program Files\dotnet\sdk\10.0.201\NuGet.Build.Tasks.Pack.targets(34,5): message : 在 C:\Program Files\dotnet\sdk\10.0.201\NuGet.Build.Tasks.Pack.targets (34,5) 处重新分配属性: $(PackageDescription)=“Package Description”(先前值:“”)
       C:\Program Files\dotnet\sdk\10.0.201\NuGet.Build.Tasks.Pack.targets(59,5): message : 在 C:\Program Files\dotnet\sdk\10.0.201\NuGet.Build.Tasks.Pack.targets (59,5) 处重新分配属性: $(GenerateNuspecDependsOn)=“Build;_LoadPackInputItems; _GetTargetFrameworksOutput; _WalkEachTargetPerFramework; _GetPackageFiles; ”(先前值:“_LoadPackInputItems; _GetTargetFrameworksOutput; _WalkEachTargetPerFramework; _GetPackageFiles; ”)
       C:\Program Files\dotnet\sdk\10.0.201\Sdks\Microsoft.NET.Sdk\Sdk\Sdk.targets(59,5): message : 在 C:\Program Files\dotnet\sdk\10.0.201\Sdks\Microsoft.NET.Sdk\Sdk\Sdk.targets (59,5) 处重新分配属性: $(_IsNotSetContainersTargetsDir)=“true”(先前值:“false”)
       C:\Program Files\dotnet\sdk\10.0.201\Containers\build\Microsoft.NET.Build.Containers.targets(5,5): message : 在 C:\Program Files\dotnet\sdk\10.0.201\Containers\build\Microsoft.NET.Build.Containers.targets (5,5) 处重新分配属性: $(_IsSDKContainerAllowedVersion)=“true”(先前值:“false”)
       C:\Program Files\dotnet\sdk\10.0.201\Containers\build\Microsoft.NET.Build.Containers.targets(15,5): message : 在 C:\Program Files\dotnet\sdk\10.0.201\Containers\build\Microsoft.NET.Build.Containers.targets (15,5) 处重新分配属性: $(_ContainerIsTargetingNet8TFM)=“true”(先前值:“false”)
       正在使用项目“C:\Program Files\dotnet\sdk\10.0.201\Sdks\Microsoft.NET.Sdk\targets\Microsoft.NET.Sdk.FrameworkReferenceResolution.targets”中的目标“ResolveFrameworkReferences”重写项目“C:\Program Files\dotnet\sdk\10.0.201\Microsoft.Common.CurrentVersion.targets”中的目标“ResolveFrameworkReferences”。
       正在使用项目“C:\Program Files\dotnet\sdk\10.0.201\Sdks\Microsoft.NET.Sdk\targets\Microsoft.NET.Sdk.targets”中的目标“GenerateSupportedTargetFrameworkAlias”重写项目“C:\Program Files\dotnet\sdk\10.0.201\Microsoft.Common.CurrentVersion.targets”中的目标“GenerateSupportedTargetFrameworkAlias”。
       正在使用项目“C:\Program Files\dotnet\sdk\10.0.201\Sdks\Microsoft.NET.Sdk\targets\Microsoft.NET.DisableStandardFrameworkResolution.targets”中的目标“GetReferenceAssemblyPaths”重写项目“C:\Program Files\dotnet\sdk\10.0.201\Microsoft.Common.CurrentVersion.targets”中的目标“GetReferenceAssemblyPaths”。
       正在使用项目“C:\Program Files\dotnet\sdk\10.0.201\Sdks\Microsoft.NET.Sdk\targets\Microsoft.NET.DisableStandardFrameworkResolution.targets”中的目标“GetFrameworkPaths”重写项目“C:\Program Files\dotnet\sdk\10.0.201\Microsoft.Common.CurrentVersion.targets”中的目标“GetFrameworkPaths”。
       正在使用项目“C:\Program Files\dotnet\sdk\10.0.201\Sdks\Microsoft.NET.Sdk\targets\Microsoft.NET.DesignerSupport.targets”中的目标“DesignerRuntimeImplementationProjectOutputGroup”重写项目“C:\Program Files\dotnet\sdk\10.0.201\Microsoft.Common.CurrentVersion.targets”中的目标“DesignerRuntimeImplementationProjectOutputGroup”。
       正在使用项目“C:\Program Files\dotnet\sdk\10.0.201\Sdks\Microsoft.NET.Sdk\targets\Microsoft.NET.Publish.targets”中的目标“Publish”重写项目“C:\Program Files\dotnet\sdk\10.0.201\Microsoft.Common.CurrentVersion.targets”中的目标“Publish”。
       正在使用项目“C:\Program Files\dotnet\sdk\10.0.201\Sdks\Microsoft.NET.Sdk\targets\Microsoft.NET.Publish.targets”中的目标“ResolveReadyToRunCompilers”重写项目“C:\Program Files\dotnet\sdk\10.0.201\Sdks\Microsoft.NET.Sdk\targets\Microsoft.NET.CrossGen.targets”中的目标“ResolveReadyToRunCompilers”。
       正在使用项目“C:\Program Files\dotnet\sdk\10.0.201\Sdks\Microsoft.NET.Sdk\targets\Microsoft.NET.Publish.targets”中的目标“GetCopyToPublishDirectoryItems”重写项目“C:\Program Files\dotnet\sdk\10.0.201\Microsoft.Common.CurrentVersion.targets”中的目标“GetCopyToPublishDirectoryItems”。
       正在使用项目“C:\Program Files\dotnet\sdk\10.0.201\Sdks\Microsoft.NET.Sdk\targets\Microsoft.NET.Sdk.targets”中的目标“Run”重写项目“C:\Program Files\dotnet\sdk\10.0.201\Microsoft.Common.CurrentVersion.targets”中的目标“Run”。
       正在使用项目“C:\Program Files\dotnet\sdk\10.0.201\Sdks\Microsoft.NET.Sdk.WindowsDesktop\targets\Microsoft.WinFX.targets”中的目标“SatelliteDllsProjectOutputGroup”重写项目“C:\Program Files\dotnet\sdk\10.0.201\Microsoft.Common.CurrentVersion.targets”中的目标“SatelliteDllsProjectOutputGroup”。
   1:7>节点 1 上的项目“f:\kaifa\OMI\tools\OMIManager\OMIManager.csproj”(默认目标)。
   1:7>来自项目“f:\kaifa\OMI\tools\OMIManager\OMIManager.csproj”的文件“C:\Program Files\dotnet\sdk\10.0.201\Sdks\Microsoft.NET.Sdk\targets\Microsoft.NET.TargetFrameworkInference.targets”中的目标“_CollectTargetFrameworkForTelemetry”(目标“_CheckForInvalidConfigurationAndPlatform”依赖于它):
   1:7>正在使用程序集“C:\Program Files\dotnet\sdk\10.0.201\Sdks\Microsoft.NET.Sdk\targets\..\tools\net10.0\Microsoft.NET.Build.Tasks.dll”中的“AllowEmptyTelemetry”任务。
       任务“AllowEmptyTelemetry”
       已完成执行任务“AllowEmptyTelemetry”的操作。
   1:7>已完成在项目“OMIManager.csproj”中生成目标“_CollectTargetFrameworkForTelemetry”的操作。
   1:7>来自项目“f:\kaifa\OMI\tools\OMIManager\OMIManager.csproj”的文件“C:\Program Files\dotnet\sdk\10.0.201\Sdks\Microsoft.NET.Sdk\targets\Microsoft.NET.TargetFrameworkInference.targets”中的目标“_CheckForUnsupportedTargetPlatformIdentifier”(目标“_CheckForInvalidConfigurationAndPlatform”依赖于它):
   1:7>已完成在项目“OMIManager.csproj”中生成目标“_CheckForUnsupportedTargetPlatformIdentifier”的操作。
   1:7>来自项目“f:\kaifa\OMI\tools\OMIManager\OMIManager.csproj”的文件“C:\Program Files\dotnet\sdk\10.0.201\Sdks\Microsoft.NET.Sdk\targets\Microsoft.NET.TargetFrameworkInference.targets”中的目标“_CheckForUnsupportedNETCoreVersion”(目标“_CheckForInvalidConfigurationAndPlatform”依赖于它):
   1:7>已完成在项目“OMIManager.csproj”中生成目标“_CheckForUnsupportedNETCoreVersion”的操作。
   1:7>来自项目“f:\kaifa\OMI\tools\OMIManager\OMIManager.csproj”的文件“C:\Program Files\dotnet\sdk\10.0.201\Sdks\Microsoft.NET.Sdk\targets\Microsoft.NET.TargetFrameworkInference.targets”中的目标“_CheckForUnsupportedCppNETCoreVersion”(目标“_CheckForInvalidConfigurationAndPlatform”依赖于它):
   1:7>已完成在项目“OMIManager.csproj”中生成目标“_CheckForUnsupportedCppNETCoreVersion”的操作。
   1:7>来自项目“f:\kaifa\OMI\tools\OMIManager\OMIManager.csproj”的文件“C:\Program Files\dotnet\sdk\10.0.201\Sdks\Microsoft.NET.Sdk\targets\Microsoft.NET.TargetFrameworkInference.targets”中的目标“_CheckForSupportedOSPlatformVersionHigherThanTargetPlatformVersion”(目标“_CheckForInvalidConfigurationAndPlatform”依赖于它):
   1:7>已完成在项目“OMIManager.csproj”中生成目标“_CheckForSupportedOSPlatformVersionHigherThanTargetPlatformVersion”的操作。
   1:7>来自项目“f:\kaifa\OMI\tools\OMIManager\OMIManager.csproj”的文件“C:\Program Files\dotnet\sdk\10.0.201\Sdks\Microsoft.NET.Sdk\targets\Microsoft.NET.TargetFrameworkInference.targets”中的目标“_NormalizeTargetPlatformVersion”(目标“_CheckForInvalidTargetPlatformVersion”依赖于它):
   1:7>已完成在项目“OMIManager.csproj”中生成目标“_NormalizeTargetPlatformVersion”的操作。
   1:7>来自项目“f:\kaifa\OMI\tools\OMIManager\OMIManager.csproj”的文件“C:\Program Files\dotnet\sdk\10.0.201\Sdks\Microsoft.NET.Sdk\targets\Microsoft.NET.TargetFrameworkInference.targets”中的目标“_CheckForInvalidTargetPlatformVersion”(目标“_CheckForInvalidConfigurationAndPlatform”依赖于它):
   1:7>已完成在项目“OMIManager.csproj”中生成目标“_CheckForInvalidTargetPlatformVersion”的操作。
   1:7>来自项目“f:\kaifa\OMI\tools\OMIManager\OMIManager.csproj”的文件“C:\Program Files\dotnet\sdk\10.0.201\Sdks\Microsoft.NET.Sdk\targets\Microsoft.NET.DefaultOutputPaths.targets”中的目标“_CheckForUnsupportedArtifactsPath”(目标“_CheckForInvalidConfigurationAndPlatform”依赖于它):
   1:7>已完成在项目“OMIManager.csproj”中生成目标“_CheckForUnsupportedArtifactsPath”的操作。
   1:7>来自项目“f:\kaifa\OMI\tools\OMIManager\OMIManager.csproj”的文件“C:\Program Files\dotnet\sdk\10.0.201\Sdks\Microsoft.NET.Sdk\targets\Microsoft.NET.RuntimeIdentifierInference.targets”中的目标“_CheckRIDAsserts”(目标“_CheckForUnsupportedAppHostUsage”依赖于它):
   1:7>已完成在项目“OMIManager.csproj”中生成目标“_CheckRIDAsserts”的操作。
   1:7>来自项目“f:\kaifa\OMI\tools\OMIManager\OMIManager.csproj”的文件“C:\Program Files\dotnet\sdk\10.0.201\Sdks\Microsoft.NET.Sdk\targets\Microsoft.NET.RuntimeIdentifierInference.targets”中的目标“_CheckForUnsupportedAppHostUsage”(目标“_CheckForInvalidConfigurationAndPlatform”依赖于它):
   1:7>已完成在项目“OMIManager.csproj”中生成目标“_CheckForUnsupportedAppHostUsage”的操作。
   1:7>来自项目“f:\kaifa\OMI\tools\OMIManager\OMIManager.csproj”的文件“C:\Program Files\dotnet\sdk\10.0.201\Sdks\Microsoft.NET.Sdk\targets\Microsoft.NET.RuntimeIdentifierInference.targets”中的目标“_CheckForUnsupportedHostingUsage”(目标“_CheckForInvalidConfigurationAndPlatform”依赖于它):
   1:7>已完成在项目“OMIManager.csproj”中生成目标“_CheckForUnsupportedHostingUsage”的操作。
   1:7>来自项目“f:\kaifa\OMI\tools\OMIManager\OMIManager.csproj”的文件“C:\Program Files\dotnet\sdk\10.0.201\Sdks\Microsoft.NET.Sdk\targets\Microsoft.NET.RuntimeIdentifierInference.targets”中的目标“_CheckAndUnsetUnsupportedPrefer32Bit”(目标“_CheckForInvalidConfigurationAndPlatform”依赖于它):
   1:7>已完成在项目“OMIManager.csproj”中生成目标“_CheckAndUnsetUnsupportedPrefer32Bit”的操作。
   1:7>来自项目“f:\kaifa\OMI\tools\OMIManager\OMIManager.csproj”的文件“C:\Program Files\dotnet\sdk\10.0.201\Sdks\Microsoft.NET.Sdk\targets\Microsoft.NET.RuntimeIdentifierInference.targets”中的目标“_CheckForLanguageAndFeatureCombinationSupport”(目标“_CheckForInvalidConfigurationAndPlatform”依赖于它):
   1:7>已完成在项目“OMIManager.csproj”中生成目标“_CheckForLanguageAndFeatureCombinationSupport”的操作。
   1:7>来自项目“f:\kaifa\OMI\tools\OMIManager\OMIManager.csproj”的文件“C:\Program Files\dotnet\sdk\10.0.201\Sdks\Microsoft.NET.Sdk\targets\Microsoft.NET.Sdk.DefaultItems.Shared.targets”中的目标“CheckForImplicitPackageReferenceOverrides”(目标“CollectPackageReferences”依赖于它):
       正在使用程序集“C:\Program Files\dotnet\sdk\10.0.201\Sdks\Microsoft.NET.Sdk\targets\..\tools\net10.0\Microsoft.NET.Build.Tasks.dll”中的“CheckForImplicitPackageReferenceOverrides”任务。
       任务“CheckForImplicitPackageReferenceOverrides”
       已完成执行任务“CheckForImplicitPackageReferenceOverrides”的操作。
   1:7>已完成在项目“OMIManager.csproj”中生成目标“CheckForImplicitPackageReferenceOverrides”的操作。
   1:7>来自项目“f:\kaifa\OMI\tools\OMIManager\OMIManager.csproj”的文件“C:\Program Files\dotnet\sdk\10.0.201\Sdks\Microsoft.NET.Sdk\targets\Microsoft.NET.Sdk.FrameworkReferenceResolution.targets”中的目标“AddWindowsSdkKnownFrameworkReferences”(目标“ProcessFrameworkReferences”依赖于它):
       正在使用程序集“C:\Program Files\dotnet\sdk\10.0.201\Sdks\Microsoft.NET.Sdk\targets\..\tools\net10.0\Microsoft.NET.Build.Tasks.dll”中的“CreateWindowsSdkKnownFrameworkReferences”任务。
       任务“CreateWindowsSdkKnownFrameworkReferences”
       已完成执行任务“CreateWindowsSdkKnownFrameworkReferences”的操作。
   1:7>已完成在项目“OMIManager.csproj”中生成目标“AddWindowsSdkKnownFrameworkReferences”的操作。
   1:7>来自项目“f:\kaifa\OMI\tools\OMIManager\OMIManager.csproj”的文件“C:\Program Files\dotnet\sdk\10.0.201\Sdks\Microsoft.NET.Sdk\targets\Microsoft.NET.Publish.targets”中的目标“_ComputeToolPackInputsToProcessFrameworkReferences”(目标“ProcessFrameworkReferences”依赖于它):
   1:7>已完成在项目“OMIManager.csproj”中生成目标“_ComputeToolPackInputsToProcessFrameworkReferences”的操作。
   1:7>来自项目“f:\kaifa\OMI\tools\OMIManager\OMIManager.csproj”的文件“C:\Program Files\dotnet\sdk\10.0.201\Sdks\Microsoft.NET.Sdk\targets\Microsoft.NET.Sdk.FrameworkReferenceResolution.targets”中的目标“ProcessFrameworkReferences”(目标“CollectPackageReferences”依赖于它):
       正在使用程序集“C:\Program Files\dotnet\sdk\10.0.201\Sdks\Microsoft.NET.Sdk\targets\..\tools\net10.0\Microsoft.NET.Build.Tasks.dll”中的“CheckForDuplicateFrameworkReferences”任务。
       任务“CheckForDuplicateFrameworkReferences”
       已完成执行任务“CheckForDuplicateFrameworkReferences”的操作。
       正在使用程序集“C:\Program Files\dotnet\sdk\10.0.201\Sdks\Microsoft.NET.Sdk\targets\..\tools\net10.0\Microsoft.NET.Build.Tasks.dll”中的“ProcessFrameworkReferences”任务。
       任务“ProcessFrameworkReferences”
         Found 2 known framework references for target framework .NETCoreApp
         Found 5 known runtime packs for target framework .NETCoreApp
         Selected Microsoft.NETCore.App with RIDs 'linux-arm;linux-arm64;linux-musl-arm64;linux-musl-x64;linux-x64;osx-x64;tizen.4.0.0-armel;tizen.5.0.0-armel;win-arm64;win-x64;win-x86;linux-musl-arm;osx-arm64;linux-s390x;linux-loongarch64;linux-bionic-arm;linux-bionic-arm64;linux-bionic-x64;linux-bionic-x86;linux-ppc64le;freebsd-x64;freebsd-arm64;linux-riscv64;linux-musl-riscv64;linux-musl-loongarch64;android-arm64;android-x64'
         Selected targeting pack 'Microsoft.NETCore.App@10.0.5'
         Added runtime framework 'Microsoft.NETCore.App@10.0.0'
         Selected Microsoft.WindowsDesktop.App with RIDs 'win-x64;win-x86;win-arm64'
         Selected targeting pack 'Microsoft.WindowsDesktop.App@10.0.5'
         Added runtime framework 'Microsoft.WindowsDesktop.App@10.0.0'
         Selected Microsoft.WindowsDesktop.App with RIDs 'win-x64;win-x86;win-arm64'
         Selected targeting pack 'Microsoft.WindowsDesktop.App.WPF@10.0.5'
         Added runtime framework 'Microsoft.WindowsDesktop.App@10.0.0'
         Selected Microsoft.WindowsDesktop.App with RIDs 'win-x64;win-x86;win-arm64'
         Selected targeting pack 'Microsoft.WindowsDesktop.App.WindowsForms@10.0.5'
         Added runtime framework 'Microsoft.WindowsDesktop.App@10.0.0'
         Selected Microsoft.AspNetCore.App with RIDs 'win-x64;win-x86;osx-x64;linux-musl-x64;linux-musl-arm64;linux-x64;linux-arm;linux-arm64;linux-musl-arm;win-arm64;osx-arm64;linux-s390x;linux-loongarch64;linux-ppc64le;freebsd-x64;freebsd-arm64;linux-riscv64;linux-musl-riscv64;linux-loongarch64;linux-musl-loongarch64'
         Selected targeting pack 'Microsoft.AspNetCore.App@10.0.5'
         Added runtime framework 'Microsoft.AspNetCore.App@10.0.0'
       已完成执行任务“ProcessFrameworkReferences”的操作。
       正在使用程序集“C:\Program Files\dotnet\sdk\10.0.201\Sdks\Microsoft.NET.Sdk\targets\..\tools\net10.0\Microsoft.NET.Build.Tasks.dll”中的“ResolveAppHosts”任务。
       任务“ResolveAppHosts”
       已完成执行任务“ResolveAppHosts”的操作。
   1:7>已完成在项目“OMIManager.csproj”中生成目标“ProcessFrameworkReferences”的操作。
   1:7>来自项目“f:\kaifa\OMI\tools\OMIManager\OMIManager.csproj”的文件“C:\Program Files\dotnet\sdk\10.0.201\Sdks\Microsoft.NET.Sdk\targets\Microsoft.NET.ObsoleteReferences.targets”中的目标“_CheckForObsoleteDotNetCliToolReferences”(目标“CollectPackageReferences”依赖于它):
   1:7>已完成在项目“OMIManager.csproj”中生成目标“_CheckForObsoleteDotNetCliToolReferences”的操作。
   1:7>来自项目“f:\kaifa\OMI\tools\OMIManager\OMIManager.csproj”的文件“C:\Program Files\dotnet\sdk\10.0.201\NuGet.targets”中的目标“CollectPackageReferences”(目标“_GetRestoreProjectStyle”依赖于它):
       正在使用程序集“C:\Program Files\dotnet\sdk\10.0.201\NuGet.Build.Tasks.dll”中的“CheckForDuplicateNuGetItemsTask”任务。
       任务“CheckForDuplicateNuGetItemsTask”
       已完成执行任务“CheckForDuplicateNuGetItemsTask”的操作。
   1:7>已完成在项目“OMIManager.csproj”中生成目标“CollectPackageReferences”的操作。
   1:7>来自项目“f:\kaifa\OMI\tools\OMIManager\OMIManager.csproj”的文件“C:\Program Files\dotnet\sdk\10.0.201\NuGet.targets”中的目标“_GetRestoreProjectStyle”(目标“EnableIntermediateOutputPathMismatchWarning”依赖于它):
       正在使用程序集“C:\Program Files\dotnet\sdk\10.0.201\NuGet.Build.Tasks.dll”中的“GetRestoreProjectStyleTask”任务。
       任务“GetRestoreProjectStyleTask”
       已完成执行任务“GetRestoreProjectStyleTask”的操作。
   1:7>已完成在项目“OMIManager.csproj”中生成目标“_GetRestoreProjectStyle”的操作。
   1:7>来自项目“f:\kaifa\OMI\tools\OMIManager\OMIManager.csproj”的文件“C:\Program Files\dotnet\sdk\10.0.201\NuGet.targets”中的目标“EnableIntermediateOutputPathMismatchWarning”(目标“_CheckForInvalidConfigurationAndPlatform”依赖于它):
   1:7>已完成在项目“OMIManager.csproj”中生成目标“EnableIntermediateOutputPathMismatchWarning”的操作。
       已跳过目标“CheckForImplicitPackageReferenceOverrides”。以前的生成已成功。
   1:7>来自项目“f:\kaifa\OMI\tools\OMIManager\OMIManager.csproj”的文件“C:\Program Files\dotnet\sdk\10.0.201\Sdks\Microsoft.NET.Sdk\targets\Microsoft.NET.Sdk.DefaultItems.Shared.targets”中的目标“CheckForDuplicateItems”(目标“_CheckForInvalidConfigurationAndPlatform”依赖于它):
       正在使用程序集“C:\Program Files\dotnet\sdk\10.0.201\Sdks\Microsoft.NET.Sdk\targets\..\tools\net10.0\Microsoft.NET.Build.Tasks.dll”中的“CheckForDuplicateItems”任务。
       任务“CheckForDuplicateItems”
       已完成执行任务“CheckForDuplicateItems”的操作。
       任务“CheckForDuplicateItems”
       已完成执行任务“CheckForDuplicateItems”的操作。
       任务“CheckForDuplicateItems”
       已完成执行任务“CheckForDuplicateItems”的操作。
   1:7>已完成在项目“OMIManager.csproj”中生成目标“CheckForDuplicateItems”的操作。
   1:7>来自项目“f:\kaifa\OMI\tools\OMIManager\OMIManager.csproj”的文件“C:\Program Files\dotnet\sdk\10.0.201\Sdks\Microsoft.NET.Sdk\targets\Microsoft.NET.Sdk.DefaultItems.targets”中的目标“_CheckForInvalidWindowsDesktopTargetingConfiguration”(目标“_CheckForInvalidConfigurationAndPlatform”依赖于它):
   1:7>已完成在项目“OMIManager.csproj”中生成目标“_CheckForInvalidWindowsDesktopTargetingConfiguration”的操作。
       已跳过目标“ProcessFrameworkReferences”。以前的生成已成功。
   1:7>来自项目“f:\kaifa\OMI\tools\OMIManager\OMIManager.csproj”的文件“C:\Program Files\dotnet\sdk\10.0.201\Sdks\Microsoft.NET.Sdk.WindowsDesktop\targets\Microsoft.NET.Sdk.WindowsDesktop.targets”中的目标“_WindowsDesktopFrameworkRequiresUseWpfOrUseWindowsForms”(目标“_CheckForInvalidConfigurationAndPlatform”依赖于它):
   1:7>已完成在项目“OMIManager.csproj”中生成目标“_WindowsDesktopFrameworkRequiresUseWpfOrUseWindowsForms”的操作。
   1:7>来自项目“f:\kaifa\OMI\tools\OMIManager\OMIManager.csproj”的文件“C:\Program Files\dotnet\sdk\10.0.201\Microsoft.Common.CurrentVersion.targets”中的目标“_CheckForInvalidConfigurationAndPlatform”(目标“BeforeBuild”依赖于它):
       任务“Message”
         Configuration=Release
       已完成执行任务“Message”的操作。
       任务“Message”
         Platform=AnyCPU
       已完成执行任务“Message”的操作。
   1:7>已完成在项目“OMIManager.csproj”中生成目标“_CheckForInvalidConfigurationAndPlatform”的操作。
   1:7>来自项目“f:\kaifa\OMI\tools\OMIManager\OMIManager.csproj”的文件“C:\Program Files\dotnet\sdk\10.0.201\Sdks\Microsoft.NET.Sdk\targets\Microsoft.NET.Sdk.targets”中的目标“ValidateCommandLineProperties”(目标“BeforeBuild”依赖于它):
   1:7>已完成在项目“OMIManager.csproj”中生成目标“ValidateCommandLineProperties”的操作。
   1:7>来自项目“f:\kaifa\OMI\tools\OMIManager\OMIManager.csproj”的文件“C:\Program Files\dotnet\sdk\10.0.201\Microsoft.Common.CurrentVersion.targets”中的目标“BeforeBuild”(目标“Build”依赖于它):
   1:7>已完成在项目“OMIManager.csproj”中生成目标“BeforeBuild”的操作。
   1:7>来自项目“f:\kaifa\OMI\tools\OMIManager\OMIManager.csproj”的文件“C:\Program Files\dotnet\sdk\10.0.201\Microsoft.Common.CurrentVersion.targets”中的目标“BuildOnlySettings”(目标“CoreBuild”依赖于它):
       C:\Program Files\dotnet\sdk\10.0.201\Microsoft.Common.CurrentVersion.targets(1168,7): message : 在 C:\Program Files\dotnet\sdk\10.0.201\Microsoft.Common.CurrentVersion.targets (1168,7) 处重新分配属性: $(BuildingProject)=“true”(先前值:“false”) [f:\kaifa\OMI\tools\OMIManager\OMIManager.csproj]
   1:7>已完成在项目“OMIManager.csproj”中生成目标“BuildOnlySettings”的操作。
   1:7>来自项目“f:\kaifa\OMI\tools\OMIManager\OMIManager.csproj”的文件“C:\Program Files\dotnet\sdk\10.0.201\Sdks\Microsoft.NET.Sdk\targets\Microsoft.NET.DisableStandardFrameworkResolution.targets”中的目标“GetFrameworkPaths”(目标“PrepareForBuild”依赖于它):
   1:7>已完成在项目“OMIManager.csproj”中生成目标“GetFrameworkPaths”的操作。
   1:7>来自项目“f:\kaifa\OMI\tools\OMIManager\OMIManager.csproj”的文件“C:\Program Files\dotnet\sdk\10.0.201\Sdks\Microsoft.NET.Sdk\targets\Microsoft.NET.DisableStandardFrameworkResolution.targets”中的目标“GetReferenceAssemblyPaths”(目标“PrepareForBuild”依赖于它):
   1:7>已完成在项目“OMIManager.csproj”中生成目标“GetReferenceAssemblyPaths”的操作。
   1:7>来自项目“f:\kaifa\OMI\tools\OMIManager\OMIManager.csproj”的文件“C:\Program Files\dotnet\sdk\10.0.201\Microsoft.Common.CurrentVersion.targets”中的目标“PrepareForBuild”(目标“CoreBuild”依赖于它):
       正在使用程序集“Microsoft.Build.Tasks.Core, Version=15.1.0.0, Culture=neutral, PublicKeyToken=b03f5f7f11d50a3a”中的“FindAppConfigFile”任务。
       任务“FindAppConfigFile”
       已完成执行任务“FindAppConfigFile”的操作。
       正在使用程序集“Microsoft.Build.Tasks.Core, Version=15.1.0.0, Culture=neutral, PublicKeyToken=b03f5f7f11d50a3a”中的“MakeDir”任务。
       任务“MakeDir”
       已完成执行任务“MakeDir”的操作。
   1:7>已完成在项目“OMIManager.csproj”中生成目标“PrepareForBuild”的操作。
   1:7>来自项目“f:\kaifa\OMI\tools\OMIManager\OMIManager.csproj”的文件“C:\Program Files\dotnet\sdk\10.0.201\Sdks\Microsoft.NET.Sdk\targets\Microsoft.NET.Sdk.BeforeCommon.targets”中的目标“GenerateTargetFrameworkDefineConstants”(目标“AddImplicitDefineConstants”依赖于它):
   1:7>已完成在项目“OMIManager.csproj”中生成目标“GenerateTargetFrameworkDefineConstants”的操作。
   1:7>来自项目“f:\kaifa\OMI\tools\OMIManager\OMIManager.csproj”的文件“C:\Program Files\dotnet\sdk\10.0.201\Sdks\Microsoft.NET.Sdk\targets\Microsoft.NET.Sdk.BeforeCommon.targets”中的目标“GenerateTargetPlatformDefineConstants”(目标“AddImplicitDefineConstants”依赖于它):
   1:7>已完成在项目“OMIManager.csproj”中生成目标“GenerateTargetPlatformDefineConstants”的操作。
   1:7>来自项目“f:\kaifa\OMI\tools\OMIManager\OMIManager.csproj”的文件“C:\Program Files\dotnet\sdk\10.0.201\Sdks\Microsoft.NET.Sdk\targets\Microsoft.NET.Sdk.BeforeCommon.targets”中的目标“GenerateNETCompatibleDefineConstants”(目标“AddImplicitDefineConstants”依赖于它):
   1:7>已完成在项目“OMIManager.csproj”中生成目标“GenerateNETCompatibleDefineConstants”的操作。
   1:7>来自项目“f:\kaifa\OMI\tools\OMIManager\OMIManager.csproj”的文件“C:\Program Files\dotnet\sdk\10.0.201\Sdks\Microsoft.NET.Sdk\targets\Microsoft.NET.Sdk.BeforeCommon.targets”中的目标“GeneratePlatformCompatibleDefineConstants”(目标“AddImplicitDefineConstants”依赖于它):
   1:7>已完成在项目“OMIManager.csproj”中生成目标“GeneratePlatformCompatibleDefineConstants”的操作。
   1:7>来自项目“f:\kaifa\OMI\tools\OMIManager\OMIManager.csproj”的文件“C:\Program Files\dotnet\sdk\10.0.201\Sdks\Microsoft.NET.Sdk\targets\Microsoft.NET.Sdk.BeforeCommon.targets”中的目标“AddImplicitDefineConstants”(目标“CoreBuild”依赖于它):
       C:\Program Files\dotnet\sdk\10.0.201\Sdks\Microsoft.NET.Sdk\targets\Microsoft.NET.Sdk.BeforeCommon.targets(295,7): message : 在 C:\Program Files\dotnet\sdk\10.0.201\Sdks\Microsoft.NET.Sdk\targets\Microsoft.NET.Sdk.BeforeCommon.targets (295,7) 处重新分配属性: $(DefineConstants)=“TRACE;RELEASE;NET;NET10_0;NETCOREAPP;WINDOWS;WINDOWS7_0;NET5_0_OR_GREATER;NET6_0_OR_GREATER;NET7_0_OR_GREATER;NET8_0_OR_GREATER;NET9_0_OR_GREATER;NET10_0_OR_GREATER;NETCOREAPP3_0_OR_GREATER;NETCOREAPP3_1_OR_GREATER;WINDOWS7_0_OR_GREATER”(先前值:“TRACE;RELEASE”) [f:\kaifa\OMI\tools\OMIManager\OMIManager.csproj]
   1:7>已完成在项目“OMIManager.csproj”中生成目标“AddImplicitDefineConstants”的操作。
   1:7>来自项目“f:\kaifa\OMI\tools\OMIManager\OMIManager.csproj”的文件“C:\Program Files\dotnet\sdk\10.0.201\Sdks\Microsoft.NET.Sdk\targets\Microsoft.NET.GenerateGlobalUsings.targets”中的目标“GenerateGlobalUsings”(目标“CoreBuild”依赖于它):
       正在使用程序集“C:\Program Files\dotnet\sdk\10.0.201\Sdks\Microsoft.NET.Sdk\targets\..\tools\net10.0\Microsoft.NET.Build.Tasks.dll”中的“GenerateGlobalUsings”任务。
       任务“GenerateGlobalUsings”
       已完成执行任务“GenerateGlobalUsings”的操作。
       正在使用程序集“Microsoft.Build.Tasks.Core, Version=15.1.0.0, Culture=neutral, PublicKeyToken=b03f5f7f11d50a3a”中的“WriteLinesToFile”任务。
       任务“WriteLinesToFile”
         跳过写入到文件“f:\kaifa\OMI\tools\OMIManager\obj\Release\net10.0-windows\OMIManager.GlobalUsings.g.cs”，因为内容不会改变。
       已完成执行任务“WriteLinesToFile”的操作。
   1:7>已完成在项目“OMIManager.csproj”中生成目标“GenerateGlobalUsings”的操作。
   1:7>来自项目“f:\kaifa\OMI\tools\OMIManager\OMIManager.csproj”的文件“C:\Program Files\dotnet\sdk\10.0.201\Microsoft.Common.CurrentVersion.targets”中的目标“BeforeResolveReferences”(目标“ResolveReferences”依赖于它):
   1:7>已完成在项目“OMIManager.csproj”中生成目标“BeforeResolveReferences”的操作。
   1:7>来自项目“f:\kaifa\OMI\tools\OMIManager\OMIManager.csproj”的文件“C:\Program Files\dotnet\sdk\10.0.201\Microsoft.Common.CurrentVersion.targets”中的目标“IgnoreJavaScriptOutputAssembly”(目标“AssignProjectConfiguration”依赖于它):
   1:7>已完成在项目“OMIManager.csproj”中生成目标“IgnoreJavaScriptOutputAssembly”的操作。
       已跳过目标“ProcessFrameworkReferences”。以前的生成已成功。
   1:7>来自项目“f:\kaifa\OMI\tools\OMIManager\OMIManager.csproj”的文件“C:\Program Files\dotnet\sdk\10.0.201\Sdks\Microsoft.NET.Sdk\targets\Microsoft.NET.Sdk.Shared.targets”中的目标“_DefaultMicrosoftNETPlatformLibrary”(目标“ResolvePackageAssets”依赖于它):
   1:7>已完成在项目“OMIManager.csproj”中生成目标“_DefaultMicrosoftNETPlatformLibrary”的操作。
   1:7>来自项目“f:\kaifa\OMI\tools\OMIManager\OMIManager.csproj”的文件“C:\Program Files\dotnet\sdk\10.0.201\Sdks\Microsoft.NET.Sdk\targets\Microsoft.NET.Sdk.Shared.targets”中的目标“_ComputePackageReferencePublish”(目标“ResolvePackageAssets”依赖于它):
   1:7>已完成在项目“OMIManager.csproj”中生成目标“_ComputePackageReferencePublish”的操作。
   1:7>来自项目“f:\kaifa\OMI\tools\OMIManager\OMIManager.csproj”的文件“C:\Program Files\dotnet\sdk\10.0.201\Sdks\Microsoft.NET.Sdk\targets\Microsoft.PackageDependencyResolution.targets”中的目标“ResolvePackageAssets”(目标“ResolveLockFileReferences”依赖于它):
       正在使用程序集“C:\Program Files\dotnet\sdk\10.0.201\Sdks\Microsoft.NET.Sdk\targets\..\tools\net10.0\Microsoft.NET.Build.Tasks.dll”中的“ResolvePackageAssets”任务。
       任务“ResolvePackageAssets”
       已完成执行任务“ResolvePackageAssets”的操作。
   1:7>已完成在项目“OMIManager.csproj”中生成目标“ResolvePackageAssets”的操作。
   1:7>来自项目“f:\kaifa\OMI\tools\OMIManager\OMIManager.csproj”的文件“C:\Program Files\dotnet\sdk\10.0.201\Sdks\Microsoft.NET.Sdk\targets\Microsoft.PackageDependencyResolution.targets”中的目标“ResolveLockFileReferences”(目标“ResolvePackageDependenciesForBuild”依赖于它):
       正在使用程序集“C:\Program Files\dotnet\sdk\10.0.201\Sdks\Microsoft.NET.Sdk\targets\..\tools\net10.0\Microsoft.NET.Build.Tasks.dll”中的“JoinItems”任务。
       任务“JoinItems”
       已完成执行任务“JoinItems”的操作。
   1:7>已完成在项目“OMIManager.csproj”中生成目标“ResolveLockFileReferences”的操作。
       已跳过目标“ResolvePackageAssets”。以前的生成已成功。
   1:7>来自项目“f:\kaifa\OMI\tools\OMIManager\OMIManager.csproj”的文件“C:\Program Files\dotnet\sdk\10.0.201\Sdks\Microsoft.NET.Sdk\targets\Microsoft.PackageDependencyResolution.targets”中的目标“ResolveLockFileAnalyzers”(目标“ResolvePackageDependenciesForBuild”依赖于它):
   1:7>已完成在项目“OMIManager.csproj”中生成目标“ResolveLockFileAnalyzers”的操作。
       已跳过目标“ResolvePackageAssets”。以前的生成已成功。
   1:7>来自项目“f:\kaifa\OMI\tools\OMIManager\OMIManager.csproj”的文件“C:\Program Files\dotnet\sdk\10.0.201\Sdks\Microsoft.NET.Sdk\targets\Microsoft.PackageDependencyResolution.targets”中的目标“ResolveLockFileCopyLocalFiles”(目标“ResolvePackageDependenciesForBuild”依赖于它):
   1:7>已完成在项目“OMIManager.csproj”中生成目标“ResolveLockFileCopyLocalFiles”的操作。
       已跳过目标“ResolvePackageAssets”。以前的生成已成功。
   1:7>来自项目“f:\kaifa\OMI\tools\OMIManager\OMIManager.csproj”的文件“C:\Program Files\dotnet\sdk\10.0.201\Sdks\Microsoft.NET.Sdk\targets\Microsoft.PackageDependencyResolution.targets”中的目标“IncludeTransitiveProjectReferences”(目标“ResolvePackageDependenciesForBuild”依赖于它):
   1:7>已完成在项目“OMIManager.csproj”中生成目标“IncludeTransitiveProjectReferences”的操作。
   1:7>来自项目“f:\kaifa\OMI\tools\OMIManager\OMIManager.csproj”的文件“C:\Program Files\dotnet\sdk\10.0.201\Sdks\Microsoft.NET.Sdk\targets\Microsoft.PackageDependencyResolution.targets”中的目标“ResolvePackageDependenciesForBuild”(目标“AssignProjectConfiguration”依赖于它):
   1:7>已完成在项目“OMIManager.csproj”中生成目标“ResolvePackageDependenciesForBuild”的操作。
   1:7>来自项目“f:\kaifa\OMI\tools\OMIManager\OMIManager.csproj”的文件“C:\Program Files\dotnet\sdk\10.0.201\Microsoft.Common.CurrentVersion.targets”中的目标“_SplitProjectReferencesByFileExistence”(目标“PrepareProjectReferences”依赖于它):
   1:7>已完成在项目“OMIManager.csproj”中生成目标“_SplitProjectReferencesByFileExistence”的操作。
   1:7>来自项目“f:\kaifa\OMI\tools\OMIManager\OMIManager.csproj”的文件“C:\Program Files\dotnet\sdk\10.0.201\Microsoft.Common.CurrentVersion.targets”中的目标“_AddOutputPathToGlobalPropertiesToRemove”(目标“_GetProjectReferenceTargetFrameworkProperties”依赖于它):
   1:7>已完成在项目“OMIManager.csproj”中生成目标“_AddOutputPathToGlobalPropertiesToRemove”的操作。
   1:7>来自项目“f:\kaifa\OMI\tools\OMIManager\OMIManager.csproj”的文件“C:\Program Files\dotnet\sdk\10.0.201\Microsoft.Common.CurrentVersion.targets”中的目标“_GetProjectReferenceTargetFrameworkProperties”(目标“PrepareProjectReferences”依赖于它):
       任务“MSBuild”
       已完成执行任务“MSBuild”的操作。
       正在使用程序集“Microsoft.Build.Tasks.Core, Version=15.1.0.0, Culture=neutral, PublicKeyToken=b03f5f7f11d50a3a”中的“SetRidAgnosticValueForProjects”任务。
       任务“SetRidAgnosticValueForProjects”
       已完成执行任务“SetRidAgnosticValueForProjects”的操作。
   1:7>已完成在项目“OMIManager.csproj”中生成目标“_GetProjectReferenceTargetFrameworkProperties”的操作。
   1:7>来自项目“f:\kaifa\OMI\tools\OMIManager\OMIManager.csproj”的文件“C:\Program Files\dotnet\sdk\10.0.201\Sdks\Microsoft.NET.Sdk\targets\Microsoft.NET.Sdk.targets”中的目标“_CalculateIsVSTestTestProject”(目标“ValidateExecutableReferences”依赖于它):
   1:7>已完成在项目“OMIManager.csproj”中生成目标“_CalculateIsVSTestTestProject”的操作。
   1:7>来自项目“f:\kaifa\OMI\tools\OMIManager\OMIManager.csproj”的文件“C:\Program Files\dotnet\sdk\10.0.201\Sdks\Microsoft.NET.Sdk\targets\Microsoft.NET.Sdk.targets”中的目标“ValidateExecutableReferences”(目标“PrepareProjectReferences”依赖于它):
       正在使用程序集“C:\Program Files\dotnet\sdk\10.0.201\Sdks\Microsoft.NET.Sdk\targets\..\tools\net10.0\Microsoft.NET.Build.Tasks.dll”中的“ValidateExecutableReferences”任务。
       任务“ValidateExecutableReferences”
       已完成执行任务“ValidateExecutableReferences”的操作。
   1:7>已完成在项目“OMIManager.csproj”中生成目标“ValidateExecutableReferences”的操作。
   1:7>来自项目“f:\kaifa\OMI\tools\OMIManager\OMIManager.csproj”的文件“C:\Program Files\dotnet\sdk\10.0.201\Microsoft.Common.CurrentVersion.targets”中的目标“PrepareProjectReferences”(目标“ResolveProjectReferences”依赖于它):
   1:7>已完成在项目“OMIManager.csproj”中生成目标“PrepareProjectReferences”的操作。
   1:7>来自项目“f:\kaifa\OMI\tools\OMIManager\OMIManager.csproj”的文件“C:\Program Files\dotnet\sdk\10.0.201\Microsoft.Common.CurrentVersion.targets”中的目标“ResolveProjectReferences”(目标“ResolveReferences”依赖于它):
   1:7>已完成在项目“OMIManager.csproj”中生成目标“ResolveProjectReferences”的操作。
   1:7>来自项目“f:\kaifa\OMI\tools\OMIManager\OMIManager.csproj”的文件“C:\Program Files\dotnet\sdk\10.0.201\Sdks\Microsoft.NET.Sdk\targets\Microsoft.NET.Windows.targets”中的目标“RemoveManagedWinRTComponentWinMDReferences”(目标“ResolveReferences”依赖于它):
   1:7>已完成在项目“OMIManager.csproj”中生成目标“RemoveManagedWinRTComponentWinMDReferences”的操作。
       已跳过目标“ResolveProjectReferences”。以前的生成已成功。
       已跳过目标“GetFrameworkPaths”。以前的生成已成功。
       已跳过目标“GetReferenceAssemblyPaths”。以前的生成已成功。
       已跳过目标“PrepareForBuild”。以前的生成已成功。
   1:7>来自项目“f:\kaifa\OMI\tools\OMIManager\OMIManager.csproj”的文件“C:\Program Files\dotnet\sdk\10.0.201\Microsoft.Common.CurrentVersion.targets”中的目标“ResolveSDKReferences”(目标“ResolveAssemblyReferences”依赖于它):
   1:7>已完成在项目“OMIManager.csproj”中生成目标“ResolveSDKReferences”的操作。
       已跳过目标“ResolveSDKReferences”。以前的生成已成功。
   1:7>来自项目“f:\kaifa\OMI\tools\OMIManager\OMIManager.csproj”的文件“C:\Program Files\dotnet\sdk\10.0.201\Microsoft.Common.CurrentVersion.targets”中的目标“ExpandSDKReferences”(目标“ResolveAssemblyReferences”依赖于它):
   1:7>已完成在项目“OMIManager.csproj”中生成目标“ExpandSDKReferences”的操作。
       已跳过目标“ResolvePackageDependenciesForBuild”。以前的生成已成功。
       已跳过目标“GetFrameworkPaths”。以前的生成已成功。
       已跳过目标“GetReferenceAssemblyPaths”。以前的生成已成功。
       已跳过目标“ProcessFrameworkReferences”。以前的生成已成功。
       已跳过目标“ResolvePackageAssets”。以前的生成已成功。
   1:7>来自项目“f:\kaifa\OMI\tools\OMIManager\OMIManager.csproj”的文件“C:\Program Files\dotnet\sdk\10.0.201\Sdks\Microsoft.NET.Sdk\targets\Microsoft.NET.Sdk.FrameworkReferenceResolution.targets”中的目标“ResolveFrameworkReferences”(目标“ResolveTargetingPackAssets”依赖于它):
       正在使用程序集“C:\Program Files\dotnet\sdk\10.0.201\Sdks\Microsoft.NET.Sdk\targets\..\tools\net10.0\Microsoft.NET.Build.Tasks.dll”中的“GetPackageDirectory”任务。
       任务“GetPackageDirectory”
       已完成执行任务“GetPackageDirectory”的操作。
       任务“GetPackageDirectory”
       已完成执行任务“GetPackageDirectory”的操作。
       任务“GetPackageDirectory”
       已完成执行任务“GetPackageDirectory”的操作。
       任务“GetPackageDirectory”
       已完成执行任务“GetPackageDirectory”的操作。
       任务“GetPackageDirectory”
       已完成执行任务“GetPackageDirectory”的操作。
       任务“GetPackageDirectory”
       已完成执行任务“GetPackageDirectory”的操作。
       任务“GetPackageDirectory”
       已完成执行任务“GetPackageDirectory”的操作。
       任务“GetPackageDirectory”
       已完成执行任务“GetPackageDirectory”的操作。
       任务“GetPackageDirectory”
       已完成执行任务“GetPackageDirectory”的操作。
       任务“GetPackageDirectory”
       已完成执行任务“GetPackageDirectory”的操作。
       正在使用程序集“C:\Program Files\dotnet\sdk\10.0.201\Sdks\Microsoft.NET.Sdk\targets\..\tools\net10.0\Microsoft.NET.Build.Tasks.dll”中的“ResolveFrameworkReferences”任务。
       任务“ResolveFrameworkReferences”
       已完成执行任务“ResolveFrameworkReferences”的操作。
   1:7>已完成在项目“OMIManager.csproj”中生成目标“ResolveFrameworkReferences”的操作。
   1:7>来自项目“f:\kaifa\OMI\tools\OMIManager\OMIManager.csproj”的文件“C:\Program Files\dotnet\sdk\10.0.201\Sdks\Microsoft.NET.Sdk\targets\Microsoft.NET.Sdk.FrameworkReferenceResolution.targets”中的目标“ResolveTargetingPackAssets”(目标“_HandlePackageFileConflicts”依赖于它):
       正在使用程序集“C:\Program Files\dotnet\sdk\10.0.201\Sdks\Microsoft.NET.Sdk\targets\..\tools\net10.0\Microsoft.NET.Build.Tasks.dll”中的“ResolveTargetingPackAssets”任务。
       任务“ResolveTargetingPackAssets”
       已完成执行任务“ResolveTargetingPackAssets”的操作。
   1:7>已完成在项目“OMIManager.csproj”中生成目标“ResolveTargetingPackAssets”的操作。
   1:7>来自项目“f:\kaifa\OMI\tools\OMIManager\OMIManager.csproj”的文件“C:\Program Files\dotnet\sdk\10.0.201\Sdks\Microsoft.NET.Sdk\targets\Microsoft.NET.Sdk.FrameworkReferenceResolution.targets”中的目标“ResolveOffByDefaultAnalyzers”(目标“_HandlePackageFileConflicts”依赖于它):
   1:7>已完成在项目“OMIManager.csproj”中生成目标“ResolveOffByDefaultAnalyzers”的操作。
   1:7>来自项目“f:\kaifa\OMI\tools\OMIManager\OMIManager.csproj”的文件“C:\Program Files\dotnet\sdk\10.0.201\Sdks\Microsoft.NET.Sdk\targets\Microsoft.NET.ConflictResolution.targets”中的目标“_HandlePackageFileConflicts”(目标“ResolveAssemblyReferences”依赖于它):
       正在使用程序集“C:\Program Files\dotnet\sdk\10.0.201\Sdks\Microsoft.NET.Sdk\targets\..\tools\net10.0\Microsoft.NET.Build.Tasks.dll”中的“ResolvePackageFileConflicts”任务。
       任务“ResolvePackageFileConflicts”
         “Reference:C:\Program Files\dotnet\packs\Microsoft.NETCore.App.Ref\10.0.5\ref/net10.0/Microsoft.VisualBasic.dll”和“Reference:C:\Program Files\dotnet\packs\Microsoft.WindowsDesktop.App.Ref\10.0.5\ref/net10.0/Microsoft.VisualBasic.dll”之间存在冲突。 选择“Reference:C:\Program Files\dotnet\packs\Microsoft.WindowsDesktop.App.Ref\10.0.5\ref/net10.0/Microsoft.VisualBasic.dll”，因为 AssemblyVersion“10.1.0.0”高于“10.0.0.0”。
         “Reference:C:\Program Files\dotnet\packs\Microsoft.NETCore.App.Ref\10.0.5\ref/net10.0/System.Drawing.dll”和“Reference:C:\Program Files\dotnet\packs\Microsoft.WindowsDesktop.App.Ref\10.0.5\ref/net10.0/System.Drawing.dll”之间存在冲突。 选择“Reference:C:\Program Files\dotnet\packs\Microsoft.WindowsDesktop.App.Ref\10.0.5\ref/net10.0/System.Drawing.dll”，因为 AssemblyVersion“10.0.0.0”高于“4.0.0.0”。
         “Platform:Microsoft.VisualBasic.dll”和“Platform:Microsoft.VisualBasic.dll”之间存在冲突。 选择“Platform:Microsoft.VisualBasic.dll”，因为 AssemblyVersion“10.1.0.0”高于“10.0.0.0”。
         “Platform:Microsoft.VisualBasic.dll”和“Platform:Microsoft.VisualBasic.dll”之间存在冲突。 选择“Platform:Microsoft.VisualBasic.dll”，因为 AssemblyVersion“10.1.0.0”高于“10.0.0.0”。
         “Platform:System.Drawing.dll”和“Platform:System.Drawing.dll”之间存在冲突。 选择“Platform:System.Drawing.dll”，因为 AssemblyVersion“10.0.0.0”高于“4.0.0.0”。
         “Platform:System.Drawing.dll”和“Platform:System.Drawing.dll”之间存在冲突。 选择“Platform:System.Drawing.dll”，因为 AssemblyVersion“10.0.0.0”高于“4.0.0.0”。
         “Platform:WindowsBase.dll”和“Platform:WindowsBase.dll”之间存在冲突。 选择“Platform:WindowsBase.dll”，因为 AssemblyVersion“10.0.0.0”高于“4.0.0.0”。
         “Platform:WindowsBase.dll”和“Platform:WindowsBase.dll”之间存在冲突。 选择“Platform:WindowsBase.dll”，因为 AssemblyVersion“10.0.0.0”高于“4.0.0.0”。
         “Platform:mscorlib.dll”和“Platform:mscorlib.dll”之间存在冲突。 文件和程序集版本相等，因此无法确定优胜者。
         “Platform:System.dll”和“Platform:System.dll”之间存在冲突。 文件和程序集版本相等，因此无法确定优胜者。
         “Platform:System.ComponentModel.DataAnnotations.dll”和“Platform:System.ComponentModel.DataAnnotations.dll”之间存在冲突。 文件和程序集版本相等，因此无法确定优胜者。
         “Platform:System.Configuration.dll”和“Platform:System.Configuration.dll”之间存在冲突。 文件和程序集版本相等，因此无法确定优胜者。
         “Platform:System.Core.dll”和“Platform:System.Core.dll”之间存在冲突。 文件和程序集版本相等，因此无法确定优胜者。
         “Platform:System.Data.dll”和“Platform:System.Data.dll”之间存在冲突。 文件和程序集版本相等，因此无法确定优胜者。
         “Platform:System.IO.Compression.FileSystem.dll”和“Platform:System.IO.Compression.FileSystem.dll”之间存在冲突。 文件和程序集版本相等，因此无法确定优胜者。
         “Platform:System.Net.dll”和“Platform:System.Net.dll”之间存在冲突。 文件和程序集版本相等，因此无法确定优胜者。
         “Platform:System.Numerics.dll”和“Platform:System.Numerics.dll”之间存在冲突。 文件和程序集版本相等，因此无法确定优胜者。
         “Platform:System.Runtime.Serialization.dll”和“Platform:System.Runtime.Serialization.dll”之间存在冲突。 文件和程序集版本相等，因此无法确定优胜者。
         “Platform:System.Security.dll”和“Platform:System.Security.dll”之间存在冲突。 文件和程序集版本相等，因此无法确定优胜者。
         “Platform:System.ServiceProcess.dll”和“Platform:System.ServiceProcess.dll”之间存在冲突。 文件和程序集版本相等，因此无法确定优胜者。
         “Platform:System.ServiceModel.Web.dll”和“Platform:System.ServiceModel.Web.dll”之间存在冲突。 文件和程序集版本相等，因此无法确定优胜者。
         “Platform:System.Transactions.dll”和“Platform:System.Transactions.dll”之间存在冲突。 文件和程序集版本相等，因此无法确定优胜者。
         “Platform:System.Web.dll”和“Platform:System.Web.dll”之间存在冲突。 文件和程序集版本相等，因此无法确定优胜者。
         “Platform:System.Windows.dll”和“Platform:System.Windows.dll”之间存在冲突。 文件和程序集版本相等，因此无法确定优胜者。
         “Platform:System.Xml.dll”和“Platform:System.Xml.dll”之间存在冲突。 文件和程序集版本相等，因此无法确定优胜者。
         “Platform:System.Xml.Serialization.dll”和“Platform:System.Xml.Serialization.dll”之间存在冲突。 文件和程序集版本相等，因此无法确定优胜者。
         “Platform:System.Xml.Linq.dll”和“Platform:System.Xml.Linq.dll”之间存在冲突。 文件和程序集版本相等，因此无法确定优胜者。
         “Platform:netstandard.dll”和“Platform:netstandard.dll”之间存在冲突。 文件和程序集版本相等，因此无法确定优胜者。
         “Platform:System.Private.CoreLib.dll”和“Platform:System.Private.CoreLib.dll”之间存在冲突。 文件和程序集版本相等，因此无法确定优胜者。
         “Platform:System.Private.DataContractSerialization.dll”和“Platform:System.Private.DataContractSerialization.dll”之间存在冲突。 文件和程序集版本相等，因此无法确定优胜者。
         “Platform:System.Private.Uri.dll”和“Platform:System.Private.Uri.dll”之间存在冲突。 文件和程序集版本相等，因此无法确定优胜者。
         “Platform:System.Private.Xml.dll”和“Platform:System.Private.Xml.dll”之间存在冲突。 文件和程序集版本相等，因此无法确定优胜者。
         “Platform:System.Private.Xml.Linq.dll”和“Platform:System.Private.Xml.Linq.dll”之间存在冲突。 文件和程序集版本相等，因此无法确定优胜者。
         “Platform:mscordaccore_amd64_amd64_10.0.526.15411.dll”和“Platform:mscordaccore_amd64_amd64_10.0.526.15411.dll”之间存在冲突。 文件和程序集版本相等，因此无法确定优胜者。
       已完成执行任务“ResolvePackageFileConflicts”的操作。
   1:7>已完成在项目“OMIManager.csproj”中生成目标“_HandlePackageFileConflicts”的操作。
       已跳过目标“ResolveTargetingPackAssets”。以前的生成已成功。
   1:7>来自项目“f:\kaifa\OMI\tools\OMIManager\OMIManager.csproj”的文件“C:\Program Files\dotnet\sdk\10.0.201\Microsoft.Common.CurrentVersion.targets”中的目标“ResolveAssemblyReferences”(目标“ResolveReferences”依赖于它):
       正在使用程序集“Microsoft.Build.Tasks.Core, Version=15.1.0.0, Culture=neutral, PublicKeyToken=b03f5f7f11d50a3a”中的“ResolveAssemblyReference”任务。
       任务“ResolveAssemblyReference”
         TargetFrameworkMoniker:
             .NETCoreApp,Version=v10.0
         TargetFrameworkMonikerDisplayName:
             .NET 10.0
         TargetedRuntimeVersion:
             
         Assemblies:
             C:\Program Files\dotnet\packs\Microsoft.NETCore.App.Ref\10.0.5\ref/net10.0/Microsoft.CSharp.dll
                 Private =“false”
             C:\Program Files\dotnet\packs\Microsoft.NETCore.App.Ref\10.0.5\ref/net10.0/Microsoft.VisualBasic.Core.dll
                 Private =“false”
             C:\Program Files\dotnet\packs\Microsoft.NETCore.App.Ref\10.0.5\ref/net10.0/Microsoft.Win32.Primitives.dll
                 Private =“false”
             C:\Program Files\dotnet\packs\Microsoft.NETCore.App.Ref\10.0.5\ref/net10.0/Microsoft.Win32.Registry.dll
                 Private =“false”
             C:\Program Files\dotnet\packs\Microsoft.NETCore.App.Ref\10.0.5\ref/net10.0/System.AppContext.dll
                 Private =“false”
             C:\Program Files\dotnet\packs\Microsoft.NETCore.App.Ref\10.0.5\ref/net10.0/System.Buffers.dll
                 Private =“false”
             C:\Program Files\dotnet\packs\Microsoft.NETCore.App.Ref\10.0.5\ref/net10.0/System.Collections.Concurrent.dll
                 Private =“false”
             C:\Program Files\dotnet\packs\Microsoft.NETCore.App.Ref\10.0.5\ref/net10.0/System.Collections.Immutable.dll
                 Private =“false”
             C:\Program Files\dotnet\packs\Microsoft.NETCore.App.Ref\10.0.5\ref/net10.0/System.Collections.NonGeneric.dll
                 Private =“false”
             C:\Program Files\dotnet\packs\Microsoft.NETCore.App.Ref\10.0.5\ref/net10.0/System.Collections.Specialized.dll
                 Private =“false”
             C:\Program Files\dotnet\packs\Microsoft.NETCore.App.Ref\10.0.5\ref/net10.0/System.Collections.dll
                 Private =“false”
             C:\Program Files\dotnet\packs\Microsoft.NETCore.App.Ref\10.0.5\ref/net10.0/System.ComponentModel.Annotations.dll
                 Private =“false”
             C:\Program Files\dotnet\packs\Microsoft.NETCore.App.Ref\10.0.5\ref/net10.0/System.ComponentModel.DataAnnotations.dll
                 Private =“false”
             C:\Program Files\dotnet\packs\Microsoft.NETCore.App.Ref\10.0.5\ref/net10.0/System.ComponentModel.EventBasedAsync.dll
                 Private =“false”
             C:\Program Files\dotnet\packs\Microsoft.NETCore.App.Ref\10.0.5\ref/net10.0/System.ComponentModel.Primitives.dll
                 Private =“false”
             C:\Program Files\dotnet\packs\Microsoft.NETCore.App.Ref\10.0.5\ref/net10.0/System.ComponentModel.TypeConverter.dll
                 Private =“false”
             C:\Program Files\dotnet\packs\Microsoft.NETCore.App.Ref\10.0.5\ref/net10.0/System.ComponentModel.dll
                 Private =“false”
             C:\Program Files\dotnet\packs\Microsoft.NETCore.App.Ref\10.0.5\ref/net10.0/System.Configuration.dll
                 Private =“false”
             C:\Program Files\dotnet\packs\Microsoft.NETCore.App.Ref\10.0.5\ref/net10.0/System.Console.dll
                 Private =“false”
             C:\Program Files\dotnet\packs\Microsoft.NETCore.App.Ref\10.0.5\ref/net10.0/System.Core.dll
                 Private =“false”
             C:\Program Files\dotnet\packs\Microsoft.NETCore.App.Ref\10.0.5\ref/net10.0/System.Data.Common.dll
                 Private =“false”
             C:\Program Files\dotnet\packs\Microsoft.NETCore.App.Ref\10.0.5\ref/net10.0/System.Data.DataSetExtensions.dll
                 Private =“false”
             C:\Program Files\dotnet\packs\Microsoft.NETCore.App.Ref\10.0.5\ref/net10.0/System.Data.dll
                 Private =“false”
             C:\Program Files\dotnet\packs\Microsoft.NETCore.App.Ref\10.0.5\ref/net10.0/System.Diagnostics.Contracts.dll
                 Private =“false”
             C:\Program Files\dotnet\packs\Microsoft.NETCore.App.Ref\10.0.5\ref/net10.0/System.Diagnostics.Debug.dll
                 Private =“false”
             C:\Program Files\dotnet\packs\Microsoft.NETCore.App.Ref\10.0.5\ref/net10.0/System.Diagnostics.DiagnosticSource.dll
                 Private =“false”
             C:\Program Files\dotnet\packs\Microsoft.NETCore.App.Ref\10.0.5\ref/net10.0/System.Diagnostics.FileVersionInfo.dll
                 Private =“false”
             C:\Program Files\dotnet\packs\Microsoft.NETCore.App.Ref\10.0.5\ref/net10.0/System.Diagnostics.Process.dll
                 Private =“false”
             C:\Program Files\dotnet\packs\Microsoft.NETCore.App.Ref\10.0.5\ref/net10.0/System.Diagnostics.StackTrace.dll
                 Private =“false”
             C:\Program Files\dotnet\packs\Microsoft.NETCore.App.Ref\10.0.5\ref/net10.0/System.Diagnostics.TextWriterTraceListener.dll
                 Private =“false”
             C:\Program Files\dotnet\packs\Microsoft.NETCore.App.Ref\10.0.5\ref/net10.0/System.Diagnostics.Tools.dll
                 Private =“false”
             C:\Program Files\dotnet\packs\Microsoft.NETCore.App.Ref\10.0.5\ref/net10.0/System.Diagnostics.TraceSource.dll
                 Private =“false”
             C:\Program Files\dotnet\packs\Microsoft.NETCore.App.Ref\10.0.5\ref/net10.0/System.Diagnostics.Tracing.dll
                 Private =“false”
             C:\Program Files\dotnet\packs\Microsoft.NETCore.App.Ref\10.0.5\ref/net10.0/System.Drawing.Primitives.dll
                 Private =“false”
             C:\Program Files\dotnet\packs\Microsoft.NETCore.App.Ref\10.0.5\ref/net10.0/System.Dynamic.Runtime.dll
                 Private =“false”
             C:\Program Files\dotnet\packs\Microsoft.NETCore.App.Ref\10.0.5\ref/net10.0/System.Formats.Asn1.dll
                 Private =“false”
             C:\Program Files\dotnet\packs\Microsoft.NETCore.App.Ref\10.0.5\ref/net10.0/System.Formats.Tar.dll
                 Private =“false”
             C:\Program Files\dotnet\packs\Microsoft.NETCore.App.Ref\10.0.5\ref/net10.0/System.Globalization.Calendars.dll
                 Private =“false”
             C:\Program Files\dotnet\packs\Microsoft.NETCore.App.Ref\10.0.5\ref/net10.0/System.Globalization.Extensions.dll
                 Private =“false”
             C:\Program Files\dotnet\packs\Microsoft.NETCore.App.Ref\10.0.5\ref/net10.0/System.Globalization.dll
                 Private =“false”
             C:\Program Files\dotnet\packs\Microsoft.NETCore.App.Ref\10.0.5\ref/net10.0/System.IO.Compression.Brotli.dll
                 Private =“false”
             C:\Program Files\dotnet\packs\Microsoft.NETCore.App.Ref\10.0.5\ref/net10.0/System.IO.Compression.FileSystem.dll
                 Private =“false”
             C:\Program Files\dotnet\packs\Microsoft.NETCore.App.Ref\10.0.5\ref/net10.0/System.IO.Compression.ZipFile.dll
                 Private =“false”
             C:\Program Files\dotnet\packs\Microsoft.NETCore.App.Ref\10.0.5\ref/net10.0/System.IO.Compression.dll
                 Private =“false”
             C:\Program Files\dotnet\packs\Microsoft.NETCore.App.Ref\10.0.5\ref/net10.0/System.IO.FileSystem.AccessControl.dll
                 Private =“false”
             C:\Program Files\dotnet\packs\Microsoft.NETCore.App.Ref\10.0.5\ref/net10.0/System.IO.FileSystem.DriveInfo.dll
                 Private =“false”
             C:\Program Files\dotnet\packs\Microsoft.NETCore.App.Ref\10.0.5\ref/net10.0/System.IO.FileSystem.Primitives.dll
                 Private =“false”
             C:\Program Files\dotnet\packs\Microsoft.NETCore.App.Ref\10.0.5\ref/net10.0/System.IO.FileSystem.Watcher.dll
                 Private =“false”
             C:\Program Files\dotnet\packs\Microsoft.NETCore.App.Ref\10.0.5\ref/net10.0/System.IO.FileSystem.dll
                 Private =“false”
             C:\Program Files\dotnet\packs\Microsoft.NETCore.App.Ref\10.0.5\ref/net10.0/System.IO.IsolatedStorage.dll
                 Private =“false”
             C:\Program Files\dotnet\packs\Microsoft.NETCore.App.Ref\10.0.5\ref/net10.0/System.IO.MemoryMappedFiles.dll
                 Private =“false”
             C:\Program Files\dotnet\packs\Microsoft.NETCore.App.Ref\10.0.5\ref/net10.0/System.IO.Pipelines.dll
                 Private =“false”
             C:\Program Files\dotnet\packs\Microsoft.NETCore.App.Ref\10.0.5\ref/net10.0/System.IO.Pipes.AccessControl.dll
                 Private =“false”
             C:\Program Files\dotnet\packs\Microsoft.NETCore.App.Ref\10.0.5\ref/net10.0/System.IO.Pipes.dll
                 Private =“false”
             C:\Program Files\dotnet\packs\Microsoft.NETCore.App.Ref\10.0.5\ref/net10.0/System.IO.UnmanagedMemoryStream.dll
                 Private =“false”
             C:\Program Files\dotnet\packs\Microsoft.NETCore.App.Ref\10.0.5\ref/net10.0/System.IO.dll
                 Private =“false”
             C:\Program Files\dotnet\packs\Microsoft.NETCore.App.Ref\10.0.5\ref/net10.0/System.Linq.AsyncEnumerable.dll
                 Private =“false”
             C:\Program Files\dotnet\packs\Microsoft.NETCore.App.Ref\10.0.5\ref/net10.0/System.Linq.Expressions.dll
                 Private =“false”
             C:\Program Files\dotnet\packs\Microsoft.NETCore.App.Ref\10.0.5\ref/net10.0/System.Linq.Parallel.dll
                 Private =“false”
             C:\Program Files\dotnet\packs\Microsoft.NETCore.App.Ref\10.0.5\ref/net10.0/System.Linq.Queryable.dll
                 Private =“false”
             C:\Program Files\dotnet\packs\Microsoft.NETCore.App.Ref\10.0.5\ref/net10.0/System.Linq.dll
                 Private =“false”
             C:\Program Files\dotnet\packs\Microsoft.NETCore.App.Ref\10.0.5\ref/net10.0/System.Memory.dll
                 Private =“false”
             C:\Program Files\dotnet\packs\Microsoft.NETCore.App.Ref\10.0.5\ref/net10.0/System.Net.Http.Json.dll
                 Private =“false”
             C:\Program Files\dotnet\packs\Microsoft.NETCore.App.Ref\10.0.5\ref/net10.0/System.Net.Http.dll
                 Private =“false”
             C:\Program Files\dotnet\packs\Microsoft.NETCore.App.Ref\10.0.5\ref/net10.0/System.Net.HttpListener.dll
                 Private =“false”
             C:\Program Files\dotnet\packs\Microsoft.NETCore.App.Ref\10.0.5\ref/net10.0/System.Net.Mail.dll
                 Private =“false”
             C:\Program Files\dotnet\packs\Microsoft.NETCore.App.Ref\10.0.5\ref/net10.0/System.Net.NameResolution.dll
                 Private =“false”
             C:\Program Files\dotnet\packs\Microsoft.NETCore.App.Ref\10.0.5\ref/net10.0/System.Net.NetworkInformation.dll
                 Private =“false”
             C:\Program Files\dotnet\packs\Microsoft.NETCore.App.Ref\10.0.5\ref/net10.0/System.Net.Ping.dll
                 Private =“false”
             C:\Program Files\dotnet\packs\Microsoft.NETCore.App.Ref\10.0.5\ref/net10.0/System.Net.Primitives.dll
                 Private =“false”
             C:\Program Files\dotnet\packs\Microsoft.NETCore.App.Ref\10.0.5\ref/net10.0/System.Net.Quic.dll
                 Private =“false”
             C:\Program Files\dotnet\packs\Microsoft.NETCore.App.Ref\10.0.5\ref/net10.0/System.Net.Requests.dll
                 Private =“false”
             C:\Program Files\dotnet\packs\Microsoft.NETCore.App.Ref\10.0.5\ref/net10.0/System.Net.Security.dll
                 Private =“false”
             C:\Program Files\dotnet\packs\Microsoft.NETCore.App.Ref\10.0.5\ref/net10.0/System.Net.ServerSentEvents.dll
                 Private =“false”
             C:\Program Files\dotnet\packs\Microsoft.NETCore.App.Ref\10.0.5\ref/net10.0/System.Net.ServicePoint.dll
                 Private =“false”
             C:\Program Files\dotnet\packs\Microsoft.NETCore.App.Ref\10.0.5\ref/net10.0/System.Net.Sockets.dll
                 Private =“false”
             C:\Program Files\dotnet\packs\Microsoft.NETCore.App.Ref\10.0.5\ref/net10.0/System.Net.WebClient.dll
                 Private =“false”
             C:\Program Files\dotnet\packs\Microsoft.NETCore.App.Ref\10.0.5\ref/net10.0/System.Net.WebHeaderCollection.dll
                 Private =“false”
             C:\Program Files\dotnet\packs\Microsoft.NETCore.App.Ref\10.0.5\ref/net10.0/System.Net.WebProxy.dll
                 Private =“false”
             C:\Program Files\dotnet\packs\Microsoft.NETCore.App.Ref\10.0.5\ref/net10.0/System.Net.WebSockets.Client.dll
                 Private =“false”
             C:\Program Files\dotnet\packs\Microsoft.NETCore.App.Ref\10.0.5\ref/net10.0/System.Net.WebSockets.dll
                 Private =“false”
             C:\Program Files\dotnet\packs\Microsoft.NETCore.App.Ref\10.0.5\ref/net10.0/System.Net.dll
                 Private =“false”
             C:\Program Files\dotnet\packs\Microsoft.NETCore.App.Ref\10.0.5\ref/net10.0/System.Numerics.Vectors.dll
                 Private =“false”
             C:\Program Files\dotnet\packs\Microsoft.NETCore.App.Ref\10.0.5\ref/net10.0/System.Numerics.dll
                 Private =“false”
             C:\Program Files\dotnet\packs\Microsoft.NETCore.App.Ref\10.0.5\ref/net10.0/System.ObjectModel.dll
                 Private =“false”
             C:\Program Files\dotnet\packs\Microsoft.NETCore.App.Ref\10.0.5\ref/net10.0/System.Reflection.DispatchProxy.dll
                 Private =“false”
             C:\Program Files\dotnet\packs\Microsoft.NETCore.App.Ref\10.0.5\ref/net10.0/System.Reflection.Emit.ILGeneration.dll
                 Private =“false”
             C:\Program Files\dotnet\packs\Microsoft.NETCore.App.Ref\10.0.5\ref/net10.0/System.Reflection.Emit.Lightweight.dll
                 Private =“false”
             C:\Program Files\dotnet\packs\Microsoft.NETCore.App.Ref\10.0.5\ref/net10.0/System.Reflection.Emit.dll
                 Private =“false”
             C:\Program Files\dotnet\packs\Microsoft.NETCore.App.Ref\10.0.5\ref/net10.0/System.Reflection.Extensions.dll
                 Private =“false”
             C:\Program Files\dotnet\packs\Microsoft.NETCore.App.Ref\10.0.5\ref/net10.0/System.Reflection.Metadata.dll
                 Private =“false”
             C:\Program Files\dotnet\packs\Microsoft.NETCore.App.Ref\10.0.5\ref/net10.0/System.Reflection.Primitives.dll
                 Private =“false”
             C:\Program Files\dotnet\packs\Microsoft.NETCore.App.Ref\10.0.5\ref/net10.0/System.Reflection.TypeExtensions.dll
                 Private =“false”
             C:\Program Files\dotnet\packs\Microsoft.NETCore.App.Ref\10.0.5\ref/net10.0/System.Reflection.dll
                 Private =“false”
             C:\Program Files\dotnet\packs\Microsoft.NETCore.App.Ref\10.0.5\ref/net10.0/System.Resources.Reader.dll
                 Private =“false”
             C:\Program Files\dotnet\packs\Microsoft.NETCore.App.Ref\10.0.5\ref/net10.0/System.Resources.ResourceManager.dll
                 Private =“false”
             C:\Program Files\dotnet\packs\Microsoft.NETCore.App.Ref\10.0.5\ref/net10.0/System.Resources.Writer.dll
                 Private =“false”
             C:\Program Files\dotnet\packs\Microsoft.NETCore.App.Ref\10.0.5\ref/net10.0/System.Runtime.CompilerServices.Unsafe.dll
                 Private =“false”
             C:\Program Files\dotnet\packs\Microsoft.NETCore.App.Ref\10.0.5\ref/net10.0/System.Runtime.CompilerServices.VisualC.dll
                 Private =“false”
             C:\Program Files\dotnet\packs\Microsoft.NETCore.App.Ref\10.0.5\ref/net10.0/System.Runtime.Extensions.dll
                 Private =“false”
             C:\Program Files\dotnet\packs\Microsoft.NETCore.App.Ref\10.0.5\ref/net10.0/System.Runtime.Handles.dll
                 Private =“false”
             C:\Program Files\dotnet\packs\Microsoft.NETCore.App.Ref\10.0.5\ref/net10.0/System.Runtime.InteropServices.JavaScript.dll
                 Private =“false”
             C:\Program Files\dotnet\packs\Microsoft.NETCore.App.Ref\10.0.5\ref/net10.0/System.Runtime.InteropServices.RuntimeInformation.dll
                 Private =“false”
             C:\Program Files\dotnet\packs\Microsoft.NETCore.App.Ref\10.0.5\ref/net10.0/System.Runtime.InteropServices.dll
                 Private =“false”
             C:\Program Files\dotnet\packs\Microsoft.NETCore.App.Ref\10.0.5\ref/net10.0/System.Runtime.Intrinsics.dll
                 Private =“false”
             C:\Program Files\dotnet\packs\Microsoft.NETCore.App.Ref\10.0.5\ref/net10.0/System.Runtime.Loader.dll
                 Private =“false”
             C:\Program Files\dotnet\packs\Microsoft.NETCore.App.Ref\10.0.5\ref/net10.0/System.Runtime.Numerics.dll
                 Private =“false”
             C:\Program Files\dotnet\packs\Microsoft.NETCore.App.Ref\10.0.5\ref/net10.0/System.Runtime.Serialization.Formatters.dll
                 Private =“false”
             C:\Program Files\dotnet\packs\Microsoft.NETCore.App.Ref\10.0.5\ref/net10.0/System.Runtime.Serialization.Json.dll
                 Private =“false”
             C:\Program Files\dotnet\packs\Microsoft.NETCore.App.Ref\10.0.5\ref/net10.0/System.Runtime.Serialization.Primitives.dll
                 Private =“false”
             C:\Program Files\dotnet\packs\Microsoft.NETCore.App.Ref\10.0.5\ref/net10.0/System.Runtime.Serialization.Xml.dll
                 Private =“false”
             C:\Program Files\dotnet\packs\Microsoft.NETCore.App.Ref\10.0.5\ref/net10.0/System.Runtime.Serialization.dll
                 Private =“false”
             C:\Program Files\dotnet\packs\Microsoft.NETCore.App.Ref\10.0.5\ref/net10.0/System.Runtime.dll
                 Private =“false”
             C:\Program Files\dotnet\packs\Microsoft.NETCore.App.Ref\10.0.5\ref/net10.0/System.Security.AccessControl.dll
                 Private =“false”
             C:\Program Files\dotnet\packs\Microsoft.NETCore.App.Ref\10.0.5\ref/net10.0/System.Security.Claims.dll
                 Private =“false”
             C:\Program Files\dotnet\packs\Microsoft.NETCore.App.Ref\10.0.5\ref/net10.0/System.Security.Cryptography.Algorithms.dll
                 Private =“false”
             C:\Program Files\dotnet\packs\Microsoft.NETCore.App.Ref\10.0.5\ref/net10.0/System.Security.Cryptography.Cng.dll
                 Private =“false”
             C:\Program Files\dotnet\packs\Microsoft.NETCore.App.Ref\10.0.5\ref/net10.0/System.Security.Cryptography.Csp.dll
                 Private =“false”
             C:\Program Files\dotnet\packs\Microsoft.NETCore.App.Ref\10.0.5\ref/net10.0/System.Security.Cryptography.Encoding.dll
                 Private =“false”
             C:\Program Files\dotnet\packs\Microsoft.NETCore.App.Ref\10.0.5\ref/net10.0/System.Security.Cryptography.OpenSsl.dll
                 Private =“false”
             C:\Program Files\dotnet\packs\Microsoft.NETCore.App.Ref\10.0.5\ref/net10.0/System.Security.Cryptography.Primitives.dll
                 Private =“false”
             C:\Program Files\dotnet\packs\Microsoft.NETCore.App.Ref\10.0.5\ref/net10.0/System.Security.Cryptography.X509Certificates.dll
                 Private =“false”
             C:\Program Files\dotnet\packs\Microsoft.NETCore.App.Ref\10.0.5\ref/net10.0/System.Security.Cryptography.dll
                 Private =“false”
             C:\Program Files\dotnet\packs\Microsoft.NETCore.App.Ref\10.0.5\ref/net10.0/System.Security.Principal.Windows.dll
                 Private =“false”
             C:\Program Files\dotnet\packs\Microsoft.NETCore.App.Ref\10.0.5\ref/net10.0/System.Security.Principal.dll
                 Private =“false”
             C:\Program Files\dotnet\packs\Microsoft.NETCore.App.Ref\10.0.5\ref/net10.0/System.Security.SecureString.dll
                 Private =“false”
             C:\Program Files\dotnet\packs\Microsoft.NETCore.App.Ref\10.0.5\ref/net10.0/System.Security.dll
                 Private =“false”
             C:\Program Files\dotnet\packs\Microsoft.NETCore.App.Ref\10.0.5\ref/net10.0/System.ServiceModel.Web.dll
                 Private =“false”
             C:\Program Files\dotnet\packs\Microsoft.NETCore.App.Ref\10.0.5\ref/net10.0/System.ServiceProcess.dll
                 Private =“false”
             C:\Program Files\dotnet\packs\Microsoft.NETCore.App.Ref\10.0.5\ref/net10.0/System.Text.Encoding.CodePages.dll
                 Private =“false”
             C:\Program Files\dotnet\packs\Microsoft.NETCore.App.Ref\10.0.5\ref/net10.0/System.Text.Encoding.Extensions.dll
                 Private =“false”
             C:\Program Files\dotnet\packs\Microsoft.NETCore.App.Ref\10.0.5\ref/net10.0/System.Text.Encoding.dll
                 Private =“false”
             C:\Program Files\dotnet\packs\Microsoft.NETCore.App.Ref\10.0.5\ref/net10.0/System.Text.Encodings.Web.dll
                 Private =“false”
             C:\Program Files\dotnet\packs\Microsoft.NETCore.App.Ref\10.0.5\ref/net10.0/System.Text.Json.dll
                 Private =“false”
             C:\Program Files\dotnet\packs\Microsoft.NETCore.App.Ref\10.0.5\ref/net10.0/System.Text.RegularExpressions.dll
                 Private =“false”
             C:\Program Files\dotnet\packs\Microsoft.NETCore.App.Ref\10.0.5\ref/net10.0/System.Threading.AccessControl.dll
                 Private =“false”
             C:\Program Files\dotnet\packs\Microsoft.NETCore.App.Ref\10.0.5\ref/net10.0/System.Threading.Channels.dll
                 Private =“false”
             C:\Program Files\dotnet\packs\Microsoft.NETCore.App.Ref\10.0.5\ref/net10.0/System.Threading.Overlapped.dll
                 Private =“false”
             C:\Program Files\dotnet\packs\Microsoft.NETCore.App.Ref\10.0.5\ref/net10.0/System.Threading.Tasks.Dataflow.dll
                 Private =“false”
             C:\Program Files\dotnet\packs\Microsoft.NETCore.App.Ref\10.0.5\ref/net10.0/System.Threading.Tasks.Extensions.dll
                 Private =“false”
             C:\Program Files\dotnet\packs\Microsoft.NETCore.App.Ref\10.0.5\ref/net10.0/System.Threading.Tasks.Parallel.dll
                 Private =“false”
             C:\Program Files\dotnet\packs\Microsoft.NETCore.App.Ref\10.0.5\ref/net10.0/System.Threading.Tasks.dll
                 Private =“false”
             C:\Program Files\dotnet\packs\Microsoft.NETCore.App.Ref\10.0.5\ref/net10.0/System.Threading.Thread.dll
                 Private =“false”
             C:\Program Files\dotnet\packs\Microsoft.NETCore.App.Ref\10.0.5\ref/net10.0/System.Threading.ThreadPool.dll
                 Private =“false”
             C:\Program Files\dotnet\packs\Microsoft.NETCore.App.Ref\10.0.5\ref/net10.0/System.Threading.Timer.dll
                 Private =“false”
             C:\Program Files\dotnet\packs\Microsoft.NETCore.App.Ref\10.0.5\ref/net10.0/System.Threading.dll
                 Private =“false”
             C:\Program Files\dotnet\packs\Microsoft.NETCore.App.Ref\10.0.5\ref/net10.0/System.Transactions.Local.dll
                 Private =“false”
             C:\Program Files\dotnet\packs\Microsoft.NETCore.App.Ref\10.0.5\ref/net10.0/System.Transactions.dll
                 Private =“false”
             C:\Program Files\dotnet\packs\Microsoft.NETCore.App.Ref\10.0.5\ref/net10.0/System.ValueTuple.dll
                 Private =“false”
             C:\Program Files\dotnet\packs\Microsoft.NETCore.App.Ref\10.0.5\ref/net10.0/System.Web.HttpUtility.dll
                 Private =“false”
             C:\Program Files\dotnet\packs\Microsoft.NETCore.App.Ref\10.0.5\ref/net10.0/System.Web.dll
                 Private =“false”
             C:\Program Files\dotnet\packs\Microsoft.NETCore.App.Ref\10.0.5\ref/net10.0/System.Windows.dll
                 Private =“false”
             C:\Program Files\dotnet\packs\Microsoft.NETCore.App.Ref\10.0.5\ref/net10.0/System.Xml.Linq.dll
                 Private =“false”
             C:\Program Files\dotnet\packs\Microsoft.NETCore.App.Ref\10.0.5\ref/net10.0/System.Xml.ReaderWriter.dll
                 Private =“false”
             C:\Program Files\dotnet\packs\Microsoft.NETCore.App.Ref\10.0.5\ref/net10.0/System.Xml.Serialization.dll
                 Private =“false”
             C:\Program Files\dotnet\packs\Microsoft.NETCore.App.Ref\10.0.5\ref/net10.0/System.Xml.XDocument.dll
                 Private =“false”
             C:\Program Files\dotnet\packs\Microsoft.NETCore.App.Ref\10.0.5\ref/net10.0/System.Xml.XPath.XDocument.dll
                 Private =“false”
             C:\Program Files\dotnet\packs\Microsoft.NETCore.App.Ref\10.0.5\ref/net10.0/System.Xml.XPath.dll
                 Private =“false”
             C:\Program Files\dotnet\packs\Microsoft.NETCore.App.Ref\10.0.5\ref/net10.0/System.Xml.XmlDocument.dll
                 Private =“false”
             C:\Program Files\dotnet\packs\Microsoft.NETCore.App.Ref\10.0.5\ref/net10.0/System.Xml.XmlSerializer.dll
                 Private =“false”
             C:\Program Files\dotnet\packs\Microsoft.NETCore.App.Ref\10.0.5\ref/net10.0/System.Xml.dll
                 Private =“false”
             C:\Program Files\dotnet\packs\Microsoft.NETCore.App.Ref\10.0.5\ref/net10.0/System.dll
                 Private =“false”
             C:\Program Files\dotnet\packs\Microsoft.NETCore.App.Ref\10.0.5\ref/net10.0/WindowsBase.dll
                 Private =“false”
             C:\Program Files\dotnet\packs\Microsoft.NETCore.App.Ref\10.0.5\ref/net10.0/mscorlib.dll
                 Private =“false”
             C:\Program Files\dotnet\packs\Microsoft.NETCore.App.Ref\10.0.5\ref/net10.0/netstandard.dll
                 Private =“false”
             C:\Program Files\dotnet\packs\Microsoft.WindowsDesktop.App.Ref\10.0.5\ref/net10.0/Accessibility.dll
                 Private =“false”
             C:\Program Files\dotnet\packs\Microsoft.WindowsDesktop.App.Ref\10.0.5\ref/net10.0/Microsoft.VisualBasic.Forms.dll
                 Private =“false”
             C:\Program Files\dotnet\packs\Microsoft.WindowsDesktop.App.Ref\10.0.5\ref/net10.0/Microsoft.VisualBasic.dll
                 Private =“false”
             C:\Program Files\dotnet\packs\Microsoft.WindowsDesktop.App.Ref\10.0.5\ref/net10.0/Microsoft.Win32.Registry.AccessControl.dll
                 Private =“false”
             C:\Program Files\dotnet\packs\Microsoft.WindowsDesktop.App.Ref\10.0.5\ref/net10.0/Microsoft.Win32.SystemEvents.dll
                 Private =“false”
             C:\Program Files\dotnet\packs\Microsoft.WindowsDesktop.App.Ref\10.0.5\ref/net10.0/System.CodeDom.dll
                 Private =“false”
             C:\Program Files\dotnet\packs\Microsoft.WindowsDesktop.App.Ref\10.0.5\ref/net10.0/System.Configuration.ConfigurationManager.dll
                 Private =“false”
             C:\Program Files\dotnet\packs\Microsoft.WindowsDesktop.App.Ref\10.0.5\ref/net10.0/System.Design.dll
                 Private =“false”
             C:\Program Files\dotnet\packs\Microsoft.WindowsDesktop.App.Ref\10.0.5\ref/net10.0/System.Diagnostics.EventLog.dll
                 Private =“false”
             C:\Program Files\dotnet\packs\Microsoft.WindowsDesktop.App.Ref\10.0.5\ref/net10.0/System.Diagnostics.PerformanceCounter.dll
                 Private =“false”
             C:\Program Files\dotnet\packs\Microsoft.WindowsDesktop.App.Ref\10.0.5\ref/net10.0/System.DirectoryServices.dll
                 Private =“false”
             C:\Program Files\dotnet\packs\Microsoft.WindowsDesktop.App.Ref\10.0.5\ref/net10.0/System.Drawing.Common.dll
                 Private =“false”
             C:\Program Files\dotnet\packs\Microsoft.WindowsDesktop.App.Ref\10.0.5\ref/net10.0/System.Drawing.Design.dll
                 Private =“false”
             C:\Program Files\dotnet\packs\Microsoft.WindowsDesktop.App.Ref\10.0.5\ref/net10.0/System.Drawing.dll
                 Private =“false”
             C:\Program Files\dotnet\packs\Microsoft.WindowsDesktop.App.Ref\10.0.5\ref/net10.0/System.Formats.Nrbf.dll
                 Private =“false”
             C:\Program Files\dotnet\packs\Microsoft.WindowsDesktop.App.Ref\10.0.5\ref/net10.0/System.IO.Packaging.dll
                 Private =“false”
             C:\Program Files\dotnet\packs\Microsoft.WindowsDesktop.App.Ref\10.0.5\ref/net10.0/System.Private.Windows.Core.dll
                 Private =“false”
             C:\Program Files\dotnet\packs\Microsoft.WindowsDesktop.App.Ref\10.0.5\ref/net10.0/System.Private.Windows.GdiPlus.dll
                 Private =“false”
             C:\Program Files\dotnet\packs\Microsoft.WindowsDesktop.App.Ref\10.0.5\ref/net10.0/System.Resources.Extensions.dll
                 Private =“false”
             C:\Program Files\dotnet\packs\Microsoft.WindowsDesktop.App.Ref\10.0.5\ref/net10.0/System.Security.Cryptography.Pkcs.dll
                 Private =“false”
             C:\Program Files\dotnet\packs\Microsoft.WindowsDesktop.App.Ref\10.0.5\ref/net10.0/System.Security.Cryptography.ProtectedData.dll
                 Private =“false”
             C:\Program Files\dotnet\packs\Microsoft.WindowsDesktop.App.Ref\10.0.5\ref/net10.0/System.Security.Cryptography.Xml.dll
                 Private =“false”
             C:\Program Files\dotnet\packs\Microsoft.WindowsDesktop.App.Ref\10.0.5\ref/net10.0/System.Security.Permissions.dll
                 Private =“false”
             C:\Program Files\dotnet\packs\Microsoft.WindowsDesktop.App.Ref\10.0.5\ref/net10.0/System.Windows.Extensions.dll
                 Private =“false”
             C:\Program Files\dotnet\packs\Microsoft.WindowsDesktop.App.Ref\10.0.5\ref/net10.0/System.Windows.Forms.Design.Editors.dll
                 Private =“false”
             C:\Program Files\dotnet\packs\Microsoft.WindowsDesktop.App.Ref\10.0.5\ref/net10.0/System.Windows.Forms.Design.dll
                 Private =“false”
             C:\Program Files\dotnet\packs\Microsoft.WindowsDesktop.App.Ref\10.0.5\ref/net10.0/System.Windows.Forms.Primitives.dll
                 Private =“false”
             C:\Program Files\dotnet\packs\Microsoft.WindowsDesktop.App.Ref\10.0.5\ref/net10.0/System.Windows.Forms.dll
                 Private =“false”
         AssemblyFiles:
         CandidateAssemblyFiles:
         TargetFrameworkDirectories:
             
         NonCultureResourceDirectories:
             
         InstalledAssemblyTables:
         IgnoreInstalledAssemblyTable:
             False
         SearchPaths:
             {CandidateAssemblyFiles}
             {HintPathFromItem}
             {TargetFrameworkDirectory}
             {RawFileName}
         AllowedAssemblyExtensions:
             .winmd
             .dll
             .exe
         AllowedRelatedFileExtensions:
             .pdb
             .xml
             .pri
             .dll.config
             .exe.config
         AppConfigFile:
             
         AutoUnify:
             True
         EnableCustomCulture:
             False
         EnableCustomCulture:
             False
         CopyLocalDependenciesWhenParentReferenceInGac:
             True
         FindDependencies:
             True
         TargetProcessorArchitecture:
             msil
         StateFile:
             obj\Release\net10.0-windows\OMIManager.csproj.AssemblyReference.cache
         InstalledAssemblySubsetTables:
         IgnoreInstalledAssemblySubsetTable:
             False
         TargetFrameworkSubsets:
         FullTargetFrameworkSubsetNames:
             Full
         ProfileName:
             
         FullFrameworkFolders:
         LatestTargetFrameworkDirectories:
         ProfileTablesLocation:
         主引用“Microsoft.CSharp, Version=10.0.0.0, Culture=neutral, PublicKeyToken=b03f5f7f11d50a3a”。
             解析的文件路径为“C:\Program Files\dotnet\packs\Microsoft.NETCore.App.Ref\10.0.5\ref\net10.0\Microsoft.CSharp.dll”。
             在搜索路径位置“{RawFileName}”找到引用。
             此引用不是“CopyLocal”，因为至少有一个源项将“Private”设置为“false”，而没有源项将“Private”设置为“true”。
         主引用“Microsoft.VisualBasic.Core, Version=15.0.0.0, Culture=neutral, PublicKeyToken=b03f5f7f11d50a3a”。
             解析的文件路径为“C:\Program Files\dotnet\packs\Microsoft.NETCore.App.Ref\10.0.5\ref\net10.0\Microsoft.VisualBasic.Core.dll”。
             在搜索路径位置“{RawFileName}”找到引用。
             此引用不是“CopyLocal”，因为至少有一个源项将“Private”设置为“false”，而没有源项将“Private”设置为“true”。
         主引用“Microsoft.Win32.Primitives, Version=10.0.0.0, Culture=neutral, PublicKeyToken=b03f5f7f11d50a3a”。
             解析的文件路径为“C:\Program Files\dotnet\packs\Microsoft.NETCore.App.Ref\10.0.5\ref\net10.0\Microsoft.Win32.Primitives.dll”。
             在搜索路径位置“{RawFileName}”找到引用。
             此引用不是“CopyLocal”，因为至少有一个源项将“Private”设置为“false”，而没有源项将“Private”设置为“true”。
         主引用“Microsoft.Win32.Registry, Version=10.0.0.0, Culture=neutral, PublicKeyToken=b03f5f7f11d50a3a”。
             解析的文件路径为“C:\Program Files\dotnet\packs\Microsoft.NETCore.App.Ref\10.0.5\ref\net10.0\Microsoft.Win32.Registry.dll”。
             在搜索路径位置“{RawFileName}”找到引用。
             此引用不是“CopyLocal”，因为至少有一个源项将“Private”设置为“false”，而没有源项将“Private”设置为“true”。
         主引用“System.AppContext, Version=10.0.0.0, Culture=neutral, PublicKeyToken=b03f5f7f11d50a3a”。
             解析的文件路径为“C:\Program Files\dotnet\packs\Microsoft.NETCore.App.Ref\10.0.5\ref\net10.0\System.AppContext.dll”。
             在搜索路径位置“{RawFileName}”找到引用。
             此引用不是“CopyLocal”，因为至少有一个源项将“Private”设置为“false”，而没有源项将“Private”设置为“true”。
         主引用“System.Buffers, Version=10.0.0.0, Culture=neutral, PublicKeyToken=cc7b13ffcd2ddd51”。
             解析的文件路径为“C:\Program Files\dotnet\packs\Microsoft.NETCore.App.Ref\10.0.5\ref\net10.0\System.Buffers.dll”。
             在搜索路径位置“{RawFileName}”找到引用。
             此引用不是“CopyLocal”，因为至少有一个源项将“Private”设置为“false”，而没有源项将“Private”设置为“true”。
         主引用“System.Collections.Concurrent, Version=10.0.0.0, Culture=neutral, PublicKeyToken=b03f5f7f11d50a3a”。
             解析的文件路径为“C:\Program Files\dotnet\packs\Microsoft.NETCore.App.Ref\10.0.5\ref\net10.0\System.Collections.Concurrent.dll”。
             在搜索路径位置“{RawFileName}”找到引用。
             此引用不是“CopyLocal”，因为至少有一个源项将“Private”设置为“false”，而没有源项将“Private”设置为“true”。
         主引用“System.Collections.Immutable, Version=10.0.0.0, Culture=neutral, PublicKeyToken=b03f5f7f11d50a3a”。
             解析的文件路径为“C:\Program Files\dotnet\packs\Microsoft.NETCore.App.Ref\10.0.5\ref\net10.0\System.Collections.Immutable.dll”。
             在搜索路径位置“{RawFileName}”找到引用。
             此引用不是“CopyLocal”，因为至少有一个源项将“Private”设置为“false”，而没有源项将“Private”设置为“true”。
         主引用“System.Collections.NonGeneric, Version=10.0.0.0, Culture=neutral, PublicKeyToken=b03f5f7f11d50a3a”。
             解析的文件路径为“C:\Program Files\dotnet\packs\Microsoft.NETCore.App.Ref\10.0.5\ref\net10.0\System.Collections.NonGeneric.dll”。
             在搜索路径位置“{RawFileName}”找到引用。
             此引用不是“CopyLocal”，因为至少有一个源项将“Private”设置为“false”，而没有源项将“Private”设置为“true”。
         主引用“System.Collections.Specialized, Version=10.0.0.0, Culture=neutral, PublicKeyToken=b03f5f7f11d50a3a”。
             解析的文件路径为“C:\Program Files\dotnet\packs\Microsoft.NETCore.App.Ref\10.0.5\ref\net10.0\System.Collections.Specialized.dll”。
             在搜索路径位置“{RawFileName}”找到引用。
             此引用不是“CopyLocal”，因为至少有一个源项将“Private”设置为“false”，而没有源项将“Private”设置为“true”。
         主引用“System.Collections, Version=10.0.0.0, Culture=neutral, PublicKeyToken=b03f5f7f11d50a3a”。
             解析的文件路径为“C:\Program Files\dotnet\packs\Microsoft.NETCore.App.Ref\10.0.5\ref\net10.0\System.Collections.dll”。
             在搜索路径位置“{RawFileName}”找到引用。
             此引用不是“CopyLocal”，因为至少有一个源项将“Private”设置为“false”，而没有源项将“Private”设置为“true”。
         主引用“System.ComponentModel.Annotations, Version=10.0.0.0, Culture=neutral, PublicKeyToken=b03f5f7f11d50a3a”。
             解析的文件路径为“C:\Program Files\dotnet\packs\Microsoft.NETCore.App.Ref\10.0.5\ref\net10.0\System.ComponentModel.Annotations.dll”。
             在搜索路径位置“{RawFileName}”找到引用。
             此引用不是“CopyLocal”，因为至少有一个源项将“Private”设置为“false”，而没有源项将“Private”设置为“true”。
         主引用“System.ComponentModel.DataAnnotations, Version=4.0.0.0, Culture=neutral, PublicKeyToken=31bf3856ad364e35”。
             解析的文件路径为“C:\Program Files\dotnet\packs\Microsoft.NETCore.App.Ref\10.0.5\ref\net10.0\System.ComponentModel.DataAnnotations.dll”。
             在搜索路径位置“{RawFileName}”找到引用。
             此引用不是“CopyLocal”，因为至少有一个源项将“Private”设置为“false”，而没有源项将“Private”设置为“true”。
         主引用“System.ComponentModel.EventBasedAsync, Version=10.0.0.0, Culture=neutral, PublicKeyToken=b03f5f7f11d50a3a”。
             解析的文件路径为“C:\Program Files\dotnet\packs\Microsoft.NETCore.App.Ref\10.0.5\ref\net10.0\System.ComponentModel.EventBasedAsync.dll”。
             在搜索路径位置“{RawFileName}”找到引用。
             此引用不是“CopyLocal”，因为至少有一个源项将“Private”设置为“false”，而没有源项将“Private”设置为“true”。
         主引用“System.ComponentModel.Primitives, Version=10.0.0.0, Culture=neutral, PublicKeyToken=b03f5f7f11d50a3a”。
             解析的文件路径为“C:\Program Files\dotnet\packs\Microsoft.NETCore.App.Ref\10.0.5\ref\net10.0\System.ComponentModel.Primitives.dll”。
             在搜索路径位置“{RawFileName}”找到引用。
             此引用不是“CopyLocal”，因为至少有一个源项将“Private”设置为“false”，而没有源项将“Private”设置为“true”。
         主引用“System.ComponentModel.TypeConverter, Version=10.0.0.0, Culture=neutral, PublicKeyToken=b03f5f7f11d50a3a”。
             解析的文件路径为“C:\Program Files\dotnet\packs\Microsoft.NETCore.App.Ref\10.0.5\ref\net10.0\System.ComponentModel.TypeConverter.dll”。
             在搜索路径位置“{RawFileName}”找到引用。
             此引用不是“CopyLocal”，因为至少有一个源项将“Private”设置为“false”，而没有源项将“Private”设置为“true”。
         主引用“System.ComponentModel, Version=10.0.0.0, Culture=neutral, PublicKeyToken=b03f5f7f11d50a3a”。
             解析的文件路径为“C:\Program Files\dotnet\packs\Microsoft.NETCore.App.Ref\10.0.5\ref\net10.0\System.ComponentModel.dll”。
             在搜索路径位置“{RawFileName}”找到引用。
             此引用不是“CopyLocal”，因为至少有一个源项将“Private”设置为“false”，而没有源项将“Private”设置为“true”。
         主引用“System.Configuration, Version=4.0.0.0, Culture=neutral, PublicKeyToken=b03f5f7f11d50a3a”。
             解析的文件路径为“C:\Program Files\dotnet\packs\Microsoft.NETCore.App.Ref\10.0.5\ref\net10.0\System.Configuration.dll”。
             在搜索路径位置“{RawFileName}”找到引用。
             此引用不是“CopyLocal”，因为至少有一个源项将“Private”设置为“false”，而没有源项将“Private”设置为“true”。
         主引用“System.Console, Version=10.0.0.0, Culture=neutral, PublicKeyToken=b03f5f7f11d50a3a”。
             解析的文件路径为“C:\Program Files\dotnet\packs\Microsoft.NETCore.App.Ref\10.0.5\ref\net10.0\System.Console.dll”。
             在搜索路径位置“{RawFileName}”找到引用。
             此引用不是“CopyLocal”，因为至少有一个源项将“Private”设置为“false”，而没有源项将“Private”设置为“true”。
         主引用“System.Core, Version=4.0.0.0, Culture=neutral, PublicKeyToken=b77a5c561934e089”。
             解析的文件路径为“C:\Program Files\dotnet\packs\Microsoft.NETCore.App.Ref\10.0.5\ref\net10.0\System.Core.dll”。
             在搜索路径位置“{RawFileName}”找到引用。
             此引用不是“CopyLocal”，因为至少有一个源项将“Private”设置为“false”，而没有源项将“Private”设置为“true”。
         主引用“System.Data.Common, Version=10.0.0.0, Culture=neutral, PublicKeyToken=b03f5f7f11d50a3a”。
             解析的文件路径为“C:\Program Files\dotnet\packs\Microsoft.NETCore.App.Ref\10.0.5\ref\net10.0\System.Data.Common.dll”。
             在搜索路径位置“{RawFileName}”找到引用。
             此引用不是“CopyLocal”，因为至少有一个源项将“Private”设置为“false”，而没有源项将“Private”设置为“true”。
         主引用“System.Data.DataSetExtensions, Version=10.0.0.0, Culture=neutral, PublicKeyToken=b77a5c561934e089”。
             解析的文件路径为“C:\Program Files\dotnet\packs\Microsoft.NETCore.App.Ref\10.0.5\ref\net10.0\System.Data.DataSetExtensions.dll”。
             在搜索路径位置“{RawFileName}”找到引用。
             此引用不是“CopyLocal”，因为至少有一个源项将“Private”设置为“false”，而没有源项将“Private”设置为“true”。
         主引用“System.Data, Version=4.0.0.0, Culture=neutral, PublicKeyToken=b77a5c561934e089”。
             解析的文件路径为“C:\Program Files\dotnet\packs\Microsoft.NETCore.App.Ref\10.0.5\ref\net10.0\System.Data.dll”。
             在搜索路径位置“{RawFileName}”找到引用。
             此引用不是“CopyLocal”，因为至少有一个源项将“Private”设置为“false”，而没有源项将“Private”设置为“true”。
         主引用“System.Diagnostics.Contracts, Version=10.0.0.0, Culture=neutral, PublicKeyToken=b03f5f7f11d50a3a”。
             解析的文件路径为“C:\Program Files\dotnet\packs\Microsoft.NETCore.App.Ref\10.0.5\ref\net10.0\System.Diagnostics.Contracts.dll”。
             在搜索路径位置“{RawFileName}”找到引用。
             此引用不是“CopyLocal”，因为至少有一个源项将“Private”设置为“false”，而没有源项将“Private”设置为“true”。
         主引用“System.Diagnostics.Debug, Version=10.0.0.0, Culture=neutral, PublicKeyToken=b03f5f7f11d50a3a”。
             解析的文件路径为“C:\Program Files\dotnet\packs\Microsoft.NETCore.App.Ref\10.0.5\ref\net10.0\System.Diagnostics.Debug.dll”。
             在搜索路径位置“{RawFileName}”找到引用。
             此引用不是“CopyLocal”，因为至少有一个源项将“Private”设置为“false”，而没有源项将“Private”设置为“true”。
         主引用“System.Diagnostics.DiagnosticSource, Version=10.0.0.0, Culture=neutral, PublicKeyToken=cc7b13ffcd2ddd51”。
             解析的文件路径为“C:\Program Files\dotnet\packs\Microsoft.NETCore.App.Ref\10.0.5\ref\net10.0\System.Diagnostics.DiagnosticSource.dll”。
             在搜索路径位置“{RawFileName}”找到引用。
             此引用不是“CopyLocal”，因为至少有一个源项将“Private”设置为“false”，而没有源项将“Private”设置为“true”。
         主引用“System.Diagnostics.FileVersionInfo, Version=10.0.0.0, Culture=neutral, PublicKeyToken=b03f5f7f11d50a3a”。
             解析的文件路径为“C:\Program Files\dotnet\packs\Microsoft.NETCore.App.Ref\10.0.5\ref\net10.0\System.Diagnostics.FileVersionInfo.dll”。
             在搜索路径位置“{RawFileName}”找到引用。
             此引用不是“CopyLocal”，因为至少有一个源项将“Private”设置为“false”，而没有源项将“Private”设置为“true”。
         主引用“System.Diagnostics.Process, Version=10.0.0.0, Culture=neutral, PublicKeyToken=b03f5f7f11d50a3a”。
             解析的文件路径为“C:\Program Files\dotnet\packs\Microsoft.NETCore.App.Ref\10.0.5\ref\net10.0\System.Diagnostics.Process.dll”。
             在搜索路径位置“{RawFileName}”找到引用。
             此引用不是“CopyLocal”，因为至少有一个源项将“Private”设置为“false”，而没有源项将“Private”设置为“true”。
         主引用“System.Diagnostics.StackTrace, Version=10.0.0.0, Culture=neutral, PublicKeyToken=b03f5f7f11d50a3a”。
             解析的文件路径为“C:\Program Files\dotnet\packs\Microsoft.NETCore.App.Ref\10.0.5\ref\net10.0\System.Diagnostics.StackTrace.dll”。
             在搜索路径位置“{RawFileName}”找到引用。
             此引用不是“CopyLocal”，因为至少有一个源项将“Private”设置为“false”，而没有源项将“Private”设置为“true”。
         主引用“System.Diagnostics.TextWriterTraceListener, Version=10.0.0.0, Culture=neutral, PublicKeyToken=b03f5f7f11d50a3a”。
             解析的文件路径为“C:\Program Files\dotnet\packs\Microsoft.NETCore.App.Ref\10.0.5\ref\net10.0\System.Diagnostics.TextWriterTraceListener.dll”。
             在搜索路径位置“{RawFileName}”找到引用。
             此引用不是“CopyLocal”，因为至少有一个源项将“Private”设置为“false”，而没有源项将“Private”设置为“true”。
         主引用“System.Diagnostics.Tools, Version=10.0.0.0, Culture=neutral, PublicKeyToken=b03f5f7f11d50a3a”。
             解析的文件路径为“C:\Program Files\dotnet\packs\Microsoft.NETCore.App.Ref\10.0.5\ref\net10.0\System.Diagnostics.Tools.dll”。
             在搜索路径位置“{RawFileName}”找到引用。
             此引用不是“CopyLocal”，因为至少有一个源项将“Private”设置为“false”，而没有源项将“Private”设置为“true”。
         主引用“System.Diagnostics.TraceSource, Version=10.0.0.0, Culture=neutral, PublicKeyToken=b03f5f7f11d50a3a”。
             解析的文件路径为“C:\Program Files\dotnet\packs\Microsoft.NETCore.App.Ref\10.0.5\ref\net10.0\System.Diagnostics.TraceSource.dll”。
             在搜索路径位置“{RawFileName}”找到引用。
             此引用不是“CopyLocal”，因为至少有一个源项将“Private”设置为“false”，而没有源项将“Private”设置为“true”。
         主引用“System.Diagnostics.Tracing, Version=10.0.0.0, Culture=neutral, PublicKeyToken=b03f5f7f11d50a3a”。
             解析的文件路径为“C:\Program Files\dotnet\packs\Microsoft.NETCore.App.Ref\10.0.5\ref\net10.0\System.Diagnostics.Tracing.dll”。
             在搜索路径位置“{RawFileName}”找到引用。
             此引用不是“CopyLocal”，因为至少有一个源项将“Private”设置为“false”，而没有源项将“Private”设置为“true”。
         主引用“System.Drawing.Primitives, Version=10.0.0.0, Culture=neutral, PublicKeyToken=b03f5f7f11d50a3a”。
             解析的文件路径为“C:\Program Files\dotnet\packs\Microsoft.NETCore.App.Ref\10.0.5\ref\net10.0\System.Drawing.Primitives.dll”。
             在搜索路径位置“{RawFileName}”找到引用。
             此引用不是“CopyLocal”，因为至少有一个源项将“Private”设置为“false”，而没有源项将“Private”设置为“true”。
         主引用“System.Dynamic.Runtime, Version=10.0.0.0, Culture=neutral, PublicKeyToken=b03f5f7f11d50a3a”。
             解析的文件路径为“C:\Program Files\dotnet\packs\Microsoft.NETCore.App.Ref\10.0.5\ref\net10.0\System.Dynamic.Runtime.dll”。
             在搜索路径位置“{RawFileName}”找到引用。
             此引用不是“CopyLocal”，因为至少有一个源项将“Private”设置为“false”，而没有源项将“Private”设置为“true”。
         主引用“System.Formats.Asn1, Version=10.0.0.0, Culture=neutral, PublicKeyToken=cc7b13ffcd2ddd51”。
             解析的文件路径为“C:\Program Files\dotnet\packs\Microsoft.NETCore.App.Ref\10.0.5\ref\net10.0\System.Formats.Asn1.dll”。
             在搜索路径位置“{RawFileName}”找到引用。
             此引用不是“CopyLocal”，因为至少有一个源项将“Private”设置为“false”，而没有源项将“Private”设置为“true”。
         主引用“System.Formats.Tar, Version=10.0.0.0, Culture=neutral, PublicKeyToken=cc7b13ffcd2ddd51”。
             解析的文件路径为“C:\Program Files\dotnet\packs\Microsoft.NETCore.App.Ref\10.0.5\ref\net10.0\System.Formats.Tar.dll”。
             在搜索路径位置“{RawFileName}”找到引用。
             此引用不是“CopyLocal”，因为至少有一个源项将“Private”设置为“false”，而没有源项将“Private”设置为“true”。
         主引用“System.Globalization.Calendars, Version=10.0.0.0, Culture=neutral, PublicKeyToken=b03f5f7f11d50a3a”。
             解析的文件路径为“C:\Program Files\dotnet\packs\Microsoft.NETCore.App.Ref\10.0.5\ref\net10.0\System.Globalization.Calendars.dll”。
             在搜索路径位置“{RawFileName}”找到引用。
             此引用不是“CopyLocal”，因为至少有一个源项将“Private”设置为“false”，而没有源项将“Private”设置为“true”。
         主引用“System.Globalization.Extensions, Version=10.0.0.0, Culture=neutral, PublicKeyToken=b03f5f7f11d50a3a”。
             解析的文件路径为“C:\Program Files\dotnet\packs\Microsoft.NETCore.App.Ref\10.0.5\ref\net10.0\System.Globalization.Extensions.dll”。
             在搜索路径位置“{RawFileName}”找到引用。
             此引用不是“CopyLocal”，因为至少有一个源项将“Private”设置为“false”，而没有源项将“Private”设置为“true”。
         主引用“System.Globalization, Version=10.0.0.0, Culture=neutral, PublicKeyToken=b03f5f7f11d50a3a”。
             解析的文件路径为“C:\Program Files\dotnet\packs\Microsoft.NETCore.App.Ref\10.0.5\ref\net10.0\System.Globalization.dll”。
             在搜索路径位置“{RawFileName}”找到引用。
             此引用不是“CopyLocal”，因为至少有一个源项将“Private”设置为“false”，而没有源项将“Private”设置为“true”。
         主引用“System.IO.Compression.Brotli, Version=10.0.0.0, Culture=neutral, PublicKeyToken=b77a5c561934e089”。
             解析的文件路径为“C:\Program Files\dotnet\packs\Microsoft.NETCore.App.Ref\10.0.5\ref\net10.0\System.IO.Compression.Brotli.dll”。
             在搜索路径位置“{RawFileName}”找到引用。
             此引用不是“CopyLocal”，因为至少有一个源项将“Private”设置为“false”，而没有源项将“Private”设置为“true”。
         主引用“System.IO.Compression.FileSystem, Version=4.0.0.0, Culture=neutral, PublicKeyToken=b77a5c561934e089”。
             解析的文件路径为“C:\Program Files\dotnet\packs\Microsoft.NETCore.App.Ref\10.0.5\ref\net10.0\System.IO.Compression.FileSystem.dll”。
             在搜索路径位置“{RawFileName}”找到引用。
             此引用不是“CopyLocal”，因为至少有一个源项将“Private”设置为“false”，而没有源项将“Private”设置为“true”。
         主引用“System.IO.Compression.ZipFile, Version=10.0.0.0, Culture=neutral, PublicKeyToken=b77a5c561934e089”。
             解析的文件路径为“C:\Program Files\dotnet\packs\Microsoft.NETCore.App.Ref\10.0.5\ref\net10.0\System.IO.Compression.ZipFile.dll”。
             在搜索路径位置“{RawFileName}”找到引用。
             此引用不是“CopyLocal”，因为至少有一个源项将“Private”设置为“false”，而没有源项将“Private”设置为“true”。
         主引用“System.IO.Compression, Version=10.0.0.0, Culture=neutral, PublicKeyToken=b77a5c561934e089”。
             解析的文件路径为“C:\Program Files\dotnet\packs\Microsoft.NETCore.App.Ref\10.0.5\ref\net10.0\System.IO.Compression.dll”。
             在搜索路径位置“{RawFileName}”找到引用。
             此引用不是“CopyLocal”，因为至少有一个源项将“Private”设置为“false”，而没有源项将“Private”设置为“true”。
         主引用“System.IO.FileSystem.AccessControl, Version=10.0.0.0, Culture=neutral, PublicKeyToken=b03f5f7f11d50a3a”。
             解析的文件路径为“C:\Program Files\dotnet\packs\Microsoft.NETCore.App.Ref\10.0.5\ref\net10.0\System.IO.FileSystem.AccessControl.dll”。
             在搜索路径位置“{RawFileName}”找到引用。
             此引用不是“CopyLocal”，因为至少有一个源项将“Private”设置为“false”，而没有源项将“Private”设置为“true”。
         主引用“System.IO.FileSystem.DriveInfo, Version=10.0.0.0, Culture=neutral, PublicKeyToken=b03f5f7f11d50a3a”。
             解析的文件路径为“C:\Program Files\dotnet\packs\Microsoft.NETCore.App.Ref\10.0.5\ref\net10.0\System.IO.FileSystem.DriveInfo.dll”。
             在搜索路径位置“{RawFileName}”找到引用。
             此引用不是“CopyLocal”，因为至少有一个源项将“Private”设置为“false”，而没有源项将“Private”设置为“true”。
         主引用“System.IO.FileSystem.Primitives, Version=10.0.0.0, Culture=neutral, PublicKeyToken=b03f5f7f11d50a3a”。
             解析的文件路径为“C:\Program Files\dotnet\packs\Microsoft.NETCore.App.Ref\10.0.5\ref\net10.0\System.IO.FileSystem.Primitives.dll”。
             在搜索路径位置“{RawFileName}”找到引用。
             此引用不是“CopyLocal”，因为至少有一个源项将“Private”设置为“false”，而没有源项将“Private”设置为“true”。
         主引用“System.IO.FileSystem.Watcher, Version=10.0.0.0, Culture=neutral, PublicKeyToken=b03f5f7f11d50a3a”。
             解析的文件路径为“C:\Program Files\dotnet\packs\Microsoft.NETCore.App.Ref\10.0.5\ref\net10.0\System.IO.FileSystem.Watcher.dll”。
             在搜索路径位置“{RawFileName}”找到引用。
             此引用不是“CopyLocal”，因为至少有一个源项将“Private”设置为“false”，而没有源项将“Private”设置为“true”。
         主引用“System.IO.FileSystem, Version=10.0.0.0, Culture=neutral, PublicKeyToken=b03f5f7f11d50a3a”。
             解析的文件路径为“C:\Program Files\dotnet\packs\Microsoft.NETCore.App.Ref\10.0.5\ref\net10.0\System.IO.FileSystem.dll”。
             在搜索路径位置“{RawFileName}”找到引用。
             此引用不是“CopyLocal”，因为至少有一个源项将“Private”设置为“false”，而没有源项将“Private”设置为“true”。
         主引用“System.IO.IsolatedStorage, Version=10.0.0.0, Culture=neutral, PublicKeyToken=b03f5f7f11d50a3a”。
             解析的文件路径为“C:\Program Files\dotnet\packs\Microsoft.NETCore.App.Ref\10.0.5\ref\net10.0\System.IO.IsolatedStorage.dll”。
             在搜索路径位置“{RawFileName}”找到引用。
             此引用不是“CopyLocal”，因为至少有一个源项将“Private”设置为“false”，而没有源项将“Private”设置为“true”。
         主引用“System.IO.MemoryMappedFiles, Version=10.0.0.0, Culture=neutral, PublicKeyToken=b03f5f7f11d50a3a”。
             解析的文件路径为“C:\Program Files\dotnet\packs\Microsoft.NETCore.App.Ref\10.0.5\ref\net10.0\System.IO.MemoryMappedFiles.dll”。
             在搜索路径位置“{RawFileName}”找到引用。
             此引用不是“CopyLocal”，因为至少有一个源项将“Private”设置为“false”，而没有源项将“Private”设置为“true”。
         主引用“System.IO.Pipelines, Version=10.0.0.0, Culture=neutral, PublicKeyToken=cc7b13ffcd2ddd51”。
             解析的文件路径为“C:\Program Files\dotnet\packs\Microsoft.NETCore.App.Ref\10.0.5\ref\net10.0\System.IO.Pipelines.dll”。
             在搜索路径位置“{RawFileName}”找到引用。
             此引用不是“CopyLocal”，因为至少有一个源项将“Private”设置为“false”，而没有源项将“Private”设置为“true”。
         主引用“System.IO.Pipes.AccessControl, Version=10.0.0.0, Culture=neutral, PublicKeyToken=b03f5f7f11d50a3a”。
             解析的文件路径为“C:\Program Files\dotnet\packs\Microsoft.NETCore.App.Ref\10.0.5\ref\net10.0\System.IO.Pipes.AccessControl.dll”。
             在搜索路径位置“{RawFileName}”找到引用。
             此引用不是“CopyLocal”，因为至少有一个源项将“Private”设置为“false”，而没有源项将“Private”设置为“true”。
         主引用“System.IO.Pipes, Version=10.0.0.0, Culture=neutral, PublicKeyToken=b03f5f7f11d50a3a”。
             解析的文件路径为“C:\Program Files\dotnet\packs\Microsoft.NETCore.App.Ref\10.0.5\ref\net10.0\System.IO.Pipes.dll”。
             在搜索路径位置“{RawFileName}”找到引用。
             此引用不是“CopyLocal”，因为至少有一个源项将“Private”设置为“false”，而没有源项将“Private”设置为“true”。
         主引用“System.IO.UnmanagedMemoryStream, Version=10.0.0.0, Culture=neutral, PublicKeyToken=b03f5f7f11d50a3a”。
             解析的文件路径为“C:\Program Files\dotnet\packs\Microsoft.NETCore.App.Ref\10.0.5\ref\net10.0\System.IO.UnmanagedMemoryStream.dll”。
             在搜索路径位置“{RawFileName}”找到引用。
             此引用不是“CopyLocal”，因为至少有一个源项将“Private”设置为“false”，而没有源项将“Private”设置为“true”。
         主引用“System.IO, Version=10.0.0.0, Culture=neutral, PublicKeyToken=b03f5f7f11d50a3a”。
             解析的文件路径为“C:\Program Files\dotnet\packs\Microsoft.NETCore.App.Ref\10.0.5\ref\net10.0\System.IO.dll”。
             在搜索路径位置“{RawFileName}”找到引用。
             此引用不是“CopyLocal”，因为至少有一个源项将“Private”设置为“false”，而没有源项将“Private”设置为“true”。
         主引用“System.Linq.AsyncEnumerable, Version=10.0.0.0, Culture=neutral, PublicKeyToken=b03f5f7f11d50a3a”。
             解析的文件路径为“C:\Program Files\dotnet\packs\Microsoft.NETCore.App.Ref\10.0.5\ref\net10.0\System.Linq.AsyncEnumerable.dll”。
             在搜索路径位置“{RawFileName}”找到引用。
             此引用不是“CopyLocal”，因为至少有一个源项将“Private”设置为“false”，而没有源项将“Private”设置为“true”。
         主引用“System.Linq.Expressions, Version=10.0.0.0, Culture=neutral, PublicKeyToken=b03f5f7f11d50a3a”。
             解析的文件路径为“C:\Program Files\dotnet\packs\Microsoft.NETCore.App.Ref\10.0.5\ref\net10.0\System.Linq.Expressions.dll”。
             在搜索路径位置“{RawFileName}”找到引用。
             此引用不是“CopyLocal”，因为至少有一个源项将“Private”设置为“false”，而没有源项将“Private”设置为“true”。
         主引用“System.Linq.Parallel, Version=10.0.0.0, Culture=neutral, PublicKeyToken=b03f5f7f11d50a3a”。
             解析的文件路径为“C:\Program Files\dotnet\packs\Microsoft.NETCore.App.Ref\10.0.5\ref\net10.0\System.Linq.Parallel.dll”。
             在搜索路径位置“{RawFileName}”找到引用。
             此引用不是“CopyLocal”，因为至少有一个源项将“Private”设置为“false”，而没有源项将“Private”设置为“true”。
         主引用“System.Linq.Queryable, Version=10.0.0.0, Culture=neutral, PublicKeyToken=b03f5f7f11d50a3a”。
             解析的文件路径为“C:\Program Files\dotnet\packs\Microsoft.NETCore.App.Ref\10.0.5\ref\net10.0\System.Linq.Queryable.dll”。
             在搜索路径位置“{RawFileName}”找到引用。
             此引用不是“CopyLocal”，因为至少有一个源项将“Private”设置为“false”，而没有源项将“Private”设置为“true”。
         主引用“System.Linq, Version=10.0.0.0, Culture=neutral, PublicKeyToken=b03f5f7f11d50a3a”。
             解析的文件路径为“C:\Program Files\dotnet\packs\Microsoft.NETCore.App.Ref\10.0.5\ref\net10.0\System.Linq.dll”。
             在搜索路径位置“{RawFileName}”找到引用。
             此引用不是“CopyLocal”，因为至少有一个源项将“Private”设置为“false”，而没有源项将“Private”设置为“true”。
         主引用“System.Memory, Version=10.0.0.0, Culture=neutral, PublicKeyToken=cc7b13ffcd2ddd51”。
             解析的文件路径为“C:\Program Files\dotnet\packs\Microsoft.NETCore.App.Ref\10.0.5\ref\net10.0\System.Memory.dll”。
             在搜索路径位置“{RawFileName}”找到引用。
             此引用不是“CopyLocal”，因为至少有一个源项将“Private”设置为“false”，而没有源项将“Private”设置为“true”。
         主引用“System.Net.Http.Json, Version=10.0.0.0, Culture=neutral, PublicKeyToken=cc7b13ffcd2ddd51”。
             解析的文件路径为“C:\Program Files\dotnet\packs\Microsoft.NETCore.App.Ref\10.0.5\ref\net10.0\System.Net.Http.Json.dll”。
             在搜索路径位置“{RawFileName}”找到引用。
             此引用不是“CopyLocal”，因为至少有一个源项将“Private”设置为“false”，而没有源项将“Private”设置为“true”。
         主引用“System.Net.Http, Version=10.0.0.0, Culture=neutral, PublicKeyToken=b03f5f7f11d50a3a”。
             解析的文件路径为“C:\Program Files\dotnet\packs\Microsoft.NETCore.App.Ref\10.0.5\ref\net10.0\System.Net.Http.dll”。
             在搜索路径位置“{RawFileName}”找到引用。
             此引用不是“CopyLocal”，因为至少有一个源项将“Private”设置为“false”，而没有源项将“Private”设置为“true”。
         主引用“System.Net.HttpListener, Version=10.0.0.0, Culture=neutral, PublicKeyToken=cc7b13ffcd2ddd51”。
             解析的文件路径为“C:\Program Files\dotnet\packs\Microsoft.NETCore.App.Ref\10.0.5\ref\net10.0\System.Net.HttpListener.dll”。
             在搜索路径位置“{RawFileName}”找到引用。
             此引用不是“CopyLocal”，因为至少有一个源项将“Private”设置为“false”，而没有源项将“Private”设置为“true”。
         主引用“System.Net.Mail, Version=10.0.0.0, Culture=neutral, PublicKeyToken=cc7b13ffcd2ddd51”。
             解析的文件路径为“C:\Program Files\dotnet\packs\Microsoft.NETCore.App.Ref\10.0.5\ref\net10.0\System.Net.Mail.dll”。
             在搜索路径位置“{RawFileName}”找到引用。
             此引用不是“CopyLocal”，因为至少有一个源项将“Private”设置为“false”，而没有源项将“Private”设置为“true”。
         主引用“System.Net.NameResolution, Version=10.0.0.0, Culture=neutral, PublicKeyToken=b03f5f7f11d50a3a”。
             解析的文件路径为“C:\Program Files\dotnet\packs\Microsoft.NETCore.App.Ref\10.0.5\ref\net10.0\System.Net.NameResolution.dll”。
             在搜索路径位置“{RawFileName}”找到引用。
             此引用不是“CopyLocal”，因为至少有一个源项将“Private”设置为“false”，而没有源项将“Private”设置为“true”。
         主引用“System.Net.NetworkInformation, Version=10.0.0.0, Culture=neutral, PublicKeyToken=b03f5f7f11d50a3a”。
             解析的文件路径为“C:\Program Files\dotnet\packs\Microsoft.NETCore.App.Ref\10.0.5\ref\net10.0\System.Net.NetworkInformation.dll”。
             在搜索路径位置“{RawFileName}”找到引用。
             此引用不是“CopyLocal”，因为至少有一个源项将“Private”设置为“false”，而没有源项将“Private”设置为“true”。
         主引用“System.Net.Ping, Version=10.0.0.0, Culture=neutral, PublicKeyToken=b03f5f7f11d50a3a”。
             解析的文件路径为“C:\Program Files\dotnet\packs\Microsoft.NETCore.App.Ref\10.0.5\ref\net10.0\System.Net.Ping.dll”。
             在搜索路径位置“{RawFileName}”找到引用。
             此引用不是“CopyLocal”，因为至少有一个源项将“Private”设置为“false”，而没有源项将“Private”设置为“true”。
         主引用“System.Net.Primitives, Version=10.0.0.0, Culture=neutral, PublicKeyToken=b03f5f7f11d50a3a”。
             解析的文件路径为“C:\Program Files\dotnet\packs\Microsoft.NETCore.App.Ref\10.0.5\ref\net10.0\System.Net.Primitives.dll”。
             在搜索路径位置“{RawFileName}”找到引用。
             此引用不是“CopyLocal”，因为至少有一个源项将“Private”设置为“false”，而没有源项将“Private”设置为“true”。
         主引用“System.Net.Quic, Version=10.0.0.0, Culture=neutral, PublicKeyToken=b03f5f7f11d50a3a”。
             解析的文件路径为“C:\Program Files\dotnet\packs\Microsoft.NETCore.App.Ref\10.0.5\ref\net10.0\System.Net.Quic.dll”。
             在搜索路径位置“{RawFileName}”找到引用。
             此引用不是“CopyLocal”，因为至少有一个源项将“Private”设置为“false”，而没有源项将“Private”设置为“true”。
         主引用“System.Net.Requests, Version=10.0.0.0, Culture=neutral, PublicKeyToken=b03f5f7f11d50a3a”。
             解析的文件路径为“C:\Program Files\dotnet\packs\Microsoft.NETCore.App.Ref\10.0.5\ref\net10.0\System.Net.Requests.dll”。
             在搜索路径位置“{RawFileName}”找到引用。
             此引用不是“CopyLocal”，因为至少有一个源项将“Private”设置为“false”，而没有源项将“Private”设置为“true”。
         主引用“System.Net.Security, Version=10.0.0.0, Culture=neutral, PublicKeyToken=b03f5f7f11d50a3a”。
             解析的文件路径为“C:\Program Files\dotnet\packs\Microsoft.NETCore.App.Ref\10.0.5\ref\net10.0\System.Net.Security.dll”。
             在搜索路径位置“{RawFileName}”找到引用。
             此引用不是“CopyLocal”，因为至少有一个源项将“Private”设置为“false”，而没有源项将“Private”设置为“true”。
         主引用“System.Net.ServerSentEvents, Version=10.0.0.0, Culture=neutral, PublicKeyToken=cc7b13ffcd2ddd51”。
             解析的文件路径为“C:\Program Files\dotnet\packs\Microsoft.NETCore.App.Ref\10.0.5\ref\net10.0\System.Net.ServerSentEvents.dll”。
             在搜索路径位置“{RawFileName}”找到引用。
             此引用不是“CopyLocal”，因为至少有一个源项将“Private”设置为“false”，而没有源项将“Private”设置为“true”。
         主引用“System.Net.ServicePoint, Version=10.0.0.0, Culture=neutral, PublicKeyToken=cc7b13ffcd2ddd51”。
             解析的文件路径为“C:\Program Files\dotnet\packs\Microsoft.NETCore.App.Ref\10.0.5\ref\net10.0\System.Net.ServicePoint.dll”。
             在搜索路径位置“{RawFileName}”找到引用。
             此引用不是“CopyLocal”，因为至少有一个源项将“Private”设置为“false”，而没有源项将“Private”设置为“true”。
         主引用“System.Net.Sockets, Version=10.0.0.0, Culture=neutral, PublicKeyToken=b03f5f7f11d50a3a”。
             解析的文件路径为“C:\Program Files\dotnet\packs\Microsoft.NETCore.App.Ref\10.0.5\ref\net10.0\System.Net.Sockets.dll”。
             在搜索路径位置“{RawFileName}”找到引用。
             此引用不是“CopyLocal”，因为至少有一个源项将“Private”设置为“false”，而没有源项将“Private”设置为“true”。
         主引用“System.Net.WebClient, Version=10.0.0.0, Culture=neutral, PublicKeyToken=cc7b13ffcd2ddd51”。
             解析的文件路径为“C:\Program Files\dotnet\packs\Microsoft.NETCore.App.Ref\10.0.5\ref\net10.0\System.Net.WebClient.dll”。
             在搜索路径位置“{RawFileName}”找到引用。
             此引用不是“CopyLocal”，因为至少有一个源项将“Private”设置为“false”，而没有源项将“Private”设置为“true”。
         主引用“System.Net.WebHeaderCollection, Version=10.0.0.0, Culture=neutral, PublicKeyToken=b03f5f7f11d50a3a”。
             解析的文件路径为“C:\Program Files\dotnet\packs\Microsoft.NETCore.App.Ref\10.0.5\ref\net10.0\System.Net.WebHeaderCollection.dll”。
             在搜索路径位置“{RawFileName}”找到引用。
             此引用不是“CopyLocal”，因为至少有一个源项将“Private”设置为“false”，而没有源项将“Private”设置为“true”。
         主引用“System.Net.WebProxy, Version=10.0.0.0, Culture=neutral, PublicKeyToken=cc7b13ffcd2ddd51”。
             解析的文件路径为“C:\Program Files\dotnet\packs\Microsoft.NETCore.App.Ref\10.0.5\ref\net10.0\System.Net.WebProxy.dll”。
             在搜索路径位置“{RawFileName}”找到引用。
             此引用不是“CopyLocal”，因为至少有一个源项将“Private”设置为“false”，而没有源项将“Private”设置为“true”。
         主引用“System.Net.WebSockets.Client, Version=10.0.0.0, Culture=neutral, PublicKeyToken=b03f5f7f11d50a3a”。
             解析的文件路径为“C:\Program Files\dotnet\packs\Microsoft.NETCore.App.Ref\10.0.5\ref\net10.0\System.Net.WebSockets.Client.dll”。
             在搜索路径位置“{RawFileName}”找到引用。
             此引用不是“CopyLocal”，因为至少有一个源项将“Private”设置为“false”，而没有源项将“Private”设置为“true”。
         主引用“System.Net.WebSockets, Version=10.0.0.0, Culture=neutral, PublicKeyToken=b03f5f7f11d50a3a”。
             解析的文件路径为“C:\Program Files\dotnet\packs\Microsoft.NETCore.App.Ref\10.0.5\ref\net10.0\System.Net.WebSockets.dll”。
             在搜索路径位置“{RawFileName}”找到引用。
             此引用不是“CopyLocal”，因为至少有一个源项将“Private”设置为“false”，而没有源项将“Private”设置为“true”。
         主引用“System.Net, Version=4.0.0.0, Culture=neutral, PublicKeyToken=b03f5f7f11d50a3a”。
             解析的文件路径为“C:\Program Files\dotnet\packs\Microsoft.NETCore.App.Ref\10.0.5\ref\net10.0\System.Net.dll”。
             在搜索路径位置“{RawFileName}”找到引用。
             此引用不是“CopyLocal”，因为至少有一个源项将“Private”设置为“false”，而没有源项将“Private”设置为“true”。
         主引用“System.Numerics.Vectors, Version=10.0.0.0, Culture=neutral, PublicKeyToken=b03f5f7f11d50a3a”。
             解析的文件路径为“C:\Program Files\dotnet\packs\Microsoft.NETCore.App.Ref\10.0.5\ref\net10.0\System.Numerics.Vectors.dll”。
             在搜索路径位置“{RawFileName}”找到引用。
             此引用不是“CopyLocal”，因为至少有一个源项将“Private”设置为“false”，而没有源项将“Private”设置为“true”。
         主引用“System.Numerics, Version=4.0.0.0, Culture=neutral, PublicKeyToken=b77a5c561934e089”。
             解析的文件路径为“C:\Program Files\dotnet\packs\Microsoft.NETCore.App.Ref\10.0.5\ref\net10.0\System.Numerics.dll”。
             在搜索路径位置“{RawFileName}”找到引用。
             此引用不是“CopyLocal”，因为至少有一个源项将“Private”设置为“false”，而没有源项将“Private”设置为“true”。
         主引用“System.ObjectModel, Version=10.0.0.0, Culture=neutral, PublicKeyToken=b03f5f7f11d50a3a”。
             解析的文件路径为“C:\Program Files\dotnet\packs\Microsoft.NETCore.App.Ref\10.0.5\ref\net10.0\System.ObjectModel.dll”。
             在搜索路径位置“{RawFileName}”找到引用。
             此引用不是“CopyLocal”，因为至少有一个源项将“Private”设置为“false”，而没有源项将“Private”设置为“true”。
         主引用“System.Reflection.DispatchProxy, Version=10.0.0.0, Culture=neutral, PublicKeyToken=b03f5f7f11d50a3a”。
             解析的文件路径为“C:\Program Files\dotnet\packs\Microsoft.NETCore.App.Ref\10.0.5\ref\net10.0\System.Reflection.DispatchProxy.dll”。
             在搜索路径位置“{RawFileName}”找到引用。
             此引用不是“CopyLocal”，因为至少有一个源项将“Private”设置为“false”，而没有源项将“Private”设置为“true”。
         主引用“System.Reflection.Emit.ILGeneration, Version=10.0.0.0, Culture=neutral, PublicKeyToken=b03f5f7f11d50a3a”。
             解析的文件路径为“C:\Program Files\dotnet\packs\Microsoft.NETCore.App.Ref\10.0.5\ref\net10.0\System.Reflection.Emit.ILGeneration.dll”。
             在搜索路径位置“{RawFileName}”找到引用。
             此引用不是“CopyLocal”，因为至少有一个源项将“Private”设置为“false”，而没有源项将“Private”设置为“true”。
         主引用“System.Reflection.Emit.Lightweight, Version=10.0.0.0, Culture=neutral, PublicKeyToken=b03f5f7f11d50a3a”。
             解析的文件路径为“C:\Program Files\dotnet\packs\Microsoft.NETCore.App.Ref\10.0.5\ref\net10.0\System.Reflection.Emit.Lightweight.dll”。
             在搜索路径位置“{RawFileName}”找到引用。
             此引用不是“CopyLocal”，因为至少有一个源项将“Private”设置为“false”，而没有源项将“Private”设置为“true”。
         主引用“System.Reflection.Emit, Version=10.0.0.0, Culture=neutral, PublicKeyToken=b03f5f7f11d50a3a”。
             解析的文件路径为“C:\Program Files\dotnet\packs\Microsoft.NETCore.App.Ref\10.0.5\ref\net10.0\System.Reflection.Emit.dll”。
             在搜索路径位置“{RawFileName}”找到引用。
             此引用不是“CopyLocal”，因为至少有一个源项将“Private”设置为“false”，而没有源项将“Private”设置为“true”。
         主引用“System.Reflection.Extensions, Version=10.0.0.0, Culture=neutral, PublicKeyToken=b03f5f7f11d50a3a”。
             解析的文件路径为“C:\Program Files\dotnet\packs\Microsoft.NETCore.App.Ref\10.0.5\ref\net10.0\System.Reflection.Extensions.dll”。
             在搜索路径位置“{RawFileName}”找到引用。
             此引用不是“CopyLocal”，因为至少有一个源项将“Private”设置为“false”，而没有源项将“Private”设置为“true”。
         主引用“System.Reflection.Metadata, Version=10.0.0.0, Culture=neutral, PublicKeyToken=b03f5f7f11d50a3a”。
             解析的文件路径为“C:\Program Files\dotnet\packs\Microsoft.NETCore.App.Ref\10.0.5\ref\net10.0\System.Reflection.Metadata.dll”。
             在搜索路径位置“{RawFileName}”找到引用。
             此引用不是“CopyLocal”，因为至少有一个源项将“Private”设置为“false”，而没有源项将“Private”设置为“true”。
         主引用“System.Reflection.Primitives, Version=10.0.0.0, Culture=neutral, PublicKeyToken=b03f5f7f11d50a3a”。
             解析的文件路径为“C:\Program Files\dotnet\packs\Microsoft.NETCore.App.Ref\10.0.5\ref\net10.0\System.Reflection.Primitives.dll”。
             在搜索路径位置“{RawFileName}”找到引用。
             此引用不是“CopyLocal”，因为至少有一个源项将“Private”设置为“false”，而没有源项将“Private”设置为“true”。
         主引用“System.Reflection.TypeExtensions, Version=10.0.0.0, Culture=neutral, PublicKeyToken=b03f5f7f11d50a3a”。
             解析的文件路径为“C:\Program Files\dotnet\packs\Microsoft.NETCore.App.Ref\10.0.5\ref\net10.0\System.Reflection.TypeExtensions.dll”。
             在搜索路径位置“{RawFileName}”找到引用。
             此引用不是“CopyLocal”，因为至少有一个源项将“Private”设置为“false”，而没有源项将“Private”设置为“true”。
         主引用“System.Reflection, Version=10.0.0.0, Culture=neutral, PublicKeyToken=b03f5f7f11d50a3a”。
             解析的文件路径为“C:\Program Files\dotnet\packs\Microsoft.NETCore.App.Ref\10.0.5\ref\net10.0\System.Reflection.dll”。
             在搜索路径位置“{RawFileName}”找到引用。
             此引用不是“CopyLocal”，因为至少有一个源项将“Private”设置为“false”，而没有源项将“Private”设置为“true”。
         主引用“System.Resources.Reader, Version=10.0.0.0, Culture=neutral, PublicKeyToken=b03f5f7f11d50a3a”。
             解析的文件路径为“C:\Program Files\dotnet\packs\Microsoft.NETCore.App.Ref\10.0.5\ref\net10.0\System.Resources.Reader.dll”。
             在搜索路径位置“{RawFileName}”找到引用。
             此引用不是“CopyLocal”，因为至少有一个源项将“Private”设置为“false”，而没有源项将“Private”设置为“true”。
         主引用“System.Resources.ResourceManager, Version=10.0.0.0, Culture=neutral, PublicKeyToken=b03f5f7f11d50a3a”。
             解析的文件路径为“C:\Program Files\dotnet\packs\Microsoft.NETCore.App.Ref\10.0.5\ref\net10.0\System.Resources.ResourceManager.dll”。
             在搜索路径位置“{RawFileName}”找到引用。
             此引用不是“CopyLocal”，因为至少有一个源项将“Private”设置为“false”，而没有源项将“Private”设置为“true”。
         主引用“System.Resources.Writer, Version=10.0.0.0, Culture=neutral, PublicKeyToken=b03f5f7f11d50a3a”。
             解析的文件路径为“C:\Program Files\dotnet\packs\Microsoft.NETCore.App.Ref\10.0.5\ref\net10.0\System.Resources.Writer.dll”。
             在搜索路径位置“{RawFileName}”找到引用。
             此引用不是“CopyLocal”，因为至少有一个源项将“Private”设置为“false”，而没有源项将“Private”设置为“true”。
         主引用“System.Runtime.CompilerServices.Unsafe, Version=10.0.0.0, Culture=neutral, PublicKeyToken=b03f5f7f11d50a3a”。
             解析的文件路径为“C:\Program Files\dotnet\packs\Microsoft.NETCore.App.Ref\10.0.5\ref\net10.0\System.Runtime.CompilerServices.Unsafe.dll”。
             在搜索路径位置“{RawFileName}”找到引用。
             此引用不是“CopyLocal”，因为至少有一个源项将“Private”设置为“false”，而没有源项将“Private”设置为“true”。
         主引用“System.Runtime.CompilerServices.VisualC, Version=10.0.0.0, Culture=neutral, PublicKeyToken=b03f5f7f11d50a3a”。
             解析的文件路径为“C:\Program Files\dotnet\packs\Microsoft.NETCore.App.Ref\10.0.5\ref\net10.0\System.Runtime.CompilerServices.VisualC.dll”。
             在搜索路径位置“{RawFileName}”找到引用。
             此引用不是“CopyLocal”，因为至少有一个源项将“Private”设置为“false”，而没有源项将“Private”设置为“true”。
         主引用“System.Runtime.Extensions, Version=10.0.0.0, Culture=neutral, PublicKeyToken=b03f5f7f11d50a3a”。
             解析的文件路径为“C:\Program Files\dotnet\packs\Microsoft.NETCore.App.Ref\10.0.5\ref\net10.0\System.Runtime.Extensions.dll”。
             在搜索路径位置“{RawFileName}”找到引用。
             此引用不是“CopyLocal”，因为至少有一个源项将“Private”设置为“false”，而没有源项将“Private”设置为“true”。
         主引用“System.Runtime.Handles, Version=10.0.0.0, Culture=neutral, PublicKeyToken=b03f5f7f11d50a3a”。
             解析的文件路径为“C:\Program Files\dotnet\packs\Microsoft.NETCore.App.Ref\10.0.5\ref\net10.0\System.Runtime.Handles.dll”。
             在搜索路径位置“{RawFileName}”找到引用。
             此引用不是“CopyLocal”，因为至少有一个源项将“Private”设置为“false”，而没有源项将“Private”设置为“true”。
         主引用“System.Runtime.InteropServices.JavaScript, Version=10.0.0.0, Culture=neutral, PublicKeyToken=b03f5f7f11d50a3a”。
             解析的文件路径为“C:\Program Files\dotnet\packs\Microsoft.NETCore.App.Ref\10.0.5\ref\net10.0\System.Runtime.InteropServices.JavaScript.dll”。
             在搜索路径位置“{RawFileName}”找到引用。
             此引用不是“CopyLocal”，因为至少有一个源项将“Private”设置为“false”，而没有源项将“Private”设置为“true”。
         主引用“System.Runtime.InteropServices.RuntimeInformation, Version=10.0.0.0, Culture=neutral, PublicKeyToken=b03f5f7f11d50a3a”。
             解析的文件路径为“C:\Program Files\dotnet\packs\Microsoft.NETCore.App.Ref\10.0.5\ref\net10.0\System.Runtime.InteropServices.RuntimeInformation.dll”。
             在搜索路径位置“{RawFileName}”找到引用。
             此引用不是“CopyLocal”，因为至少有一个源项将“Private”设置为“false”，而没有源项将“Private”设置为“true”。
         主引用“System.Runtime.InteropServices, Version=10.0.0.0, Culture=neutral, PublicKeyToken=b03f5f7f11d50a3a”。
             解析的文件路径为“C:\Program Files\dotnet\packs\Microsoft.NETCore.App.Ref\10.0.5\ref\net10.0\System.Runtime.InteropServices.dll”。
             在搜索路径位置“{RawFileName}”找到引用。
             此引用不是“CopyLocal”，因为至少有一个源项将“Private”设置为“false”，而没有源项将“Private”设置为“true”。
         主引用“System.Runtime.Intrinsics, Version=10.0.0.0, Culture=neutral, PublicKeyToken=cc7b13ffcd2ddd51”。
             解析的文件路径为“C:\Program Files\dotnet\packs\Microsoft.NETCore.App.Ref\10.0.5\ref\net10.0\System.Runtime.Intrinsics.dll”。
             在搜索路径位置“{RawFileName}”找到引用。
             此引用不是“CopyLocal”，因为至少有一个源项将“Private”设置为“false”，而没有源项将“Private”设置为“true”。
         主引用“System.Runtime.Loader, Version=10.0.0.0, Culture=neutral, PublicKeyToken=b03f5f7f11d50a3a”。
             解析的文件路径为“C:\Program Files\dotnet\packs\Microsoft.NETCore.App.Ref\10.0.5\ref\net10.0\System.Runtime.Loader.dll”。
             在搜索路径位置“{RawFileName}”找到引用。
             此引用不是“CopyLocal”，因为至少有一个源项将“Private”设置为“false”，而没有源项将“Private”设置为“true”。
         主引用“System.Runtime.Numerics, Version=10.0.0.0, Culture=neutral, PublicKeyToken=b03f5f7f11d50a3a”。
             解析的文件路径为“C:\Program Files\dotnet\packs\Microsoft.NETCore.App.Ref\10.0.5\ref\net10.0\System.Runtime.Numerics.dll”。
             在搜索路径位置“{RawFileName}”找到引用。
             此引用不是“CopyLocal”，因为至少有一个源项将“Private”设置为“false”，而没有源项将“Private”设置为“true”。
         主引用“System.Runtime.Serialization.Formatters, Version=8.1.0.0, Culture=neutral, PublicKeyToken=b03f5f7f11d50a3a”。
             解析的文件路径为“C:\Program Files\dotnet\packs\Microsoft.NETCore.App.Ref\10.0.5\ref\net10.0\System.Runtime.Serialization.Formatters.dll”。
             在搜索路径位置“{RawFileName}”找到引用。
             此引用不是“CopyLocal”，因为至少有一个源项将“Private”设置为“false”，而没有源项将“Private”设置为“true”。
         主引用“System.Runtime.Serialization.Json, Version=10.0.0.0, Culture=neutral, PublicKeyToken=b03f5f7f11d50a3a”。
             解析的文件路径为“C:\Program Files\dotnet\packs\Microsoft.NETCore.App.Ref\10.0.5\ref\net10.0\System.Runtime.Serialization.Json.dll”。
             在搜索路径位置“{RawFileName}”找到引用。
             此引用不是“CopyLocal”，因为至少有一个源项将“Private”设置为“false”，而没有源项将“Private”设置为“true”。
         主引用“System.Runtime.Serialization.Primitives, Version=10.0.0.0, Culture=neutral, PublicKeyToken=b03f5f7f11d50a3a”。
             解析的文件路径为“C:\Program Files\dotnet\packs\Microsoft.NETCore.App.Ref\10.0.5\ref\net10.0\System.Runtime.Serialization.Primitives.dll”。
             在搜索路径位置“{RawFileName}”找到引用。
             此引用不是“CopyLocal”，因为至少有一个源项将“Private”设置为“false”，而没有源项将“Private”设置为“true”。
         主引用“System.Runtime.Serialization.Xml, Version=10.0.0.0, Culture=neutral, PublicKeyToken=b03f5f7f11d50a3a”。
             解析的文件路径为“C:\Program Files\dotnet\packs\Microsoft.NETCore.App.Ref\10.0.5\ref\net10.0\System.Runtime.Serialization.Xml.dll”。
             在搜索路径位置“{RawFileName}”找到引用。
             此引用不是“CopyLocal”，因为至少有一个源项将“Private”设置为“false”，而没有源项将“Private”设置为“true”。
         主引用“System.Runtime.Serialization, Version=4.0.0.0, Culture=neutral, PublicKeyToken=b77a5c561934e089”。
             解析的文件路径为“C:\Program Files\dotnet\packs\Microsoft.NETCore.App.Ref\10.0.5\ref\net10.0\System.Runtime.Serialization.dll”。
             在搜索路径位置“{RawFileName}”找到引用。
             此引用不是“CopyLocal”，因为至少有一个源项将“Private”设置为“false”，而没有源项将“Private”设置为“true”。
         主引用“System.Runtime, Version=10.0.0.0, Culture=neutral, PublicKeyToken=b03f5f7f11d50a3a”。
             解析的文件路径为“C:\Program Files\dotnet\packs\Microsoft.NETCore.App.Ref\10.0.5\ref\net10.0\System.Runtime.dll”。
             在搜索路径位置“{RawFileName}”找到引用。
             此引用不是“CopyLocal”，因为至少有一个源项将“Private”设置为“false”，而没有源项将“Private”设置为“true”。
         主引用“System.Security.AccessControl, Version=10.0.0.0, Culture=neutral, PublicKeyToken=b03f5f7f11d50a3a”。
             解析的文件路径为“C:\Program Files\dotnet\packs\Microsoft.NETCore.App.Ref\10.0.5\ref\net10.0\System.Security.AccessControl.dll”。
             在搜索路径位置“{RawFileName}”找到引用。
             此引用不是“CopyLocal”，因为至少有一个源项将“Private”设置为“false”，而没有源项将“Private”设置为“true”。
         主引用“System.Security.Claims, Version=10.0.0.0, Culture=neutral, PublicKeyToken=b03f5f7f11d50a3a”。
             解析的文件路径为“C:\Program Files\dotnet\packs\Microsoft.NETCore.App.Ref\10.0.5\ref\net10.0\System.Security.Claims.dll”。
             在搜索路径位置“{RawFileName}”找到引用。
             此引用不是“CopyLocal”，因为至少有一个源项将“Private”设置为“false”，而没有源项将“Private”设置为“true”。
         主引用“System.Security.Cryptography.Algorithms, Version=10.0.0.0, Culture=neutral, PublicKeyToken=b03f5f7f11d50a3a”。
             解析的文件路径为“C:\Program Files\dotnet\packs\Microsoft.NETCore.App.Ref\10.0.5\ref\net10.0\System.Security.Cryptography.Algorithms.dll”。
             在搜索路径位置“{RawFileName}”找到引用。
             此引用不是“CopyLocal”，因为至少有一个源项将“Private”设置为“false”，而没有源项将“Private”设置为“true”。
         主引用“System.Security.Cryptography.Cng, Version=10.0.0.0, Culture=neutral, PublicKeyToken=b03f5f7f11d50a3a”。
             解析的文件路径为“C:\Program Files\dotnet\packs\Microsoft.NETCore.App.Ref\10.0.5\ref\net10.0\System.Security.Cryptography.Cng.dll”。
             在搜索路径位置“{RawFileName}”找到引用。
             此引用不是“CopyLocal”，因为至少有一个源项将“Private”设置为“false”，而没有源项将“Private”设置为“true”。
         主引用“System.Security.Cryptography.Csp, Version=10.0.0.0, Culture=neutral, PublicKeyToken=b03f5f7f11d50a3a”。
             解析的文件路径为“C:\Program Files\dotnet\packs\Microsoft.NETCore.App.Ref\10.0.5\ref\net10.0\System.Security.Cryptography.Csp.dll”。
             在搜索路径位置“{RawFileName}”找到引用。
             此引用不是“CopyLocal”，因为至少有一个源项将“Private”设置为“false”，而没有源项将“Private”设置为“true”。
         主引用“System.Security.Cryptography.Encoding, Version=10.0.0.0, Culture=neutral, PublicKeyToken=b03f5f7f11d50a3a”。
             解析的文件路径为“C:\Program Files\dotnet\packs\Microsoft.NETCore.App.Ref\10.0.5\ref\net10.0\System.Security.Cryptography.Encoding.dll”。
             在搜索路径位置“{RawFileName}”找到引用。
             此引用不是“CopyLocal”，因为至少有一个源项将“Private”设置为“false”，而没有源项将“Private”设置为“true”。
         主引用“System.Security.Cryptography.OpenSsl, Version=10.0.0.0, Culture=neutral, PublicKeyToken=b03f5f7f11d50a3a”。
             解析的文件路径为“C:\Program Files\dotnet\packs\Microsoft.NETCore.App.Ref\10.0.5\ref\net10.0\System.Security.Cryptography.OpenSsl.dll”。
             在搜索路径位置“{RawFileName}”找到引用。
             此引用不是“CopyLocal”，因为至少有一个源项将“Private”设置为“false”，而没有源项将“Private”设置为“true”。
         主引用“System.Security.Cryptography.Primitives, Version=10.0.0.0, Culture=neutral, PublicKeyToken=b03f5f7f11d50a3a”。
             解析的文件路径为“C:\Program Files\dotnet\packs\Microsoft.NETCore.App.Ref\10.0.5\ref\net10.0\System.Security.Cryptography.Primitives.dll”。
             在搜索路径位置“{RawFileName}”找到引用。
             此引用不是“CopyLocal”，因为至少有一个源项将“Private”设置为“false”，而没有源项将“Private”设置为“true”。
         主引用“System.Security.Cryptography.X509Certificates, Version=10.0.0.0, Culture=neutral, PublicKeyToken=b03f5f7f11d50a3a”。
             解析的文件路径为“C:\Program Files\dotnet\packs\Microsoft.NETCore.App.Ref\10.0.5\ref\net10.0\System.Security.Cryptography.X509Certificates.dll”。
             在搜索路径位置“{RawFileName}”找到引用。
             此引用不是“CopyLocal”，因为至少有一个源项将“Private”设置为“false”，而没有源项将“Private”设置为“true”。
         主引用“System.Security.Cryptography, Version=10.0.0.0, Culture=neutral, PublicKeyToken=b03f5f7f11d50a3a”。
             解析的文件路径为“C:\Program Files\dotnet\packs\Microsoft.NETCore.App.Ref\10.0.5\ref\net10.0\System.Security.Cryptography.dll”。
             在搜索路径位置“{RawFileName}”找到引用。
             此引用不是“CopyLocal”，因为至少有一个源项将“Private”设置为“false”，而没有源项将“Private”设置为“true”。
         主引用“System.Security.Principal.Windows, Version=10.0.0.0, Culture=neutral, PublicKeyToken=b03f5f7f11d50a3a”。
             解析的文件路径为“C:\Program Files\dotnet\packs\Microsoft.NETCore.App.Ref\10.0.5\ref\net10.0\System.Security.Principal.Windows.dll”。
             在搜索路径位置“{RawFileName}”找到引用。
             此引用不是“CopyLocal”，因为至少有一个源项将“Private”设置为“false”，而没有源项将“Private”设置为“true”。
         主引用“System.Security.Principal, Version=10.0.0.0, Culture=neutral, PublicKeyToken=b03f5f7f11d50a3a”。
             解析的文件路径为“C:\Program Files\dotnet\packs\Microsoft.NETCore.App.Ref\10.0.5\ref\net10.0\System.Security.Principal.dll”。
             在搜索路径位置“{RawFileName}”找到引用。
             此引用不是“CopyLocal”，因为至少有一个源项将“Private”设置为“false”，而没有源项将“Private”设置为“true”。
         主引用“System.Security.SecureString, Version=10.0.0.0, Culture=neutral, PublicKeyToken=b03f5f7f11d50a3a”。
             解析的文件路径为“C:\Program Files\dotnet\packs\Microsoft.NETCore.App.Ref\10.0.5\ref\net10.0\System.Security.SecureString.dll”。
             在搜索路径位置“{RawFileName}”找到引用。
             此引用不是“CopyLocal”，因为至少有一个源项将“Private”设置为“false”，而没有源项将“Private”设置为“true”。
         主引用“System.Security, Version=4.0.0.0, Culture=neutral, PublicKeyToken=b03f5f7f11d50a3a”。
             解析的文件路径为“C:\Program Files\dotnet\packs\Microsoft.NETCore.App.Ref\10.0.5\ref\net10.0\System.Security.dll”。
             在搜索路径位置“{RawFileName}”找到引用。
             此引用不是“CopyLocal”，因为至少有一个源项将“Private”设置为“false”，而没有源项将“Private”设置为“true”。
         主引用“System.ServiceModel.Web, Version=4.0.0.0, Culture=neutral, PublicKeyToken=31bf3856ad364e35”。
             解析的文件路径为“C:\Program Files\dotnet\packs\Microsoft.NETCore.App.Ref\10.0.5\ref\net10.0\System.ServiceModel.Web.dll”。
             在搜索路径位置“{RawFileName}”找到引用。
             此引用不是“CopyLocal”，因为至少有一个源项将“Private”设置为“false”，而没有源项将“Private”设置为“true”。
         主引用“System.ServiceProcess, Version=4.0.0.0, Culture=neutral, PublicKeyToken=b03f5f7f11d50a3a”。
             解析的文件路径为“C:\Program Files\dotnet\packs\Microsoft.NETCore.App.Ref\10.0.5\ref\net10.0\System.ServiceProcess.dll”。
             在搜索路径位置“{RawFileName}”找到引用。
             此引用不是“CopyLocal”，因为至少有一个源项将“Private”设置为“false”，而没有源项将“Private”设置为“true”。
         主引用“System.Text.Encoding.CodePages, Version=10.0.0.0, Culture=neutral, PublicKeyToken=b03f5f7f11d50a3a”。
             解析的文件路径为“C:\Program Files\dotnet\packs\Microsoft.NETCore.App.Ref\10.0.5\ref\net10.0\System.Text.Encoding.CodePages.dll”。
             在搜索路径位置“{RawFileName}”找到引用。
             此引用不是“CopyLocal”，因为至少有一个源项将“Private”设置为“false”，而没有源项将“Private”设置为“true”。
         主引用“System.Text.Encoding.Extensions, Version=10.0.0.0, Culture=neutral, PublicKeyToken=b03f5f7f11d50a3a”。
             解析的文件路径为“C:\Program Files\dotnet\packs\Microsoft.NETCore.App.Ref\10.0.5\ref\net10.0\System.Text.Encoding.Extensions.dll”。
             在搜索路径位置“{RawFileName}”找到引用。
             此引用不是“CopyLocal”，因为至少有一个源项将“Private”设置为“false”，而没有源项将“Private”设置为“true”。
         主引用“System.Text.Encoding, Version=10.0.0.0, Culture=neutral, PublicKeyToken=b03f5f7f11d50a3a”。
             解析的文件路径为“C:\Program Files\dotnet\packs\Microsoft.NETCore.App.Ref\10.0.5\ref\net10.0\System.Text.Encoding.dll”。
             在搜索路径位置“{RawFileName}”找到引用。
             此引用不是“CopyLocal”，因为至少有一个源项将“Private”设置为“false”，而没有源项将“Private”设置为“true”。
         主引用“System.Text.Encodings.Web, Version=10.0.0.0, Culture=neutral, PublicKeyToken=cc7b13ffcd2ddd51”。
             解析的文件路径为“C:\Program Files\dotnet\packs\Microsoft.NETCore.App.Ref\10.0.5\ref\net10.0\System.Text.Encodings.Web.dll”。
             在搜索路径位置“{RawFileName}”找到引用。
             此引用不是“CopyLocal”，因为至少有一个源项将“Private”设置为“false”，而没有源项将“Private”设置为“true”。
         主引用“System.Text.Json, Version=10.0.0.0, Culture=neutral, PublicKeyToken=cc7b13ffcd2ddd51”。
             解析的文件路径为“C:\Program Files\dotnet\packs\Microsoft.NETCore.App.Ref\10.0.5\ref\net10.0\System.Text.Json.dll”。
             在搜索路径位置“{RawFileName}”找到引用。
             此引用不是“CopyLocal”，因为至少有一个源项将“Private”设置为“false”，而没有源项将“Private”设置为“true”。
         主引用“System.Text.RegularExpressions, Version=10.0.0.0, Culture=neutral, PublicKeyToken=b03f5f7f11d50a3a”。
             解析的文件路径为“C:\Program Files\dotnet\packs\Microsoft.NETCore.App.Ref\10.0.5\ref\net10.0\System.Text.RegularExpressions.dll”。
             在搜索路径位置“{RawFileName}”找到引用。
             此引用不是“CopyLocal”，因为至少有一个源项将“Private”设置为“false”，而没有源项将“Private”设置为“true”。
         主引用“System.Threading.AccessControl, Version=10.0.0.0, Culture=neutral, PublicKeyToken=b03f5f7f11d50a3a”。
             解析的文件路径为“C:\Program Files\dotnet\packs\Microsoft.NETCore.App.Ref\10.0.5\ref\net10.0\System.Threading.AccessControl.dll”。
             在搜索路径位置“{RawFileName}”找到引用。
             此引用不是“CopyLocal”，因为至少有一个源项将“Private”设置为“false”，而没有源项将“Private”设置为“true”。
         主引用“System.Threading.Channels, Version=10.0.0.0, Culture=neutral, PublicKeyToken=cc7b13ffcd2ddd51”。
             解析的文件路径为“C:\Program Files\dotnet\packs\Microsoft.NETCore.App.Ref\10.0.5\ref\net10.0\System.Threading.Channels.dll”。
             在搜索路径位置“{RawFileName}”找到引用。
             此引用不是“CopyLocal”，因为至少有一个源项将“Private”设置为“false”，而没有源项将“Private”设置为“true”。
         主引用“System.Threading.Overlapped, Version=10.0.0.0, Culture=neutral, PublicKeyToken=b03f5f7f11d50a3a”。
             解析的文件路径为“C:\Program Files\dotnet\packs\Microsoft.NETCore.App.Ref\10.0.5\ref\net10.0\System.Threading.Overlapped.dll”。
             在搜索路径位置“{RawFileName}”找到引用。
             此引用不是“CopyLocal”，因为至少有一个源项将“Private”设置为“false”，而没有源项将“Private”设置为“true”。
         主引用“System.Threading.Tasks.Dataflow, Version=10.0.0.0, Culture=neutral, PublicKeyToken=b03f5f7f11d50a3a”。
             解析的文件路径为“C:\Program Files\dotnet\packs\Microsoft.NETCore.App.Ref\10.0.5\ref\net10.0\System.Threading.Tasks.Dataflow.dll”。
             在搜索路径位置“{RawFileName}”找到引用。
             此引用不是“CopyLocal”，因为至少有一个源项将“Private”设置为“false”，而没有源项将“Private”设置为“true”。
         主引用“System.Threading.Tasks.Extensions, Version=10.0.0.0, Culture=neutral, PublicKeyToken=cc7b13ffcd2ddd51”。
             解析的文件路径为“C:\Program Files\dotnet\packs\Microsoft.NETCore.App.Ref\10.0.5\ref\net10.0\System.Threading.Tasks.Extensions.dll”。
             在搜索路径位置“{RawFileName}”找到引用。
             此引用不是“CopyLocal”，因为至少有一个源项将“Private”设置为“false”，而没有源项将“Private”设置为“true”。
         主引用“System.Threading.Tasks.Parallel, Version=10.0.0.0, Culture=neutral, PublicKeyToken=b03f5f7f11d50a3a”。
             解析的文件路径为“C:\Program Files\dotnet\packs\Microsoft.NETCore.App.Ref\10.0.5\ref\net10.0\System.Threading.Tasks.Parallel.dll”。
             在搜索路径位置“{RawFileName}”找到引用。
             此引用不是“CopyLocal”，因为至少有一个源项将“Private”设置为“false”，而没有源项将“Private”设置为“true”。
         主引用“System.Threading.Tasks, Version=10.0.0.0, Culture=neutral, PublicKeyToken=b03f5f7f11d50a3a”。
             解析的文件路径为“C:\Program Files\dotnet\packs\Microsoft.NETCore.App.Ref\10.0.5\ref\net10.0\System.Threading.Tasks.dll”。
             在搜索路径位置“{RawFileName}”找到引用。
             此引用不是“CopyLocal”，因为至少有一个源项将“Private”设置为“false”，而没有源项将“Private”设置为“true”。
         主引用“System.Threading.Thread, Version=10.0.0.0, Culture=neutral, PublicKeyToken=b03f5f7f11d50a3a”。
             解析的文件路径为“C:\Program Files\dotnet\packs\Microsoft.NETCore.App.Ref\10.0.5\ref\net10.0\System.Threading.Thread.dll”。
             在搜索路径位置“{RawFileName}”找到引用。
             此引用不是“CopyLocal”，因为至少有一个源项将“Private”设置为“false”，而没有源项将“Private”设置为“true”。
         主引用“System.Threading.ThreadPool, Version=10.0.0.0, Culture=neutral, PublicKeyToken=b03f5f7f11d50a3a”。
             解析的文件路径为“C:\Program Files\dotnet\packs\Microsoft.NETCore.App.Ref\10.0.5\ref\net10.0\System.Threading.ThreadPool.dll”。
             在搜索路径位置“{RawFileName}”找到引用。
             此引用不是“CopyLocal”，因为至少有一个源项将“Private”设置为“false”，而没有源项将“Private”设置为“true”。
         主引用“System.Threading.Timer, Version=10.0.0.0, Culture=neutral, PublicKeyToken=b03f5f7f11d50a3a”。
             解析的文件路径为“C:\Program Files\dotnet\packs\Microsoft.NETCore.App.Ref\10.0.5\ref\net10.0\System.Threading.Timer.dll”。
             在搜索路径位置“{RawFileName}”找到引用。
             此引用不是“CopyLocal”，因为至少有一个源项将“Private”设置为“false”，而没有源项将“Private”设置为“true”。
         主引用“System.Threading, Version=10.0.0.0, Culture=neutral, PublicKeyToken=b03f5f7f11d50a3a”。
             解析的文件路径为“C:\Program Files\dotnet\packs\Microsoft.NETCore.App.Ref\10.0.5\ref\net10.0\System.Threading.dll”。
             在搜索路径位置“{RawFileName}”找到引用。
             此引用不是“CopyLocal”，因为至少有一个源项将“Private”设置为“false”，而没有源项将“Private”设置为“true”。
         主引用“System.Transactions.Local, Version=10.0.0.0, Culture=neutral, PublicKeyToken=cc7b13ffcd2ddd51”。
             解析的文件路径为“C:\Program Files\dotnet\packs\Microsoft.NETCore.App.Ref\10.0.5\ref\net10.0\System.Transactions.Local.dll”。
             在搜索路径位置“{RawFileName}”找到引用。
             此引用不是“CopyLocal”，因为至少有一个源项将“Private”设置为“false”，而没有源项将“Private”设置为“true”。
         主引用“System.Transactions, Version=4.0.0.0, Culture=neutral, PublicKeyToken=b77a5c561934e089”。
             解析的文件路径为“C:\Program Files\dotnet\packs\Microsoft.NETCore.App.Ref\10.0.5\ref\net10.0\System.Transactions.dll”。
             在搜索路径位置“{RawFileName}”找到引用。
             此引用不是“CopyLocal”，因为至少有一个源项将“Private”设置为“false”，而没有源项将“Private”设置为“true”。
         主引用“System.ValueTuple, Version=10.0.0.0, Culture=neutral, PublicKeyToken=cc7b13ffcd2ddd51”。
             解析的文件路径为“C:\Program Files\dotnet\packs\Microsoft.NETCore.App.Ref\10.0.5\ref\net10.0\System.ValueTuple.dll”。
             在搜索路径位置“{RawFileName}”找到引用。
             此引用不是“CopyLocal”，因为至少有一个源项将“Private”设置为“false”，而没有源项将“Private”设置为“true”。
         主引用“System.Web.HttpUtility, Version=10.0.0.0, Culture=neutral, PublicKeyToken=cc7b13ffcd2ddd51”。
             解析的文件路径为“C:\Program Files\dotnet\packs\Microsoft.NETCore.App.Ref\10.0.5\ref\net10.0\System.Web.HttpUtility.dll”。
             在搜索路径位置“{RawFileName}”找到引用。
             此引用不是“CopyLocal”，因为至少有一个源项将“Private”设置为“false”，而没有源项将“Private”设置为“true”。
         主引用“System.Web, Version=4.0.0.0, Culture=neutral, PublicKeyToken=b03f5f7f11d50a3a”。
             解析的文件路径为“C:\Program Files\dotnet\packs\Microsoft.NETCore.App.Ref\10.0.5\ref\net10.0\System.Web.dll”。
             在搜索路径位置“{RawFileName}”找到引用。
             此引用不是“CopyLocal”，因为至少有一个源项将“Private”设置为“false”，而没有源项将“Private”设置为“true”。
         主引用“System.Windows, Version=4.0.0.0, Culture=neutral, PublicKeyToken=b03f5f7f11d50a3a”。
             解析的文件路径为“C:\Program Files\dotnet\packs\Microsoft.NETCore.App.Ref\10.0.5\ref\net10.0\System.Windows.dll”。
             在搜索路径位置“{RawFileName}”找到引用。
             此引用不是“CopyLocal”，因为至少有一个源项将“Private”设置为“false”，而没有源项将“Private”设置为“true”。
         主引用“System.Xml.Linq, Version=4.0.0.0, Culture=neutral, PublicKeyToken=b77a5c561934e089”。
             解析的文件路径为“C:\Program Files\dotnet\packs\Microsoft.NETCore.App.Ref\10.0.5\ref\net10.0\System.Xml.Linq.dll”。
             在搜索路径位置“{RawFileName}”找到引用。
             此引用不是“CopyLocal”，因为至少有一个源项将“Private”设置为“false”，而没有源项将“Private”设置为“true”。
         主引用“System.Xml.ReaderWriter, Version=10.0.0.0, Culture=neutral, PublicKeyToken=b03f5f7f11d50a3a”。
             解析的文件路径为“C:\Program Files\dotnet\packs\Microsoft.NETCore.App.Ref\10.0.5\ref\net10.0\System.Xml.ReaderWriter.dll”。
             在搜索路径位置“{RawFileName}”找到引用。
             此引用不是“CopyLocal”，因为至少有一个源项将“Private”设置为“false”，而没有源项将“Private”设置为“true”。
         主引用“System.Xml.Serialization, Version=4.0.0.0, Culture=neutral, PublicKeyToken=b77a5c561934e089”。
             解析的文件路径为“C:\Program Files\dotnet\packs\Microsoft.NETCore.App.Ref\10.0.5\ref\net10.0\System.Xml.Serialization.dll”。
             在搜索路径位置“{RawFileName}”找到引用。
             此引用不是“CopyLocal”，因为至少有一个源项将“Private”设置为“false”，而没有源项将“Private”设置为“true”。
         主引用“System.Xml.XDocument, Version=10.0.0.0, Culture=neutral, PublicKeyToken=b03f5f7f11d50a3a”。
             解析的文件路径为“C:\Program Files\dotnet\packs\Microsoft.NETCore.App.Ref\10.0.5\ref\net10.0\System.Xml.XDocument.dll”。
             在搜索路径位置“{RawFileName}”找到引用。
             此引用不是“CopyLocal”，因为至少有一个源项将“Private”设置为“false”，而没有源项将“Private”设置为“true”。
         主引用“System.Xml.XPath.XDocument, Version=10.0.0.0, Culture=neutral, PublicKeyToken=b03f5f7f11d50a3a”。
             解析的文件路径为“C:\Program Files\dotnet\packs\Microsoft.NETCore.App.Ref\10.0.5\ref\net10.0\System.Xml.XPath.XDocument.dll”。
             在搜索路径位置“{RawFileName}”找到引用。
             此引用不是“CopyLocal”，因为至少有一个源项将“Private”设置为“false”，而没有源项将“Private”设置为“true”。
         主引用“System.Xml.XPath, Version=10.0.0.0, Culture=neutral, PublicKeyToken=b03f5f7f11d50a3a”。
             解析的文件路径为“C:\Program Files\dotnet\packs\Microsoft.NETCore.App.Ref\10.0.5\ref\net10.0\System.Xml.XPath.dll”。
             在搜索路径位置“{RawFileName}”找到引用。
             此引用不是“CopyLocal”，因为至少有一个源项将“Private”设置为“false”，而没有源项将“Private”设置为“true”。
         主引用“System.Xml.XmlDocument, Version=10.0.0.0, Culture=neutral, PublicKeyToken=b03f5f7f11d50a3a”。
             解析的文件路径为“C:\Program Files\dotnet\packs\Microsoft.NETCore.App.Ref\10.0.5\ref\net10.0\System.Xml.XmlDocument.dll”。
             在搜索路径位置“{RawFileName}”找到引用。
             此引用不是“CopyLocal”，因为至少有一个源项将“Private”设置为“false”，而没有源项将“Private”设置为“true”。
         主引用“System.Xml.XmlSerializer, Version=10.0.0.0, Culture=neutral, PublicKeyToken=b03f5f7f11d50a3a”。
             解析的文件路径为“C:\Program Files\dotnet\packs\Microsoft.NETCore.App.Ref\10.0.5\ref\net10.0\System.Xml.XmlSerializer.dll”。
             在搜索路径位置“{RawFileName}”找到引用。
             此引用不是“CopyLocal”，因为至少有一个源项将“Private”设置为“false”，而没有源项将“Private”设置为“true”。
         主引用“System.Xml, Version=4.0.0.0, Culture=neutral, PublicKeyToken=b77a5c561934e089”。
             解析的文件路径为“C:\Program Files\dotnet\packs\Microsoft.NETCore.App.Ref\10.0.5\ref\net10.0\System.Xml.dll”。
             在搜索路径位置“{RawFileName}”找到引用。
             此引用不是“CopyLocal”，因为至少有一个源项将“Private”设置为“false”，而没有源项将“Private”设置为“true”。
         主引用“System, Version=4.0.0.0, Culture=neutral, PublicKeyToken=b77a5c561934e089”。
             解析的文件路径为“C:\Program Files\dotnet\packs\Microsoft.NETCore.App.Ref\10.0.5\ref\net10.0\System.dll”。
             在搜索路径位置“{RawFileName}”找到引用。
             此引用不是“CopyLocal”，因为至少有一个源项将“Private”设置为“false”，而没有源项将“Private”设置为“true”。
         主引用“WindowsBase, Version=4.0.0.0, Culture=neutral, PublicKeyToken=31bf3856ad364e35”。
             解析的文件路径为“C:\Program Files\dotnet\packs\Microsoft.NETCore.App.Ref\10.0.5\ref\net10.0\WindowsBase.dll”。
             在搜索路径位置“{RawFileName}”找到引用。
             此引用不是“CopyLocal”，因为至少有一个源项将“Private”设置为“false”，而没有源项将“Private”设置为“true”。
         主引用“mscorlib, Version=4.0.0.0, Culture=neutral, PublicKeyToken=b77a5c561934e089”。
             解析的文件路径为“C:\Program Files\dotnet\packs\Microsoft.NETCore.App.Ref\10.0.5\ref\net10.0\mscorlib.dll”。
             在搜索路径位置“{RawFileName}”找到引用。
             此引用不是“CopyLocal”，因为至少有一个源项将“Private”设置为“false”，而没有源项将“Private”设置为“true”。
         主引用“netstandard, Version=2.1.0.0, Culture=neutral, PublicKeyToken=cc7b13ffcd2ddd51”。
             解析的文件路径为“C:\Program Files\dotnet\packs\Microsoft.NETCore.App.Ref\10.0.5\ref\net10.0\netstandard.dll”。
             在搜索路径位置“{RawFileName}”找到引用。
             此引用不是“CopyLocal”，因为至少有一个源项将“Private”设置为“false”，而没有源项将“Private”设置为“true”。
         主引用“Accessibility, Version=4.0.0.0, Culture=neutral, PublicKeyToken=31bf3856ad364e35”。
             解析的文件路径为“C:\Program Files\dotnet\packs\Microsoft.WindowsDesktop.App.Ref\10.0.5\ref\net10.0\Accessibility.dll”。
             在搜索路径位置“{RawFileName}”找到引用。
             此引用不是“CopyLocal”，因为至少有一个源项将“Private”设置为“false”，而没有源项将“Private”设置为“true”。
         主引用“Microsoft.VisualBasic.Forms, Version=10.0.0.0, Culture=neutral, PublicKeyToken=b03f5f7f11d50a3a”。
             解析的文件路径为“C:\Program Files\dotnet\packs\Microsoft.WindowsDesktop.App.Ref\10.0.5\ref\net10.0\Microsoft.VisualBasic.Forms.dll”。
             在搜索路径位置“{RawFileName}”找到引用。
             此引用不是“CopyLocal”，因为至少有一个源项将“Private”设置为“false”，而没有源项将“Private”设置为“true”。
         主引用“Microsoft.VisualBasic, Version=10.1.0.0, Culture=neutral, PublicKeyToken=b03f5f7f11d50a3a”。
             解析的文件路径为“C:\Program Files\dotnet\packs\Microsoft.WindowsDesktop.App.Ref\10.0.5\ref\net10.0\Microsoft.VisualBasic.dll”。
             在搜索路径位置“{RawFileName}”找到引用。
             此引用不是“CopyLocal”，因为至少有一个源项将“Private”设置为“false”，而没有源项将“Private”设置为“true”。
         主引用“Microsoft.Win32.Registry.AccessControl, Version=10.0.0.0, Culture=neutral, PublicKeyToken=b03f5f7f11d50a3a”。
             解析的文件路径为“C:\Program Files\dotnet\packs\Microsoft.WindowsDesktop.App.Ref\10.0.5\ref\net10.0\Microsoft.Win32.Registry.AccessControl.dll”。
             在搜索路径位置“{RawFileName}”找到引用。
             此引用不是“CopyLocal”，因为至少有一个源项将“Private”设置为“false”，而没有源项将“Private”设置为“true”。
         主引用“Microsoft.Win32.SystemEvents, Version=10.0.0.0, Culture=neutral, PublicKeyToken=cc7b13ffcd2ddd51”。
             解析的文件路径为“C:\Program Files\dotnet\packs\Microsoft.WindowsDesktop.App.Ref\10.0.5\ref\net10.0\Microsoft.Win32.SystemEvents.dll”。
             在搜索路径位置“{RawFileName}”找到引用。
             此引用不是“CopyLocal”，因为至少有一个源项将“Private”设置为“false”，而没有源项将“Private”设置为“true”。
         主引用“System.CodeDom, Version=10.0.0.0, Culture=neutral, PublicKeyToken=cc7b13ffcd2ddd51”。
             解析的文件路径为“C:\Program Files\dotnet\packs\Microsoft.WindowsDesktop.App.Ref\10.0.5\ref\net10.0\System.CodeDom.dll”。
             在搜索路径位置“{RawFileName}”找到引用。
             此引用不是“CopyLocal”，因为至少有一个源项将“Private”设置为“false”，而没有源项将“Private”设置为“true”。
         主引用“System.Configuration.ConfigurationManager, Version=10.0.0.0, Culture=neutral, PublicKeyToken=cc7b13ffcd2ddd51”。
             解析的文件路径为“C:\Program Files\dotnet\packs\Microsoft.WindowsDesktop.App.Ref\10.0.5\ref\net10.0\System.Configuration.ConfigurationManager.dll”。
             在搜索路径位置“{RawFileName}”找到引用。
             此引用不是“CopyLocal”，因为至少有一个源项将“Private”设置为“false”，而没有源项将“Private”设置为“true”。
         主引用“System.Design, Version=10.0.0.0, Culture=neutral, PublicKeyToken=b03f5f7f11d50a3a”。
             解析的文件路径为“C:\Program Files\dotnet\packs\Microsoft.WindowsDesktop.App.Ref\10.0.5\ref\net10.0\System.Design.dll”。
             在搜索路径位置“{RawFileName}”找到引用。
             此引用不是“CopyLocal”，因为至少有一个源项将“Private”设置为“false”，而没有源项将“Private”设置为“true”。
         主引用“System.Diagnostics.EventLog, Version=10.0.0.0, Culture=neutral, PublicKeyToken=cc7b13ffcd2ddd51”。
             解析的文件路径为“C:\Program Files\dotnet\packs\Microsoft.WindowsDesktop.App.Ref\10.0.5\ref\net10.0\System.Diagnostics.EventLog.dll”。
             在搜索路径位置“{RawFileName}”找到引用。
             此引用不是“CopyLocal”，因为至少有一个源项将“Private”设置为“false”，而没有源项将“Private”设置为“true”。
         主引用“System.Diagnostics.PerformanceCounter, Version=10.0.0.0, Culture=neutral, PublicKeyToken=cc7b13ffcd2ddd51”。
             解析的文件路径为“C:\Program Files\dotnet\packs\Microsoft.WindowsDesktop.App.Ref\10.0.5\ref\net10.0\System.Diagnostics.PerformanceCounter.dll”。
             在搜索路径位置“{RawFileName}”找到引用。
             此引用不是“CopyLocal”，因为至少有一个源项将“Private”设置为“false”，而没有源项将“Private”设置为“true”。
         主引用“System.DirectoryServices, Version=10.0.0.0, Culture=neutral, PublicKeyToken=b03f5f7f11d50a3a”。
             解析的文件路径为“C:\Program Files\dotnet\packs\Microsoft.WindowsDesktop.App.Ref\10.0.5\ref\net10.0\System.DirectoryServices.dll”。
             在搜索路径位置“{RawFileName}”找到引用。
             此引用不是“CopyLocal”，因为至少有一个源项将“Private”设置为“false”，而没有源项将“Private”设置为“true”。
         主引用“System.Drawing.Common, Version=10.0.0.0, Culture=neutral, PublicKeyToken=cc7b13ffcd2ddd51”。
             解析的文件路径为“C:\Program Files\dotnet\packs\Microsoft.WindowsDesktop.App.Ref\10.0.5\ref\net10.0\System.Drawing.Common.dll”。
             在搜索路径位置“{RawFileName}”找到引用。
             此引用不是“CopyLocal”，因为至少有一个源项将“Private”设置为“false”，而没有源项将“Private”设置为“true”。
         主引用“System.Drawing.Design, Version=10.0.0.0, Culture=neutral, PublicKeyToken=b03f5f7f11d50a3a”。
             解析的文件路径为“C:\Program Files\dotnet\packs\Microsoft.WindowsDesktop.App.Ref\10.0.5\ref\net10.0\System.Drawing.Design.dll”。
             在搜索路径位置“{RawFileName}”找到引用。
             此引用不是“CopyLocal”，因为至少有一个源项将“Private”设置为“false”，而没有源项将“Private”设置为“true”。
         主引用“System.Drawing, Version=10.0.0.0, Culture=neutral, PublicKeyToken=b03f5f7f11d50a3a”。
             解析的文件路径为“C:\Program Files\dotnet\packs\Microsoft.WindowsDesktop.App.Ref\10.0.5\ref\net10.0\System.Drawing.dll”。
             在搜索路径位置“{RawFileName}”找到引用。
             此引用不是“CopyLocal”，因为至少有一个源项将“Private”设置为“false”，而没有源项将“Private”设置为“true”。
         主引用“System.Formats.Nrbf, Version=10.0.0.0, Culture=neutral, PublicKeyToken=cc7b13ffcd2ddd51”。
             解析的文件路径为“C:\Program Files\dotnet\packs\Microsoft.WindowsDesktop.App.Ref\10.0.5\ref\net10.0\System.Formats.Nrbf.dll”。
             在搜索路径位置“{RawFileName}”找到引用。
             此引用不是“CopyLocal”，因为至少有一个源项将“Private”设置为“false”，而没有源项将“Private”设置为“true”。
         主引用“System.IO.Packaging, Version=10.0.0.0, Culture=neutral, PublicKeyToken=b03f5f7f11d50a3a”。
             解析的文件路径为“C:\Program Files\dotnet\packs\Microsoft.WindowsDesktop.App.Ref\10.0.5\ref\net10.0\System.IO.Packaging.dll”。
             在搜索路径位置“{RawFileName}”找到引用。
             此引用不是“CopyLocal”，因为至少有一个源项将“Private”设置为“false”，而没有源项将“Private”设置为“true”。
         主引用“System.Private.Windows.Core, Version=10.0.0.0, Culture=neutral, PublicKeyToken=b77a5c561934e089”。
             解析的文件路径为“C:\Program Files\dotnet\packs\Microsoft.WindowsDesktop.App.Ref\10.0.5\ref\net10.0\System.Private.Windows.Core.dll”。
             在搜索路径位置“{RawFileName}”找到引用。
             此引用不是“CopyLocal”，因为至少有一个源项将“Private”设置为“false”，而没有源项将“Private”设置为“true”。
         主引用“System.Private.Windows.GdiPlus, Version=10.0.0.0, Culture=neutral, PublicKeyToken=b77a5c561934e089”。
             解析的文件路径为“C:\Program Files\dotnet\packs\Microsoft.WindowsDesktop.App.Ref\10.0.5\ref\net10.0\System.Private.Windows.GdiPlus.dll”。
             在搜索路径位置“{RawFileName}”找到引用。
             此引用不是“CopyLocal”，因为至少有一个源项将“Private”设置为“false”，而没有源项将“Private”设置为“true”。
         主引用“System.Resources.Extensions, Version=10.0.0.0, Culture=neutral, PublicKeyToken=cc7b13ffcd2ddd51”。
             解析的文件路径为“C:\Program Files\dotnet\packs\Microsoft.WindowsDesktop.App.Ref\10.0.5\ref\net10.0\System.Resources.Extensions.dll”。
             在搜索路径位置“{RawFileName}”找到引用。
             此引用不是“CopyLocal”，因为至少有一个源项将“Private”设置为“false”，而没有源项将“Private”设置为“true”。
         主引用“System.Security.Cryptography.Pkcs, Version=10.0.0.0, Culture=neutral, PublicKeyToken=b03f5f7f11d50a3a”。
             解析的文件路径为“C:\Program Files\dotnet\packs\Microsoft.WindowsDesktop.App.Ref\10.0.5\ref\net10.0\System.Security.Cryptography.Pkcs.dll”。
             在搜索路径位置“{RawFileName}”找到引用。
             此引用不是“CopyLocal”，因为至少有一个源项将“Private”设置为“false”，而没有源项将“Private”设置为“true”。
         主引用“System.Security.Cryptography.ProtectedData, Version=10.0.0.0, Culture=neutral, PublicKeyToken=b03f5f7f11d50a3a”。
             解析的文件路径为“C:\Program Files\dotnet\packs\Microsoft.WindowsDesktop.App.Ref\10.0.5\ref\net10.0\System.Security.Cryptography.ProtectedData.dll”。
             在搜索路径位置“{RawFileName}”找到引用。
             此引用不是“CopyLocal”，因为至少有一个源项将“Private”设置为“false”，而没有源项将“Private”设置为“true”。
         主引用“System.Security.Cryptography.Xml, Version=10.0.0.0, Culture=neutral, PublicKeyToken=cc7b13ffcd2ddd51”。
             解析的文件路径为“C:\Program Files\dotnet\packs\Microsoft.WindowsDesktop.App.Ref\10.0.5\ref\net10.0\System.Security.Cryptography.Xml.dll”。
             在搜索路径位置“{RawFileName}”找到引用。
             此引用不是“CopyLocal”，因为至少有一个源项将“Private”设置为“false”，而没有源项将“Private”设置为“true”。
         主引用“System.Security.Permissions, Version=10.0.0.0, Culture=neutral, PublicKeyToken=cc7b13ffcd2ddd51”。
             解析的文件路径为“C:\Program Files\dotnet\packs\Microsoft.WindowsDesktop.App.Ref\10.0.5\ref\net10.0\System.Security.Permissions.dll”。
             在搜索路径位置“{RawFileName}”找到引用。
             此引用不是“CopyLocal”，因为至少有一个源项将“Private”设置为“false”，而没有源项将“Private”设置为“true”。
         主引用“System.Windows.Extensions, Version=10.0.0.0, Culture=neutral, PublicKeyToken=cc7b13ffcd2ddd51”。
             解析的文件路径为“C:\Program Files\dotnet\packs\Microsoft.WindowsDesktop.App.Ref\10.0.5\ref\net10.0\System.Windows.Extensions.dll”。
             在搜索路径位置“{RawFileName}”找到引用。
             此引用不是“CopyLocal”，因为至少有一个源项将“Private”设置为“false”，而没有源项将“Private”设置为“true”。
         主引用“System.Windows.Forms.Design.Editors, Version=10.0.0.0, Culture=neutral, PublicKeyToken=b03f5f7f11d50a3a”。
             解析的文件路径为“C:\Program Files\dotnet\packs\Microsoft.WindowsDesktop.App.Ref\10.0.5\ref\net10.0\System.Windows.Forms.Design.Editors.dll”。
             在搜索路径位置“{RawFileName}”找到引用。
             此引用不是“CopyLocal”，因为至少有一个源项将“Private”设置为“false”，而没有源项将“Private”设置为“true”。
         主引用“System.Windows.Forms.Design, Version=10.0.0.0, Culture=neutral, PublicKeyToken=b77a5c561934e089”。
             解析的文件路径为“C:\Program Files\dotnet\packs\Microsoft.WindowsDesktop.App.Ref\10.0.5\ref\net10.0\System.Windows.Forms.Design.dll”。
             在搜索路径位置“{RawFileName}”找到引用。
             此引用不是“CopyLocal”，因为至少有一个源项将“Private”设置为“false”，而没有源项将“Private”设置为“true”。
         主引用“System.Windows.Forms.Primitives, Version=10.0.0.0, Culture=neutral, PublicKeyToken=b77a5c561934e089”。
             解析的文件路径为“C:\Program Files\dotnet\packs\Microsoft.WindowsDesktop.App.Ref\10.0.5\ref\net10.0\System.Windows.Forms.Primitives.dll”。
             在搜索路径位置“{RawFileName}”找到引用。
             此引用不是“CopyLocal”，因为至少有一个源项将“Private”设置为“false”，而没有源项将“Private”设置为“true”。
         主引用“System.Windows.Forms, Version=10.0.0.0, Culture=neutral, PublicKeyToken=b77a5c561934e089”。
             解析的文件路径为“C:\Program Files\dotnet\packs\Microsoft.WindowsDesktop.App.Ref\10.0.5\ref\net10.0\System.Windows.Forms.dll”。
             在搜索路径位置“{RawFileName}”找到引用。
             此引用不是“CopyLocal”，因为至少有一个源项将“Private”设置为“false”，而没有源项将“Private”设置为“true”。
       已完成执行任务“ResolveAssemblyReference”的操作。
   1:7>已完成在项目“OMIManager.csproj”中生成目标“ResolveAssemblyReferences”的操作。
   1:7>来自项目“f:\kaifa\OMI\tools\OMIManager\OMIManager.csproj”的文件“C:\Program Files\dotnet\sdk\10.0.201\Microsoft.Common.CurrentVersion.targets”中的目标“AfterResolveReferences”(目标“ResolveReferences”依赖于它):
   1:7>已完成在项目“OMIManager.csproj”中生成目标“AfterResolveReferences”的操作。
   1:7>来自项目“f:\kaifa\OMI\tools\OMIManager\OMIManager.csproj”的文件“C:\Program Files\dotnet\sdk\10.0.201\Microsoft.Common.CurrentVersion.targets”中的目标“ResolveReferences”(目标“_BlockWinMDsOnUnsupportedTFMs”依赖于它):
   1:7>已完成在项目“OMIManager.csproj”中生成目标“ResolveReferences”的操作。
   1:7>来自项目“f:\kaifa\OMI\tools\OMIManager\OMIManager.csproj”的文件“C:\Program Files\dotnet\sdk\10.0.201\Sdks\Microsoft.NET.Sdk\targets\Microsoft.NET.Sdk.targets”中的目标“_BlockWinMDsOnUnsupportedTFMs”(目标“CoreBuild”依赖于它):
       正在使用程序集“C:\Program Files\dotnet\sdk\10.0.201\Sdks\Microsoft.NET.Sdk\targets\..\tools\net10.0\Microsoft.NET.Build.Tasks.dll”中的“CheckForUnsupportedWinMDReferences”任务。
       任务“CheckForUnsupportedWinMDReferences”
       已完成执行任务“CheckForUnsupportedWinMDReferences”的操作。
   1:7>已完成在项目“OMIManager.csproj”中生成目标“_BlockWinMDsOnUnsupportedTFMs”的操作。
       已跳过目标“ResolveReferences”。以前的生成已成功。
   1:7>来自项目“f:\kaifa\OMI\tools\OMIManager\OMIManager.csproj”的文件“C:\Program Files\dotnet\sdk\10.0.201\Sdks\Microsoft.NET.Sdk.WindowsDesktop\targets\Microsoft.WinFX.targets”中的目标“AfterMarkupCompilePass1”(目标“PrepareResources”依赖于它):
   1:7>已完成在项目“OMIManager.csproj”中生成目标“AfterMarkupCompilePass1”的操作。
   1:7>来自项目“f:\kaifa\OMI\tools\OMIManager\OMIManager.csproj”的文件“C:\Program Files\dotnet\sdk\10.0.201\Sdks\Microsoft.NET.Sdk.WindowsDesktop\targets\Microsoft.WinFX.targets”中的目标“FileClassification”(目标“PrepareResources”依赖于它):
   1:7>已完成在项目“OMIManager.csproj”中生成目标“FileClassification”的操作。
       已跳过目标“ResolvePackageDependenciesForBuild”。以前的生成已成功。
       已跳过目标“_HandlePackageFileConflicts”。以前的生成已成功。
   1:7>来自项目“f:\kaifa\OMI\tools\OMIManager\OMIManager.csproj”的文件“C:\Program Files\dotnet\sdk\10.0.201\Roslyn\Microsoft.Managed.Core.targets”中的目标“CopyAdditionalFiles”(目标“AssignTargetPaths”依赖于它):
   1:7>已完成在项目“OMIManager.csproj”中生成目标“CopyAdditionalFiles”的操作。
       已跳过目标“ResolvePackageAssets”。以前的生成已成功。
       已跳过目标“ResolveFrameworkReferences”。以前的生成已成功。
   1:7>来自项目“f:\kaifa\OMI\tools\OMIManager\OMIManager.csproj”的文件“C:\Program Files\dotnet\sdk\10.0.201\Sdks\Microsoft.NET.Sdk\targets\Microsoft.NET.Sdk.targets”中的目标“_GetAppHostPaths”(目标“_ComputeNETCoreBuildOutputFiles”依赖于它):
   1:7>已完成在项目“OMIManager.csproj”中生成目标“_GetAppHostPaths”的操作。
   1:7>来自项目“f:\kaifa\OMI\tools\OMIManager\OMIManager.csproj”的文件“C:\Program Files\dotnet\sdk\10.0.201\Sdks\Microsoft.NET.Sdk\targets\Microsoft.NET.Sdk.targets”中的目标“_GetAppHostCreationConfiguration”(目标“_ComputeNETCoreBuildOutputFiles”依赖于它):
   1:7>已完成在项目“OMIManager.csproj”中生成目标“_GetAppHostCreationConfiguration”的操作。
   1:7>来自项目“f:\kaifa\OMI\tools\OMIManager\OMIManager.csproj”的文件“C:\Program Files\dotnet\sdk\10.0.201\Sdks\Microsoft.NET.Sdk\targets\Microsoft.NET.Sdk.targets”中的目标“_ComputeNETCoreBuildOutputFiles”(目标“AssignTargetPaths”依赖于它):
   1:7>已完成在项目“OMIManager.csproj”中生成目标“_ComputeNETCoreBuildOutputFiles”的操作。
   1:7>来自项目“f:\kaifa\OMI\tools\OMIManager\OMIManager.csproj”的文件“C:\Program Files\dotnet\sdk\10.0.201\Microsoft.Common.CurrentVersion.targets”中的目标“AssignTargetPaths”(目标“PrepareResourceNames”依赖于它):
       正在使用程序集“Microsoft.Build.Tasks.Core, Version=15.1.0.0, Culture=neutral, PublicKeyToken=b03f5f7f11d50a3a”中的“AssignTargetPath”任务。
       任务“AssignTargetPath”
       已完成执行任务“AssignTargetPath”的操作。
       任务“AssignTargetPath”
       已完成执行任务“AssignTargetPath”的操作。
       任务“AssignTargetPath”
       已完成执行任务“AssignTargetPath”的操作。
       任务“AssignTargetPath”
       已完成执行任务“AssignTargetPath”的操作。
   1:7>已完成在项目“OMIManager.csproj”中生成目标“AssignTargetPaths”的操作。
   1:7>来自项目“f:\kaifa\OMI\tools\OMIManager\OMIManager.csproj”的文件“C:\Program Files\dotnet\sdk\10.0.201\Sdks\Microsoft.NET.Sdk\targets\Microsoft.NET.Publish.targets”中的目标“_IncludeContentItemsWithOnlyPublishMetadata”(目标“PrepareResourceNames”依赖于它):
   1:7>已完成在项目“OMIManager.csproj”中生成目标“_IncludeContentItemsWithOnlyPublishMetadata”的操作。
       已跳过目标“AssignTargetPaths”。以前的生成已成功。
   1:7>来自项目“f:\kaifa\OMI\tools\OMIManager\OMIManager.csproj”的文件“C:\Program Files\dotnet\sdk\10.0.201\Microsoft.Common.CurrentVersion.targets”中的目标“SplitResourcesByCulture”(目标“PrepareResourceNames”依赖于它):
       正在使用程序集“Microsoft.Build.Tasks.Core, Version=15.1.0.0, Culture=neutral, PublicKeyToken=b03f5f7f11d50a3a”中的“AssignCulture”任务。
       任务“AssignCulture”
       已完成执行任务“AssignCulture”的操作。
   1:7>已完成在项目“OMIManager.csproj”中生成目标“SplitResourcesByCulture”的操作。
   1:7>来自项目“f:\kaifa\OMI\tools\OMIManager\OMIManager.csproj”的文件“C:\Program Files\dotnet\sdk\10.0.201\Microsoft.Common.CurrentVersion.targets”中的目标“CreateCustomManifestResourceNames”(目标“PrepareResourceNames”依赖于它):
   1:7>已完成在项目“OMIManager.csproj”中生成目标“CreateCustomManifestResourceNames”的操作。
   1:7>来自项目“f:\kaifa\OMI\tools\OMIManager\OMIManager.csproj”的文件“C:\Program Files\dotnet\sdk\10.0.201\Microsoft.Common.CurrentVersion.targets”中的目标“PrepareResourceNames”(目标“PrepareResources”依赖于它):
   1:7>已完成在项目“OMIManager.csproj”中生成目标“PrepareResourceNames”的操作。
       已跳过目标“ResolveAssemblyReferences”。以前的生成已成功。
       已跳过目标“SplitResourcesByCulture”。以前的生成已成功。
   1:7>来自项目“f:\kaifa\OMI\tools\OMIManager\OMIManager.csproj”的文件“C:\Program Files\dotnet\sdk\10.0.201\Microsoft.Common.CurrentVersion.targets”中的目标“BeforeResGen”(目标“ResGen”依赖于它):
   1:7>已完成在项目“OMIManager.csproj”中生成目标“BeforeResGen”的操作。
       已跳过目标“ResolveReferences”。以前的生成已成功。
   1:7>来自项目“f:\kaifa\OMI\tools\OMIManager\OMIManager.csproj”的文件“C:\Program Files\dotnet\sdk\10.0.201\Microsoft.Common.CurrentVersion.targets”中的目标“FindReferenceAssembliesForReferences”(目标“CoreResGen”依赖于它):
   1:7>已完成在项目“OMIManager.csproj”中生成目标“FindReferenceAssembliesForReferences”的操作。
   1:7>来自项目“f:\kaifa\OMI\tools\OMIManager\OMIManager.csproj”的文件“C:\Program Files\dotnet\sdk\10.0.201\Microsoft.Common.CurrentVersion.targets”中的目标“CoreResGen”(目标“ResGen”依赖于它):
   1:7>已完成在项目“OMIManager.csproj”中生成目标“CoreResGen”的操作。
   1:7>来自项目“f:\kaifa\OMI\tools\OMIManager\OMIManager.csproj”的文件“C:\Program Files\dotnet\sdk\10.0.201\Microsoft.Common.CurrentVersion.targets”中的目标“AfterResGen”(目标“ResGen”依赖于它):
   1:7>已完成在项目“OMIManager.csproj”中生成目标“AfterResGen”的操作。
   1:7>来自项目“f:\kaifa\OMI\tools\OMIManager\OMIManager.csproj”的文件“C:\Program Files\dotnet\sdk\10.0.201\Microsoft.Common.CurrentVersion.targets”中的目标“ResGen”(目标“PrepareResources”依赖于它):
   1:7>已完成在项目“OMIManager.csproj”中生成目标“ResGen”的操作。
   1:7>来自项目“f:\kaifa\OMI\tools\OMIManager\OMIManager.csproj”的文件“C:\Program Files\dotnet\sdk\10.0.201\Microsoft.Common.CurrentVersion.targets”中的目标“PrepareResources”(目标“CoreBuild”依赖于它):
   1:7>已完成在项目“OMIManager.csproj”中生成目标“PrepareResources”的操作。
       已跳过目标“ResolveReferences”。以前的生成已成功。
   1:7>来自项目“f:\kaifa\OMI\tools\OMIManager\OMIManager.csproj”的文件“C:\Program Files\dotnet\sdk\10.0.201\Microsoft.Common.CurrentVersion.targets”中的目标“_SetEmbeddedWin32ManifestProperties”(目标“SetWin32ManifestProperties”依赖于它):
       正在使用程序集“Microsoft.Build.Tasks.Core, Version=15.1.0.0, Culture=neutral, PublicKeyToken=b03f5f7f11d50a3a”中的“GetFrameworkPath”任务。
       任务“GetFrameworkPath”
       已完成执行任务“GetFrameworkPath”的操作。
   1:7>已完成在项目“OMIManager.csproj”中生成目标“_SetEmbeddedWin32ManifestProperties”的操作。
   1:7>来自项目“f:\kaifa\OMI\tools\OMIManager\OMIManager.csproj”的文件“C:\Program Files\dotnet\sdk\10.0.201\Microsoft.Common.CurrentVersion.targets”中的目标“SetWin32ManifestProperties”(目标“Compile”依赖于它):
   1:7>已完成在项目“OMIManager.csproj”中生成目标“SetWin32ManifestProperties”的操作。
       已跳过目标“FindReferenceAssembliesForReferences”。以前的生成已成功。
   1:7>来自项目“f:\kaifa\OMI\tools\OMIManager\OMIManager.csproj”的文件“C:\Program Files\dotnet\sdk\10.0.201\Microsoft.Common.CurrentVersion.targets”中的目标“_GenerateCompileInputs”(目标“Compile”依赖于它):
   1:7>已完成在项目“OMIManager.csproj”中生成目标“_GenerateCompileInputs”的操作。
       已跳过目标“PrepareForBuild”。以前的生成已成功。
   1:7>来自项目“f:\kaifa\OMI\tools\OMIManager\OMIManager.csproj”的文件“C:\Program Files\dotnet\sdk\10.0.201\Roslyn\Microsoft.Managed.Core.targets”中的目标“GenerateMSBuildEditorConfigFileShouldRun”(目标“GenerateMSBuildEditorConfigFile”依赖于它):
   1:7>已完成在项目“OMIManager.csproj”中生成目标“GenerateMSBuildEditorConfigFileShouldRun”的操作。
   1:7>来自项目“f:\kaifa\OMI\tools\OMIManager\OMIManager.csproj”的文件“C:\Program Files\dotnet\sdk\10.0.201\Sdks\Microsoft.NET.Sdk\codestyle\cs\build\Microsoft.CodeAnalysis.CSharp.CodeStyle.targets”中的目标“AddGlobalAnalyzerConfigForPackage_MicrosoftCodeAnalysisCSharpCodeStyle”(目标“GenerateMSBuildEditorConfigFileCore”依赖于它):
   1:7>已完成在项目“OMIManager.csproj”中生成目标“AddGlobalAnalyzerConfigForPackage_MicrosoftCodeAnalysisCSharpCodeStyle”的操作。
   1:7>来自项目“f:\kaifa\OMI\tools\OMIManager\OMIManager.csproj”的文件“C:\Program Files\dotnet\sdk\10.0.201\Roslyn\Microsoft.Managed.Core.targets”中的目标“GenerateMSBuildEditorConfigFileCore”(目标“GenerateMSBuildEditorConfigFile”依赖于它):
       正在完全生成目标“GenerateMSBuildEditorConfigFileCore”。
       未指定输入文件。
       正在使用程序集“C:\Program Files\dotnet\sdk\10.0.201\Sdks\Microsoft.NET.Sdk\targets\..\..\..\Roslyn\Microsoft.Build.Tasks.CodeAnalysis.dll”中的“GenerateMSBuildEditorConfig”任务。
       任务“GenerateMSBuildEditorConfig”
       已完成执行任务“GenerateMSBuildEditorConfig”的操作。
   1:7>已完成在项目“OMIManager.csproj”中生成目标“GenerateMSBuildEditorConfigFileCore”的操作。
   1:7>来自项目“f:\kaifa\OMI\tools\OMIManager\OMIManager.csproj”的文件“C:\Program Files\dotnet\sdk\10.0.201\Roslyn\Microsoft.Managed.Core.targets”中的目标“GenerateMSBuildEditorConfigFile”(目标“BeforeCompile”依赖于它):
   1:7>已完成在项目“OMIManager.csproj”中生成目标“GenerateMSBuildEditorConfigFile”的操作。
       已跳过目标“PrepareForBuild”。以前的生成已成功。
       已跳过目标“GetReferenceAssemblyPaths”。以前的生成已成功。
   1:7>来自项目“f:\kaifa\OMI\tools\OMIManager\OMIManager.csproj”的文件“C:\Program Files\dotnet\sdk\10.0.201\Microsoft.CSharp.CurrentVersion.targets”中的目标“_SetTargetFrameworkMonikerAttribute”(目标“GenerateTargetFrameworkMonikerAttribute”依赖于它):
   1:7>已完成在项目“OMIManager.csproj”中生成目标“_SetTargetFrameworkMonikerAttribute”的操作。
   1:7>来自项目“f:\kaifa\OMI\tools\OMIManager\OMIManager.csproj”的文件“C:\Program Files\dotnet\sdk\10.0.201\Microsoft.Common.CurrentVersion.targets”中的目标“GenerateTargetFrameworkMonikerAttribute”(目标“BeforeCompile”依赖于它):
       正在跳过目标“GenerateTargetFrameworkMonikerAttribute”，因为所有输出文件相对于输入文件而言都是最新的。
       输入文件:C:\Program Files\dotnet\sdk\10.0.201\Microsoft.Common.targets
       输出文件:obj\Release\net10.0-windows\.NETCoreApp,Version=v10.0.AssemblyAttributes.cs
   1:7>已完成在项目“OMIManager.csproj”中生成目标“GenerateTargetFrameworkMonikerAttribute”的操作。
       已跳过目标“PrepareForBuild”。以前的生成已成功。
   1:7>来自项目“f:\kaifa\OMI\tools\OMIManager\OMIManager.csproj”的文件“C:\Program Files\dotnet\sdk\10.0.201\Sdks\Microsoft.NET.Sdk\targets\Microsoft.NET.GenerateAssemblyInfo.targets”中的目标“GetAssemblyVersion”(目标“GetAssemblyAttributes”依赖于它):
       正在使用程序集“C:\Program Files\dotnet\sdk\10.0.201\Sdks\Microsoft.NET.Sdk\targets\..\tools\net10.0\Microsoft.NET.Build.Tasks.dll”中的“GetAssemblyVersion”任务。
       任务“GetAssemblyVersion”
       已完成执行任务“GetAssemblyVersion”的操作。
   1:7>已完成在项目“OMIManager.csproj”中生成目标“GetAssemblyVersion”的操作。
   1:7>来自项目“f:\kaifa\OMI\tools\OMIManager\OMIManager.csproj”的文件“C:\Program Files\dotnet\sdk\10.0.201\Sdks\Microsoft.Build.Tasks.Git\build\Microsoft.Build.Tasks.Git.targets”中的目标“InitializeSourceControlInformationFromSourceControlManager”(目标“_InitializeSourceControlInformationFromSourceControlManager”依赖于它):
       正在使用程序集“C:\Program Files\dotnet\sdk\10.0.201\Sdks\Microsoft.Build.Tasks.Git\build\..\tools\net\Microsoft.Build.Tasks.Git.dll”中的“Microsoft.Build.Tasks.Git.LocateRepository”任务。
       任务“Microsoft.Build.Tasks.Git.LocateRepository”
       已完成执行任务“Microsoft.Build.Tasks.Git.LocateRepository”的操作。
   1:7>已完成在项目“OMIManager.csproj”中生成目标“InitializeSourceControlInformationFromSourceControlManager”的操作。
   1:7>来自项目“f:\kaifa\OMI\tools\OMIManager\OMIManager.csproj”的文件“C:\Program Files\dotnet\sdk\10.0.201\Sdks\Microsoft.SourceLink.Common\build\InitializeSourceControlInformation.targets”中的目标“_SourceLinkHasSingleProvider”(目标“_InitializeSourceControlInformationFromSourceControlManager”依赖于它):
       在 TaskRun 期间加载的程序集: Microsoft.SourceLink.Common, Version=10.0.14.15422, Culture=neutral, PublicKeyToken=31bf3856ad364e35 (位置: C:\Program Files\dotnet\sdk\10.0.201\Sdks\Microsoft.SourceLink.Common\tools\net\Microsoft.SourceLink.Common.dll，MVID: e3454684-5cc4-4993-9f77-674f4a1f4ee7，AssemblyLoadContext: MSBuild plugin C:\Program Files\dotnet\sdk\10.0.201\Sdks\Microsoft.SourceLink.Common\tools\net\Microsoft.SourceLink.Common.dll)
       正在使用程序集“C:\Program Files\dotnet\sdk\10.0.201\Sdks\Microsoft.SourceLink.Common\build\..\tools\net\Microsoft.SourceLink.Common.dll”中的“Microsoft.SourceLink.Common.SourceLinkHasSingleProvider”任务。
       任务“Microsoft.SourceLink.Common.SourceLinkHasSingleProvider”
       已完成执行任务“Microsoft.SourceLink.Common.SourceLinkHasSingleProvider”的操作。
   1:7>已完成在项目“OMIManager.csproj”中生成目标“_SourceLinkHasSingleProvider”的操作。
   1:7>来自项目“f:\kaifa\OMI\tools\OMIManager\OMIManager.csproj”的文件“C:\Program Files\dotnet\sdk\10.0.201\Sdks\Microsoft.SourceLink.GitHub\build\Microsoft.SourceLink.GitHub.targets”中的目标“TranslateGitHubUrlsInSourceControlInformation”(目标“_InitializeSourceControlInformationFromSourceControlManager”依赖于它):
       在 TaskRun 期间加载的程序集: Microsoft.SourceLink.GitHub, Version=10.0.14.15422, Culture=neutral, PublicKeyToken=31bf3856ad364e35 (位置: C:\Program Files\dotnet\sdk\10.0.201\Sdks\Microsoft.SourceLink.GitHub\tools\net\Microsoft.SourceLink.GitHub.dll，MVID: e56478be-6202-4181-b068-05ee28f733a2，AssemblyLoadContext: MSBuild plugin C:\Program Files\dotnet\sdk\10.0.201\Sdks\Microsoft.SourceLink.GitHub\tools\net\Microsoft.SourceLink.GitHub.dll)
       正在使用程序集“C:\Program Files\dotnet\sdk\10.0.201\Sdks\Microsoft.SourceLink.GitHub\build\..\tools\net\Microsoft.SourceLink.GitHub.dll”中的“Microsoft.SourceLink.GitHub.TranslateRepositoryUrls”任务。
       任务“Microsoft.SourceLink.GitHub.TranslateRepositoryUrls”
       已完成执行任务“Microsoft.SourceLink.GitHub.TranslateRepositoryUrls”的操作。
   1:7>已完成在项目“OMIManager.csproj”中生成目标“TranslateGitHubUrlsInSourceControlInformation”的操作。
   1:7>来自项目“f:\kaifa\OMI\tools\OMIManager\OMIManager.csproj”的文件“C:\Program Files\dotnet\sdk\10.0.201\Sdks\Microsoft.SourceLink.GitLab\build\Microsoft.SourceLink.GitLab.targets”中的目标“TranslateGitLabUrlsInSourceControlInformation”(目标“_InitializeSourceControlInformationFromSourceControlManager”依赖于它):
       在 TaskRun 期间加载的程序集: Microsoft.SourceLink.GitLab, Version=10.0.14.15422, Culture=neutral, PublicKeyToken=31bf3856ad364e35 (位置: C:\Program Files\dotnet\sdk\10.0.201\Sdks\Microsoft.SourceLink.GitLab\tools\net\Microsoft.SourceLink.GitLab.dll，MVID: f500b36f-8921-4642-a4f7-cbf4c7547d7e，AssemblyLoadContext: MSBuild plugin C:\Program Files\dotnet\sdk\10.0.201\Sdks\Microsoft.SourceLink.GitLab\tools\net\Microsoft.SourceLink.GitLab.dll)
       正在使用程序集“C:\Program Files\dotnet\sdk\10.0.201\Sdks\Microsoft.SourceLink.GitLab\build\..\tools\net\Microsoft.SourceLink.GitLab.dll”中的“Microsoft.SourceLink.GitLab.TranslateRepositoryUrls”任务。
       任务“Microsoft.SourceLink.GitLab.TranslateRepositoryUrls”
       已完成执行任务“Microsoft.SourceLink.GitLab.TranslateRepositoryUrls”的操作。
   1:7>已完成在项目“OMIManager.csproj”中生成目标“TranslateGitLabUrlsInSourceControlInformation”的操作。
   1:7>来自项目“f:\kaifa\OMI\tools\OMIManager\OMIManager.csproj”的文件“C:\Program Files\dotnet\sdk\10.0.201\Sdks\Microsoft.SourceLink.AzureRepos.Git\build\Microsoft.SourceLink.AzureRepos.Git.targets”中的目标“TranslateAzureReposGitUrlsInSourceControlInformation”(目标“_InitializeSourceControlInformationFromSourceControlManager”依赖于它):
       在 TaskRun 期间加载的程序集: Microsoft.SourceLink.AzureRepos.Git, Version=10.0.14.15422, Culture=neutral, PublicKeyToken=31bf3856ad364e35 (位置: C:\Program Files\dotnet\sdk\10.0.201\Sdks\Microsoft.SourceLink.AzureRepos.Git\tools\net\Microsoft.SourceLink.AzureRepos.Git.dll，MVID: b7bfb942-3515-4789-b721-1d03e1b0ab44，AssemblyLoadContext: MSBuild plugin C:\Program Files\dotnet\sdk\10.0.201\Sdks\Microsoft.SourceLink.AzureRepos.Git\tools\net\Microsoft.SourceLink.AzureRepos.Git.dll)
       正在使用程序集“C:\Program Files\dotnet\sdk\10.0.201\Sdks\Microsoft.SourceLink.AzureRepos.Git\build\..\tools\net\Microsoft.SourceLink.AzureRepos.Git.dll”中的“Microsoft.SourceLink.AzureRepos.Git.TranslateRepositoryUrls”任务。
       任务“Microsoft.SourceLink.AzureRepos.Git.TranslateRepositoryUrls”
       已完成执行任务“Microsoft.SourceLink.AzureRepos.Git.TranslateRepositoryUrls”的操作。
   1:7>已完成在项目“OMIManager.csproj”中生成目标“TranslateAzureReposGitUrlsInSourceControlInformation”的操作。
   1:7>来自项目“f:\kaifa\OMI\tools\OMIManager\OMIManager.csproj”的文件“C:\Program Files\dotnet\sdk\10.0.201\Sdks\Microsoft.SourceLink.Bitbucket.Git\build\Microsoft.SourceLink.Bitbucket.Git.targets”中的目标“TranslateBitbucketGitUrlsInSourceControlInformation”(目标“_InitializeSourceControlInformationFromSourceControlManager”依赖于它):
       在 TaskRun 期间加载的程序集: Microsoft.SourceLink.Bitbucket.Git, Version=10.0.14.15422, Culture=neutral, PublicKeyToken=31bf3856ad364e35 (位置: C:\Program Files\dotnet\sdk\10.0.201\Sdks\Microsoft.SourceLink.Bitbucket.Git\tools\net\Microsoft.SourceLink.Bitbucket.Git.dll，MVID: 96b2f055-e0bc-4242-93e1-9f41fb8e2ede，AssemblyLoadContext: MSBuild plugin C:\Program Files\dotnet\sdk\10.0.201\Sdks\Microsoft.SourceLink.Bitbucket.Git\tools\net\Microsoft.SourceLink.Bitbucket.Git.dll)
       正在使用程序集“C:\Program Files\dotnet\sdk\10.0.201\Sdks\Microsoft.SourceLink.Bitbucket.Git\build\..\tools\net\Microsoft.SourceLink.Bitbucket.Git.dll”中的“Microsoft.SourceLink.Bitbucket.Git.TranslateRepositoryUrls”任务。
       任务“Microsoft.SourceLink.Bitbucket.Git.TranslateRepositoryUrls”
       已完成执行任务“Microsoft.SourceLink.Bitbucket.Git.TranslateRepositoryUrls”的操作。
   1:7>已完成在项目“OMIManager.csproj”中生成目标“TranslateBitbucketGitUrlsInSourceControlInformation”的操作。
   1:7>来自项目“f:\kaifa\OMI\tools\OMIManager\OMIManager.csproj”的文件“C:\Program Files\dotnet\sdk\10.0.201\Sdks\Microsoft.SourceLink.Common\build\InitializeSourceControlInformation.targets”中的目标“SourceControlManagerPublishTranslatedUrls”(目标“_InitializeSourceControlInformationFromSourceControlManager”依赖于它):
   1:7>已完成在项目“OMIManager.csproj”中生成目标“SourceControlManagerPublishTranslatedUrls”的操作。
   1:7>来自项目“f:\kaifa\OMI\tools\OMIManager\OMIManager.csproj”的文件“C:\Program Files\dotnet\sdk\10.0.201\Sdks\Microsoft.SourceLink.Common\build\InitializeSourceControlInformation.targets”中的目标“_InitializeSourceControlInformationFromSourceControlManager”(目标“InitializeSourceControlInformation”依赖于它):
   1:7>已完成在项目“OMIManager.csproj”中生成目标“_InitializeSourceControlInformationFromSourceControlManager”的操作。
   1:7>来自项目“f:\kaifa\OMI\tools\OMIManager\OMIManager.csproj”的文件“C:\Program Files\dotnet\sdk\10.0.201\Microsoft.Common.CurrentVersion.targets”中的目标“InitializeSourceControlInformation”(目标“GetAssemblyAttributes”依赖于它):
   1:7>已完成在项目“OMIManager.csproj”中生成目标“InitializeSourceControlInformation”的操作。
       已跳过目标“GetAssemblyVersion”。以前的生成已成功。
       已跳过目标“InitializeSourceControlInformation”。以前的生成已成功。
   1:7>来自项目“f:\kaifa\OMI\tools\OMIManager\OMIManager.csproj”的文件“C:\Program Files\dotnet\sdk\10.0.201\Sdks\Microsoft.NET.Sdk\targets\Microsoft.NET.GenerateAssemblyInfo.targets”中的目标“AddSourceRevisionToInformationalVersion”(目标“GetAssemblyAttributes”依赖于它):
   1:7>已完成在项目“OMIManager.csproj”中生成目标“AddSourceRevisionToInformationalVersion”的操作。
   1:7>来自项目“f:\kaifa\OMI\tools\OMIManager\OMIManager.csproj”的文件“C:\Program Files\dotnet\sdk\10.0.201\Sdks\Microsoft.NET.Sdk\targets\Microsoft.NET.GenerateAssemblyInfo.targets”中的目标“GetAssemblyAttributes”(目标“CreateGeneratedAssemblyInfoInputsCacheFile”依赖于它):
   1:7>已完成在项目“OMIManager.csproj”中生成目标“GetAssemblyAttributes”的操作。
   1:7>来自项目“f:\kaifa\OMI\tools\OMIManager\OMIManager.csproj”的文件“C:\Program Files\dotnet\sdk\10.0.201\Sdks\Microsoft.NET.Sdk\targets\Microsoft.NET.GenerateAssemblyInfo.targets”中的目标“CreateGeneratedAssemblyInfoInputsCacheFile”(目标“CoreGenerateAssemblyInfo”依赖于它):
       正在使用程序集“Microsoft.Build.Tasks.Core, Version=15.1.0.0, Culture=neutral, PublicKeyToken=b03f5f7f11d50a3a”中的“Hash”任务。
       任务“Hash”
       已完成执行任务“Hash”的操作。
       任务“WriteLinesToFile”
         跳过写入到文件“f:\kaifa\OMI\tools\OMIManager\obj\Release\net10.0-windows\OMIManager.AssemblyInfoInputs.cache”，因为内容不会改变。
       已完成执行任务“WriteLinesToFile”的操作。
   1:7>已完成在项目“OMIManager.csproj”中生成目标“CreateGeneratedAssemblyInfoInputsCacheFile”的操作。
   1:7>来自项目“f:\kaifa\OMI\tools\OMIManager\OMIManager.csproj”的文件“C:\Program Files\dotnet\sdk\10.0.201\Sdks\Microsoft.NET.Sdk\targets\Microsoft.NET.GenerateAssemblyInfo.targets”中的目标“CoreGenerateAssemblyInfo”(目标“GenerateAssemblyInfo”依赖于它):
       正在跳过目标“CoreGenerateAssemblyInfo”，因为所有输出文件相对于输入文件而言都是最新的。
       输入文件:obj\Release\net10.0-windows\OMIManager.AssemblyInfoInputs.cache
       输出文件:obj\Release\net10.0-windows\OMIManager.AssemblyInfo.cs
   1:7>已完成在项目“OMIManager.csproj”中生成目标“CoreGenerateAssemblyInfo”的操作。
   1:7>来自项目“f:\kaifa\OMI\tools\OMIManager\OMIManager.csproj”的文件“C:\Program Files\dotnet\sdk\10.0.201\Sdks\Microsoft.NET.Sdk\targets\Microsoft.NET.GenerateAssemblyInfo.targets”中的目标“GenerateAssemblyInfo”(目标“BeforeCompile”依赖于它):
   1:7>已完成在项目“OMIManager.csproj”中生成目标“GenerateAssemblyInfo”的操作。
   1:7>来自项目“f:\kaifa\OMI\tools\OMIManager\OMIManager.csproj”的文件“C:\Program Files\dotnet\sdk\10.0.201\Microsoft.Common.CurrentVersion.targets”中的目标“BeforeCompile”(目标“Compile”依赖于它):
   1:7>已完成在项目“OMIManager.csproj”中生成目标“BeforeCompile”的操作。
       已跳过目标“ResolveAssemblyReferences”。以前的生成已成功。
       已跳过目标“_GenerateCompileInputs”。以前的生成已成功。
   1:7>来自项目“f:\kaifa\OMI\tools\OMIManager\OMIManager.csproj”的文件“C:\Program Files\dotnet\sdk\10.0.201\Microsoft.Common.CurrentVersion.targets”中的目标“_GenerateCompileDependencyCache”(目标“Compile”依赖于它):
       任务“Hash”
       已完成执行任务“Hash”的操作。
       任务“WriteLinesToFile”
         跳过写入到文件“f:\kaifa\OMI\tools\OMIManager\obj\Release\net10.0-windows\OMIManager.csproj.CoreCompileInputs.cache”，因为内容不会改变。
       已完成执行任务“WriteLinesToFile”的操作。
   1:7>已完成在项目“OMIManager.csproj”中生成目标“_GenerateCompileDependencyCache”的操作。
   1:7>来自项目“f:\kaifa\OMI\tools\OMIManager\OMIManager.csproj”的文件“C:\Program Files\dotnet\sdk\10.0.201\Roslyn\Microsoft.Managed.Core.targets”中的目标“_BeforeVBCSCoreCompile”(目标“CoreCompile”依赖于它):
   1:7>已完成在项目“OMIManager.csproj”中生成目标“_BeforeVBCSCoreCompile”的操作。
   1:7>来自项目“f:\kaifa\OMI\tools\OMIManager\OMIManager.csproj”的文件“C:\Program Files\dotnet\sdk\10.0.201\Roslyn\Microsoft.Managed.Core.targets”中的目标“_ComputeSkipAnalyzers”(目标“CoreCompile”依赖于它):
   1:7>已完成在项目“OMIManager.csproj”中生成目标“_ComputeSkipAnalyzers”的操作。
       已跳过目标“BeforeCompile”。以前的生成已成功。
       已跳过目标“InitializeSourceControlInformationFromSourceControlManager”。以前的生成已成功。
   1:7>来自项目“f:\kaifa\OMI\tools\OMIManager\OMIManager.csproj”的文件“C:\Program Files\dotnet\sdk\10.0.201\Sdks\Microsoft.Build.Tasks.Git\build\Microsoft.Build.Tasks.Git.targets”中的目标“SetEmbeddedFilesFromSourceControlManagerUntrackedFiles”(目标“_SetEmbeddedFilesFromSourceControlManagerUntrackedFiles”依赖于它):
   1:7>已完成在项目“OMIManager.csproj”中生成目标“SetEmbeddedFilesFromSourceControlManagerUntrackedFiles”的操作。
   1:7>来自项目“f:\kaifa\OMI\tools\OMIManager\OMIManager.csproj”的文件“C:\Program Files\dotnet\sdk\10.0.201\Sdks\Microsoft.SourceLink.Common\build\Microsoft.SourceLink.Common.targets”中的目标“_SetEmbeddedFilesFromSourceControlManagerUntrackedFiles”(目标“CoreCompile”依赖于它):
   1:7>已完成在项目“OMIManager.csproj”中生成目标“_SetEmbeddedFilesFromSourceControlManagerUntrackedFiles”的操作。
       已跳过目标“InitializeSourceControlInformation”。以前的生成已成功。
   1:7>来自项目“f:\kaifa\OMI\tools\OMIManager\OMIManager.csproj”的文件“C:\Program Files\dotnet\sdk\10.0.201\Sdks\Microsoft.SourceLink.Common\build\Microsoft.SourceLink.Common.targets”中的目标“_SetSourceLinkFilePath”(目标“_GenerateSourceLinkFile”依赖于它):
   1:7>已完成在项目“OMIManager.csproj”中生成目标“_SetSourceLinkFilePath”的操作。
       已跳过目标“InitializeSourceControlInformation”。以前的生成已成功。
   1:7>来自项目“f:\kaifa\OMI\tools\OMIManager\OMIManager.csproj”的文件“C:\Program Files\dotnet\sdk\10.0.201\Roslyn\Microsoft.Managed.Core.targets”中的目标“_InitializeSourceRootMappedPathsFromSourceControl”(目标“InitializeSourceRootMappedPaths”依赖于它):
   1:7>已完成在项目“OMIManager.csproj”中生成目标“_InitializeSourceRootMappedPathsFromSourceControl”的操作。
   1:7>来自项目“f:\kaifa\OMI\tools\OMIManager\OMIManager.csproj”的文件“C:\Program Files\dotnet\sdk\10.0.201\Roslyn\Microsoft.Managed.Core.targets”中的目标“InitializeSourceRootMappedPaths”(目标“_InitializeSourceRootMappedPathsOpt”依赖于它):
       正在使用程序集“C:\Program Files\dotnet\sdk\10.0.201\Sdks\Microsoft.NET.Sdk\targets\..\..\..\Roslyn\Microsoft.Build.Tasks.CodeAnalysis.dll”中的“Microsoft.CodeAnalysis.BuildTasks.MapSourceRoots”任务。
       任务“Microsoft.CodeAnalysis.BuildTasks.MapSourceRoots”
       已完成执行任务“Microsoft.CodeAnalysis.BuildTasks.MapSourceRoots”的操作。
   1:7>已完成在项目“OMIManager.csproj”中生成目标“InitializeSourceRootMappedPaths”的操作。
   1:7>来自项目“f:\kaifa\OMI\tools\OMIManager\OMIManager.csproj”的文件“C:\Program Files\dotnet\sdk\10.0.201\Sdks\Microsoft.SourceLink.Common\build\Microsoft.SourceLink.Common.targets”中的目标“_InitializeSourceRootMappedPathsOpt”(目标“_GenerateSourceLinkFile”依赖于它):
   1:7>已完成在项目“OMIManager.csproj”中生成目标“_InitializeSourceRootMappedPathsOpt”的操作。
   1:7>来自项目“f:\kaifa\OMI\tools\OMIManager\OMIManager.csproj”的文件“C:\Program Files\dotnet\sdk\10.0.201\Sdks\Microsoft.SourceLink.GitHub\build\Microsoft.SourceLink.GitHub.targets”中的目标“_InitializeGitHubSourceLinkUrl”(目标“_GenerateSourceLinkFile”依赖于它):
       正在完全生成目标“_InitializeGitHubSourceLinkUrl”。
       未指定输入文件。
       正在使用程序集“C:\Program Files\dotnet\sdk\10.0.201\Sdks\Microsoft.SourceLink.GitHub\build\..\tools\net\Microsoft.SourceLink.GitHub.dll”中的“Microsoft.SourceLink.GitHub.GetSourceLinkUrl”任务。
       任务“Microsoft.SourceLink.GitHub.GetSourceLinkUrl”
       已完成执行任务“Microsoft.SourceLink.GitHub.GetSourceLinkUrl”的操作。
   1:7>已完成在项目“OMIManager.csproj”中生成目标“_InitializeGitHubSourceLinkUrl”的操作。
   1:7>来自项目“f:\kaifa\OMI\tools\OMIManager\OMIManager.csproj”的文件“C:\Program Files\dotnet\sdk\10.0.201\Sdks\Microsoft.SourceLink.GitLab\build\Microsoft.SourceLink.GitLab.targets”中的目标“_InitializeGitLabSourceLinkUrl”(目标“_GenerateSourceLinkFile”依赖于它):
       正在完全生成目标“_InitializeGitLabSourceLinkUrl”。
       未指定输入文件。
       正在使用程序集“C:\Program Files\dotnet\sdk\10.0.201\Sdks\Microsoft.SourceLink.GitLab\build\..\tools\net\Microsoft.SourceLink.GitLab.dll”中的“Microsoft.SourceLink.GitLab.GetSourceLinkUrl”任务。
       任务“Microsoft.SourceLink.GitLab.GetSourceLinkUrl”
       已完成执行任务“Microsoft.SourceLink.GitLab.GetSourceLinkUrl”的操作。
   1:7>已完成在项目“OMIManager.csproj”中生成目标“_InitializeGitLabSourceLinkUrl”的操作。
   1:7>来自项目“f:\kaifa\OMI\tools\OMIManager\OMIManager.csproj”的文件“C:\Program Files\dotnet\sdk\10.0.201\Sdks\Microsoft.SourceLink.AzureRepos.Git\build\Microsoft.SourceLink.AzureRepos.Git.targets”中的目标“_InitializeAzureReposGitSourceLinkUrl”(目标“_GenerateSourceLinkFile”依赖于它):
       正在完全生成目标“_InitializeAzureReposGitSourceLinkUrl”。
       未指定输入文件。
       正在使用程序集“C:\Program Files\dotnet\sdk\10.0.201\Sdks\Microsoft.SourceLink.AzureRepos.Git\build\..\tools\net\Microsoft.SourceLink.AzureRepos.Git.dll”中的“Microsoft.SourceLink.AzureRepos.Git.GetSourceLinkUrl”任务。
       任务“Microsoft.SourceLink.AzureRepos.Git.GetSourceLinkUrl”
       已完成执行任务“Microsoft.SourceLink.AzureRepos.Git.GetSourceLinkUrl”的操作。
   1:7>已完成在项目“OMIManager.csproj”中生成目标“_InitializeAzureReposGitSourceLinkUrl”的操作。
   1:7>来自项目“f:\kaifa\OMI\tools\OMIManager\OMIManager.csproj”的文件“C:\Program Files\dotnet\sdk\10.0.201\Sdks\Microsoft.SourceLink.Bitbucket.Git\build\Microsoft.SourceLink.Bitbucket.Git.targets”中的目标“_InitializeBitbucketGitSourceLinkUrl”(目标“_GenerateSourceLinkFile”依赖于它):
       正在完全生成目标“_InitializeBitbucketGitSourceLinkUrl”。
       未指定输入文件。
       正在使用程序集“C:\Program Files\dotnet\sdk\10.0.201\Sdks\Microsoft.SourceLink.Bitbucket.Git\build\..\tools\net\Microsoft.SourceLink.Bitbucket.Git.dll”中的“Microsoft.SourceLink.Bitbucket.Git.GetSourceLinkUrl”任务。
       任务“Microsoft.SourceLink.Bitbucket.Git.GetSourceLinkUrl”
       已完成执行任务“Microsoft.SourceLink.Bitbucket.Git.GetSourceLinkUrl”的操作。
   1:7>已完成在项目“OMIManager.csproj”中生成目标“_InitializeBitbucketGitSourceLinkUrl”的操作。
   1:7>来自项目“f:\kaifa\OMI\tools\OMIManager\OMIManager.csproj”的文件“C:\Program Files\dotnet\sdk\10.0.201\Sdks\Microsoft.SourceLink.Common\build\Microsoft.SourceLink.Common.targets”中的目标“_GenerateSourceLinkFile”(目标“GenerateSourceLinkFile”依赖于它):
       正在完全生成目标“_GenerateSourceLinkFile”。
       未指定输入文件。
       正在使用程序集“C:\Program Files\dotnet\sdk\10.0.201\Sdks\Microsoft.SourceLink.Common\build\..\tools\net\Microsoft.SourceLink.Common.dll”中的“Microsoft.SourceLink.Common.GenerateSourceLinkFile”任务。
       任务“Microsoft.SourceLink.Common.GenerateSourceLinkFile”
         在 TaskRun (Microsoft.SourceLink.Common.GenerateSourceLinkFile) 期间加载的程序集: Microsoft.SourceLink.Common.resources, Version=10.0.14.15422, Culture=zh-Hans, PublicKeyToken=31bf3856ad364e35 (位置: C:\Program Files\dotnet\sdk\10.0.201\Sdks\Microsoft.SourceLink.Common\tools\net\zh-Hans\Microsoft.SourceLink.Common.resources.dll，MVID: 14ee3bdc-ad31-4226-bf70-917d2db17263，AssemblyLoadContext: MSBuild plugin C:\Program Files\dotnet\sdk\10.0.201\Sdks\Microsoft.SourceLink.Common\tools\net\Microsoft.SourceLink.Common.dll)
         Source Link 为空，则文件 "obj\Release\net10.0-windows\OMIManager.sourcelink.json" 不存在。
       已完成执行任务“Microsoft.SourceLink.Common.GenerateSourceLinkFile”的操作。
   1:7>已完成在项目“OMIManager.csproj”中生成目标“_GenerateSourceLinkFile”的操作。
   1:7>来自项目“f:\kaifa\OMI\tools\OMIManager\OMIManager.csproj”的文件“C:\Program Files\dotnet\sdk\10.0.201\Sdks\Microsoft.SourceLink.Common\build\Microsoft.SourceLink.Common.targets”中的目标“GenerateSourceLinkFile”(目标“CoreCompile”依赖于它):
   1:7>已完成在项目“OMIManager.csproj”中生成目标“GenerateSourceLinkFile”的操作。
   1:7>来自项目“f:\kaifa\OMI\tools\OMIManager\OMIManager.csproj”的文件“C:\Program Files\dotnet\sdk\10.0.201\Sdks\Microsoft.NET.Sdk\analyzers\build\Microsoft.CodeAnalysis.NetAnalyzers.targets”中的目标“AddGlobalAnalyzerConfigForPackage_MicrosoftCodeAnalysisNetAnalyzers”(目标“CoreCompile”依赖于它):
   1:7>已完成在项目“OMIManager.csproj”中生成目标“AddGlobalAnalyzerConfigForPackage_MicrosoftCodeAnalysisNetAnalyzers”的操作。
   1:7>来自项目“f:\kaifa\OMI\tools\OMIManager\OMIManager.csproj”的文件“C:\Program Files\dotnet\sdk\10.0.201\Sdks\Microsoft.NET.Sdk.WindowsDesktop\targets\Microsoft.WinFX.targets”中的目标“RemoveDuplicateAnalyzers”(目标“CoreCompile”依赖于它):
   1:7>已完成在项目“OMIManager.csproj”中生成目标“RemoveDuplicateAnalyzers”的操作。
   1:7>来自项目“f:\kaifa\OMI\tools\OMIManager\OMIManager.csproj”的文件“C:\Program Files\dotnet\sdk\10.0.201\Roslyn\Microsoft.CSharp.Core.targets”中的目标“CoreCompile”(目标“Compile”依赖于它):
       正在跳过目标“CoreCompile”，因为所有输出文件相对于输入文件而言都是最新的。
       输入文件:
           Form1.cs
           Program.cs
           obj\Release\net10.0-windows\OMIManager.GlobalUsings.g.cs
           obj\Release\net10.0-windows\.NETCoreApp,Version=v10.0.AssemblyAttributes.cs
           obj\Release\net10.0-windows\OMIManager.AssemblyInfo.cs
           C:\Program Files\dotnet\packs\Microsoft.WindowsDesktop.App.Ref\10.0.5\ref\net10.0\Accessibility.dll
           C:\Program Files\dotnet\packs\Microsoft.NETCore.App.Ref\10.0.5\ref\net10.0\Microsoft.CSharp.dll
           C:\Program Files\dotnet\packs\Microsoft.NETCore.App.Ref\10.0.5\ref\net10.0\Microsoft.VisualBasic.Core.dll
           C:\Program Files\dotnet\packs\Microsoft.WindowsDesktop.App.Ref\10.0.5\ref\net10.0\Microsoft.VisualBasic.dll
           C:\Program Files\dotnet\packs\Microsoft.WindowsDesktop.App.Ref\10.0.5\ref\net10.0\Microsoft.VisualBasic.Forms.dll
           C:\Program Files\dotnet\packs\Microsoft.NETCore.App.Ref\10.0.5\ref\net10.0\Microsoft.Win32.Primitives.dll
           C:\Program Files\dotnet\packs\Microsoft.WindowsDesktop.App.Ref\10.0.5\ref\net10.0\Microsoft.Win32.Registry.AccessControl.dll
           C:\Program Files\dotnet\packs\Microsoft.NETCore.App.Ref\10.0.5\ref\net10.0\Microsoft.Win32.Registry.dll
           C:\Program Files\dotnet\packs\Microsoft.WindowsDesktop.App.Ref\10.0.5\ref\net10.0\Microsoft.Win32.SystemEvents.dll
           C:\Program Files\dotnet\packs\Microsoft.NETCore.App.Ref\10.0.5\ref\net10.0\mscorlib.dll
           C:\Program Files\dotnet\packs\Microsoft.NETCore.App.Ref\10.0.5\ref\net10.0\netstandard.dll
           C:\Program Files\dotnet\packs\Microsoft.NETCore.App.Ref\10.0.5\ref\net10.0\System.AppContext.dll
           C:\Program Files\dotnet\packs\Microsoft.NETCore.App.Ref\10.0.5\ref\net10.0\System.Buffers.dll
           C:\Program Files\dotnet\packs\Microsoft.WindowsDesktop.App.Ref\10.0.5\ref\net10.0\System.CodeDom.dll
           C:\Program Files\dotnet\packs\Microsoft.NETCore.App.Ref\10.0.5\ref\net10.0\System.Collections.Concurrent.dll
           C:\Program Files\dotnet\packs\Microsoft.NETCore.App.Ref\10.0.5\ref\net10.0\System.Collections.dll
           C:\Program Files\dotnet\packs\Microsoft.NETCore.App.Ref\10.0.5\ref\net10.0\System.Collections.Immutable.dll
           C:\Program Files\dotnet\packs\Microsoft.NETCore.App.Ref\10.0.5\ref\net10.0\System.Collections.NonGeneric.dll
           C:\Program Files\dotnet\packs\Microsoft.NETCore.App.Ref\10.0.5\ref\net10.0\System.Collections.Specialized.dll
           C:\Program Files\dotnet\packs\Microsoft.NETCore.App.Ref\10.0.5\ref\net10.0\System.ComponentModel.Annotations.dll
           C:\Program Files\dotnet\packs\Microsoft.NETCore.App.Ref\10.0.5\ref\net10.0\System.ComponentModel.DataAnnotations.dll
           C:\Program Files\dotnet\packs\Microsoft.NETCore.App.Ref\10.0.5\ref\net10.0\System.ComponentModel.dll
           C:\Program Files\dotnet\packs\Microsoft.NETCore.App.Ref\10.0.5\ref\net10.0\System.ComponentModel.EventBasedAsync.dll
           C:\Program Files\dotnet\packs\Microsoft.NETCore.App.Ref\10.0.5\ref\net10.0\System.ComponentModel.Primitives.dll
           C:\Program Files\dotnet\packs\Microsoft.NETCore.App.Ref\10.0.5\ref\net10.0\System.ComponentModel.TypeConverter.dll
           C:\Program Files\dotnet\packs\Microsoft.WindowsDesktop.App.Ref\10.0.5\ref\net10.0\System.Configuration.ConfigurationManager.dll
           C:\Program Files\dotnet\packs\Microsoft.NETCore.App.Ref\10.0.5\ref\net10.0\System.Configuration.dll
           C:\Program Files\dotnet\packs\Microsoft.NETCore.App.Ref\10.0.5\ref\net10.0\System.Console.dll
           C:\Program Files\dotnet\packs\Microsoft.NETCore.App.Ref\10.0.5\ref\net10.0\System.Core.dll
           C:\Program Files\dotnet\packs\Microsoft.NETCore.App.Ref\10.0.5\ref\net10.0\System.Data.Common.dll
           C:\Program Files\dotnet\packs\Microsoft.NETCore.App.Ref\10.0.5\ref\net10.0\System.Data.DataSetExtensions.dll
           C:\Program Files\dotnet\packs\Microsoft.NETCore.App.Ref\10.0.5\ref\net10.0\System.Data.dll
           C:\Program Files\dotnet\packs\Microsoft.WindowsDesktop.App.Ref\10.0.5\ref\net10.0\System.Design.dll
           C:\Program Files\dotnet\packs\Microsoft.NETCore.App.Ref\10.0.5\ref\net10.0\System.Diagnostics.Contracts.dll
           C:\Program Files\dotnet\packs\Microsoft.NETCore.App.Ref\10.0.5\ref\net10.0\System.Diagnostics.Debug.dll
           C:\Program Files\dotnet\packs\Microsoft.NETCore.App.Ref\10.0.5\ref\net10.0\System.Diagnostics.DiagnosticSource.dll
           C:\Program Files\dotnet\packs\Microsoft.WindowsDesktop.App.Ref\10.0.5\ref\net10.0\System.Diagnostics.EventLog.dll
           C:\Program Files\dotnet\packs\Microsoft.NETCore.App.Ref\10.0.5\ref\net10.0\System.Diagnostics.FileVersionInfo.dll
           C:\Program Files\dotnet\packs\Microsoft.WindowsDesktop.App.Ref\10.0.5\ref\net10.0\System.Diagnostics.PerformanceCounter.dll
           C:\Program Files\dotnet\packs\Microsoft.NETCore.App.Ref\10.0.5\ref\net10.0\System.Diagnostics.Process.dll
           C:\Program Files\dotnet\packs\Microsoft.NETCore.App.Ref\10.0.5\ref\net10.0\System.Diagnostics.StackTrace.dll
           C:\Program Files\dotnet\packs\Microsoft.NETCore.App.Ref\10.0.5\ref\net10.0\System.Diagnostics.TextWriterTraceListener.dll
           C:\Program Files\dotnet\packs\Microsoft.NETCore.App.Ref\10.0.5\ref\net10.0\System.Diagnostics.Tools.dll
           C:\Program Files\dotnet\packs\Microsoft.NETCore.App.Ref\10.0.5\ref\net10.0\System.Diagnostics.TraceSource.dll
           C:\Program Files\dotnet\packs\Microsoft.NETCore.App.Ref\10.0.5\ref\net10.0\System.Diagnostics.Tracing.dll
           C:\Program Files\dotnet\packs\Microsoft.WindowsDesktop.App.Ref\10.0.5\ref\net10.0\System.DirectoryServices.dll
           C:\Program Files\dotnet\packs\Microsoft.NETCore.App.Ref\10.0.5\ref\net10.0\System.dll
           C:\Program Files\dotnet\packs\Microsoft.WindowsDesktop.App.Ref\10.0.5\ref\net10.0\System.Drawing.Common.dll
           C:\Program Files\dotnet\packs\Microsoft.WindowsDesktop.App.Ref\10.0.5\ref\net10.0\System.Drawing.Design.dll
           C:\Program Files\dotnet\packs\Microsoft.WindowsDesktop.App.Ref\10.0.5\ref\net10.0\System.Drawing.dll
           C:\Program Files\dotnet\packs\Microsoft.NETCore.App.Ref\10.0.5\ref\net10.0\System.Drawing.Primitives.dll
           C:\Program Files\dotnet\packs\Microsoft.NETCore.App.Ref\10.0.5\ref\net10.0\System.Dynamic.Runtime.dll
           C:\Program Files\dotnet\packs\Microsoft.NETCore.App.Ref\10.0.5\ref\net10.0\System.Formats.Asn1.dll
           C:\Program Files\dotnet\packs\Microsoft.WindowsDesktop.App.Ref\10.0.5\ref\net10.0\System.Formats.Nrbf.dll
           C:\Program Files\dotnet\packs\Microsoft.NETCore.App.Ref\10.0.5\ref\net10.0\System.Formats.Tar.dll
           C:\Program Files\dotnet\packs\Microsoft.NETCore.App.Ref\10.0.5\ref\net10.0\System.Globalization.Calendars.dll
           C:\Program Files\dotnet\packs\Microsoft.NETCore.App.Ref\10.0.5\ref\net10.0\System.Globalization.dll
           C:\Program Files\dotnet\packs\Microsoft.NETCore.App.Ref\10.0.5\ref\net10.0\System.Globalization.Extensions.dll
           C:\Program Files\dotnet\packs\Microsoft.NETCore.App.Ref\10.0.5\ref\net10.0\System.IO.Compression.Brotli.dll
           C:\Program Files\dotnet\packs\Microsoft.NETCore.App.Ref\10.0.5\ref\net10.0\System.IO.Compression.dll
           C:\Program Files\dotnet\packs\Microsoft.NETCore.App.Ref\10.0.5\ref\net10.0\System.IO.Compression.FileSystem.dll
           C:\Program Files\dotnet\packs\Microsoft.NETCore.App.Ref\10.0.5\ref\net10.0\System.IO.Compression.ZipFile.dll
           C:\Program Files\dotnet\packs\Microsoft.NETCore.App.Ref\10.0.5\ref\net10.0\System.IO.dll
           C:\Program Files\dotnet\packs\Microsoft.NETCore.App.Ref\10.0.5\ref\net10.0\System.IO.FileSystem.AccessControl.dll
           C:\Program Files\dotnet\packs\Microsoft.NETCore.App.Ref\10.0.5\ref\net10.0\System.IO.FileSystem.dll
           C:\Program Files\dotnet\packs\Microsoft.NETCore.App.Ref\10.0.5\ref\net10.0\System.IO.FileSystem.DriveInfo.dll
           C:\Program Files\dotnet\packs\Microsoft.NETCore.App.Ref\10.0.5\ref\net10.0\System.IO.FileSystem.Primitives.dll
           C:\Program Files\dotnet\packs\Microsoft.NETCore.App.Ref\10.0.5\ref\net10.0\System.IO.FileSystem.Watcher.dll
           C:\Program Files\dotnet\packs\Microsoft.NETCore.App.Ref\10.0.5\ref\net10.0\System.IO.IsolatedStorage.dll
           C:\Program Files\dotnet\packs\Microsoft.NETCore.App.Ref\10.0.5\ref\net10.0\System.IO.MemoryMappedFiles.dll
           C:\Program Files\dotnet\packs\Microsoft.WindowsDesktop.App.Ref\10.0.5\ref\net10.0\System.IO.Packaging.dll
           C:\Program Files\dotnet\packs\Microsoft.NETCore.App.Ref\10.0.5\ref\net10.0\System.IO.Pipelines.dll
           C:\Program Files\dotnet\packs\Microsoft.NETCore.App.Ref\10.0.5\ref\net10.0\System.IO.Pipes.AccessControl.dll
           C:\Program Files\dotnet\packs\Microsoft.NETCore.App.Ref\10.0.5\ref\net10.0\System.IO.Pipes.dll
           C:\Program Files\dotnet\packs\Microsoft.NETCore.App.Ref\10.0.5\ref\net10.0\System.IO.UnmanagedMemoryStream.dll
           C:\Program Files\dotnet\packs\Microsoft.NETCore.App.Ref\10.0.5\ref\net10.0\System.Linq.AsyncEnumerable.dll
           C:\Program Files\dotnet\packs\Microsoft.NETCore.App.Ref\10.0.5\ref\net10.0\System.Linq.dll
           C:\Program Files\dotnet\packs\Microsoft.NETCore.App.Ref\10.0.5\ref\net10.0\System.Linq.Expressions.dll
           C:\Program Files\dotnet\packs\Microsoft.NETCore.App.Ref\10.0.5\ref\net10.0\System.Linq.Parallel.dll
           C:\Program Files\dotnet\packs\Microsoft.NETCore.App.Ref\10.0.5\ref\net10.0\System.Linq.Queryable.dll
           C:\Program Files\dotnet\packs\Microsoft.NETCore.App.Ref\10.0.5\ref\net10.0\System.Memory.dll
           C:\Program Files\dotnet\packs\Microsoft.NETCore.App.Ref\10.0.5\ref\net10.0\System.Net.dll
           C:\Program Files\dotnet\packs\Microsoft.NETCore.App.Ref\10.0.5\ref\net10.0\System.Net.Http.dll
           C:\Program Files\dotnet\packs\Microsoft.NETCore.App.Ref\10.0.5\ref\net10.0\System.Net.Http.Json.dll
           C:\Program Files\dotnet\packs\Microsoft.NETCore.App.Ref\10.0.5\ref\net10.0\System.Net.HttpListener.dll
           C:\Program Files\dotnet\packs\Microsoft.NETCore.App.Ref\10.0.5\ref\net10.0\System.Net.Mail.dll
           C:\Program Files\dotnet\packs\Microsoft.NETCore.App.Ref\10.0.5\ref\net10.0\System.Net.NameResolution.dll
           C:\Program Files\dotnet\packs\Microsoft.NETCore.App.Ref\10.0.5\ref\net10.0\System.Net.NetworkInformation.dll
           C:\Program Files\dotnet\packs\Microsoft.NETCore.App.Ref\10.0.5\ref\net10.0\System.Net.Ping.dll
           C:\Program Files\dotnet\packs\Microsoft.NETCore.App.Ref\10.0.5\ref\net10.0\System.Net.Primitives.dll
           C:\Program Files\dotnet\packs\Microsoft.NETCore.App.Ref\10.0.5\ref\net10.0\System.Net.Quic.dll
           C:\Program Files\dotnet\packs\Microsoft.NETCore.App.Ref\10.0.5\ref\net10.0\System.Net.Requests.dll
           C:\Program Files\dotnet\packs\Microsoft.NETCore.App.Ref\10.0.5\ref\net10.0\System.Net.Security.dll
           C:\Program Files\dotnet\packs\Microsoft.NETCore.App.Ref\10.0.5\ref\net10.0\System.Net.ServerSentEvents.dll
           C:\Program Files\dotnet\packs\Microsoft.NETCore.App.Ref\10.0.5\ref\net10.0\System.Net.ServicePoint.dll
           C:\Program Files\dotnet\packs\Microsoft.NETCore.App.Ref\10.0.5\ref\net10.0\System.Net.Sockets.dll
           C:\Program Files\dotnet\packs\Microsoft.NETCore.App.Ref\10.0.5\ref\net10.0\System.Net.WebClient.dll
           C:\Program Files\dotnet\packs\Microsoft.NETCore.App.Ref\10.0.5\ref\net10.0\System.Net.WebHeaderCollection.dll
           C:\Program Files\dotnet\packs\Microsoft.NETCore.App.Ref\10.0.5\ref\net10.0\System.Net.WebProxy.dll
           C:\Program Files\dotnet\packs\Microsoft.NETCore.App.Ref\10.0.5\ref\net10.0\System.Net.WebSockets.Client.dll
           C:\Program Files\dotnet\packs\Microsoft.NETCore.App.Ref\10.0.5\ref\net10.0\System.Net.WebSockets.dll
           C:\Program Files\dotnet\packs\Microsoft.NETCore.App.Ref\10.0.5\ref\net10.0\System.Numerics.dll
           C:\Program Files\dotnet\packs\Microsoft.NETCore.App.Ref\10.0.5\ref\net10.0\System.Numerics.Vectors.dll
           C:\Program Files\dotnet\packs\Microsoft.NETCore.App.Ref\10.0.5\ref\net10.0\System.ObjectModel.dll
           C:\Program Files\dotnet\packs\Microsoft.WindowsDesktop.App.Ref\10.0.5\ref\net10.0\System.Private.Windows.Core.dll
           C:\Program Files\dotnet\packs\Microsoft.WindowsDesktop.App.Ref\10.0.5\ref\net10.0\System.Private.Windows.GdiPlus.dll
           C:\Program Files\dotnet\packs\Microsoft.NETCore.App.Ref\10.0.5\ref\net10.0\System.Reflection.DispatchProxy.dll
           C:\Program Files\dotnet\packs\Microsoft.NETCore.App.Ref\10.0.5\ref\net10.0\System.Reflection.dll
           C:\Program Files\dotnet\packs\Microsoft.NETCore.App.Ref\10.0.5\ref\net10.0\System.Reflection.Emit.dll
           C:\Program Files\dotnet\packs\Microsoft.NETCore.App.Ref\10.0.5\ref\net10.0\System.Reflection.Emit.ILGeneration.dll
           C:\Program Files\dotnet\packs\Microsoft.NETCore.App.Ref\10.0.5\ref\net10.0\System.Reflection.Emit.Lightweight.dll
           C:\Program Files\dotnet\packs\Microsoft.NETCore.App.Ref\10.0.5\ref\net10.0\System.Reflection.Extensions.dll
           C:\Program Files\dotnet\packs\Microsoft.NETCore.App.Ref\10.0.5\ref\net10.0\System.Reflection.Metadata.dll
           C:\Program Files\dotnet\packs\Microsoft.NETCore.App.Ref\10.0.5\ref\net10.0\System.Reflection.Primitives.dll
           C:\Program Files\dotnet\packs\Microsoft.NETCore.App.Ref\10.0.5\ref\net10.0\System.Reflection.TypeExtensions.dll
           C:\Program Files\dotnet\packs\Microsoft.WindowsDesktop.App.Ref\10.0.5\ref\net10.0\System.Resources.Extensions.dll
           C:\Program Files\dotnet\packs\Microsoft.NETCore.App.Ref\10.0.5\ref\net10.0\System.Resources.Reader.dll
           C:\Program Files\dotnet\packs\Microsoft.NETCore.App.Ref\10.0.5\ref\net10.0\System.Resources.ResourceManager.dll
           C:\Program Files\dotnet\packs\Microsoft.NETCore.App.Ref\10.0.5\ref\net10.0\System.Resources.Writer.dll
           C:\Program Files\dotnet\packs\Microsoft.NETCore.App.Ref\10.0.5\ref\net10.0\System.Runtime.CompilerServices.Unsafe.dll
           C:\Program Files\dotnet\packs\Microsoft.NETCore.App.Ref\10.0.5\ref\net10.0\System.Runtime.CompilerServices.VisualC.dll
           C:\Program Files\dotnet\packs\Microsoft.NETCore.App.Ref\10.0.5\ref\net10.0\System.Runtime.dll
           C:\Program Files\dotnet\packs\Microsoft.NETCore.App.Ref\10.0.5\ref\net10.0\System.Runtime.Extensions.dll
           C:\Program Files\dotnet\packs\Microsoft.NETCore.App.Ref\10.0.5\ref\net10.0\System.Runtime.Handles.dll
           C:\Program Files\dotnet\packs\Microsoft.NETCore.App.Ref\10.0.5\ref\net10.0\System.Runtime.InteropServices.dll
           C:\Program Files\dotnet\packs\Microsoft.NETCore.App.Ref\10.0.5\ref\net10.0\System.Runtime.InteropServices.JavaScript.dll
           C:\Program Files\dotnet\packs\Microsoft.NETCore.App.Ref\10.0.5\ref\net10.0\System.Runtime.InteropServices.RuntimeInformation.dll
           C:\Program Files\dotnet\packs\Microsoft.NETCore.App.Ref\10.0.5\ref\net10.0\System.Runtime.Intrinsics.dll
           C:\Program Files\dotnet\packs\Microsoft.NETCore.App.Ref\10.0.5\ref\net10.0\System.Runtime.Loader.dll
           C:\Program Files\dotnet\packs\Microsoft.NETCore.App.Ref\10.0.5\ref\net10.0\System.Runtime.Numerics.dll
           C:\Program Files\dotnet\packs\Microsoft.NETCore.App.Ref\10.0.5\ref\net10.0\System.Runtime.Serialization.dll
           C:\Program Files\dotnet\packs\Microsoft.NETCore.App.Ref\10.0.5\ref\net10.0\System.Runtime.Serialization.Formatters.dll
           C:\Program Files\dotnet\packs\Microsoft.NETCore.App.Ref\10.0.5\ref\net10.0\System.Runtime.Serialization.Json.dll
           C:\Program Files\dotnet\packs\Microsoft.NETCore.App.Ref\10.0.5\ref\net10.0\System.Runtime.Serialization.Primitives.dll
           C:\Program Files\dotnet\packs\Microsoft.NETCore.App.Ref\10.0.5\ref\net10.0\System.Runtime.Serialization.Xml.dll
           C:\Program Files\dotnet\packs\Microsoft.NETCore.App.Ref\10.0.5\ref\net10.0\System.Security.AccessControl.dll
           C:\Program Files\dotnet\packs\Microsoft.NETCore.App.Ref\10.0.5\ref\net10.0\System.Security.Claims.dll
           C:\Program Files\dotnet\packs\Microsoft.NETCore.App.Ref\10.0.5\ref\net10.0\System.Security.Cryptography.Algorithms.dll
           C:\Program Files\dotnet\packs\Microsoft.NETCore.App.Ref\10.0.5\ref\net10.0\System.Security.Cryptography.Cng.dll
           C:\Program Files\dotnet\packs\Microsoft.NETCore.App.Ref\10.0.5\ref\net10.0\System.Security.Cryptography.Csp.dll
           C:\Program Files\dotnet\packs\Microsoft.NETCore.App.Ref\10.0.5\ref\net10.0\System.Security.Cryptography.dll
           C:\Program Files\dotnet\packs\Microsoft.NETCore.App.Ref\10.0.5\ref\net10.0\System.Security.Cryptography.Encoding.dll
           C:\Program Files\dotnet\packs\Microsoft.NETCore.App.Ref\10.0.5\ref\net10.0\System.Security.Cryptography.OpenSsl.dll
           C:\Program Files\dotnet\packs\Microsoft.WindowsDesktop.App.Ref\10.0.5\ref\net10.0\System.Security.Cryptography.Pkcs.dll
           C:\Program Files\dotnet\packs\Microsoft.NETCore.App.Ref\10.0.5\ref\net10.0\System.Security.Cryptography.Primitives.dll
           C:\Program Files\dotnet\packs\Microsoft.WindowsDesktop.App.Ref\10.0.5\ref\net10.0\System.Security.Cryptography.ProtectedData.dll
           C:\Program Files\dotnet\packs\Microsoft.NETCore.App.Ref\10.0.5\ref\net10.0\System.Security.Cryptography.X509Certificates.dll
           C:\Program Files\dotnet\packs\Microsoft.WindowsDesktop.App.Ref\10.0.5\ref\net10.0\System.Security.Cryptography.Xml.dll
           C:\Program Files\dotnet\packs\Microsoft.NETCore.App.Ref\10.0.5\ref\net10.0\System.Security.dll
           C:\Program Files\dotnet\packs\Microsoft.WindowsDesktop.App.Ref\10.0.5\ref\net10.0\System.Security.Permissions.dll
           C:\Program Files\dotnet\packs\Microsoft.NETCore.App.Ref\10.0.5\ref\net10.0\System.Security.Principal.dll
           C:\Program Files\dotnet\packs\Microsoft.NETCore.App.Ref\10.0.5\ref\net10.0\System.Security.Principal.Windows.dll
           C:\Program Files\dotnet\packs\Microsoft.NETCore.App.Ref\10.0.5\ref\net10.0\System.Security.SecureString.dll
           C:\Program Files\dotnet\packs\Microsoft.NETCore.App.Ref\10.0.5\ref\net10.0\System.ServiceModel.Web.dll
           C:\Program Files\dotnet\packs\Microsoft.NETCore.App.Ref\10.0.5\ref\net10.0\System.ServiceProcess.dll
           C:\Program Files\dotnet\packs\Microsoft.NETCore.App.Ref\10.0.5\ref\net10.0\System.Text.Encoding.CodePages.dll
           C:\Program Files\dotnet\packs\Microsoft.NETCore.App.Ref\10.0.5\ref\net10.0\System.Text.Encoding.dll
           C:\Program Files\dotnet\packs\Microsoft.NETCore.App.Ref\10.0.5\ref\net10.0\System.Text.Encoding.Extensions.dll
           C:\Program Files\dotnet\packs\Microsoft.NETCore.App.Ref\10.0.5\ref\net10.0\System.Text.Encodings.Web.dll
           C:\Program Files\dotnet\packs\Microsoft.NETCore.App.Ref\10.0.5\ref\net10.0\System.Text.Json.dll
           C:\Program Files\dotnet\packs\Microsoft.NETCore.App.Ref\10.0.5\ref\net10.0\System.Text.RegularExpressions.dll
           C:\Program Files\dotnet\packs\Microsoft.NETCore.App.Ref\10.0.5\ref\net10.0\System.Threading.AccessControl.dll
           C:\Program Files\dotnet\packs\Microsoft.NETCore.App.Ref\10.0.5\ref\net10.0\System.Threading.Channels.dll
           C:\Program Files\dotnet\packs\Microsoft.NETCore.App.Ref\10.0.5\ref\net10.0\System.Threading.dll
           C:\Program Files\dotnet\packs\Microsoft.NETCore.App.Ref\10.0.5\ref\net10.0\System.Threading.Overlapped.dll
           C:\Program Files\dotnet\packs\Microsoft.NETCore.App.Ref\10.0.5\ref\net10.0\System.Threading.Tasks.Dataflow.dll
           C:\Program Files\dotnet\packs\Microsoft.NETCore.App.Ref\10.0.5\ref\net10.0\System.Threading.Tasks.dll
           C:\Program Files\dotnet\packs\Microsoft.NETCore.App.Ref\10.0.5\ref\net10.0\System.Threading.Tasks.Extensions.dll
           C:\Program Files\dotnet\packs\Microsoft.NETCore.App.Ref\10.0.5\ref\net10.0\System.Threading.Tasks.Parallel.dll
           C:\Program Files\dotnet\packs\Microsoft.NETCore.App.Ref\10.0.5\ref\net10.0\System.Threading.Thread.dll
           C:\Program Files\dotnet\packs\Microsoft.NETCore.App.Ref\10.0.5\ref\net10.0\System.Threading.ThreadPool.dll
           C:\Program Files\dotnet\packs\Microsoft.NETCore.App.Ref\10.0.5\ref\net10.0\System.Threading.Timer.dll
           C:\Program Files\dotnet\packs\Microsoft.NETCore.App.Ref\10.0.5\ref\net10.0\System.Transactions.dll
           C:\Program Files\dotnet\packs\Microsoft.NETCore.App.Ref\10.0.5\ref\net10.0\System.Transactions.Local.dll
           C:\Program Files\dotnet\packs\Microsoft.NETCore.App.Ref\10.0.5\ref\net10.0\System.ValueTuple.dll
           C:\Program Files\dotnet\packs\Microsoft.NETCore.App.Ref\10.0.5\ref\net10.0\System.Web.dll
           C:\Program Files\dotnet\packs\Microsoft.NETCore.App.Ref\10.0.5\ref\net10.0\System.Web.HttpUtility.dll
           C:\Program Files\dotnet\packs\Microsoft.NETCore.App.Ref\10.0.5\ref\net10.0\System.Windows.dll
           C:\Program Files\dotnet\packs\Microsoft.WindowsDesktop.App.Ref\10.0.5\ref\net10.0\System.Windows.Extensions.dll
           C:\Program Files\dotnet\packs\Microsoft.WindowsDesktop.App.Ref\10.0.5\ref\net10.0\System.Windows.Forms.Design.dll
           C:\Program Files\dotnet\packs\Microsoft.WindowsDesktop.App.Ref\10.0.5\ref\net10.0\System.Windows.Forms.Design.Editors.dll
           C:\Program Files\dotnet\packs\Microsoft.WindowsDesktop.App.Ref\10.0.5\ref\net10.0\System.Windows.Forms.dll
           C:\Program Files\dotnet\packs\Microsoft.WindowsDesktop.App.Ref\10.0.5\ref\net10.0\System.Windows.Forms.Primitives.dll
           C:\Program Files\dotnet\packs\Microsoft.NETCore.App.Ref\10.0.5\ref\net10.0\System.Xml.dll
           C:\Program Files\dotnet\packs\Microsoft.NETCore.App.Ref\10.0.5\ref\net10.0\System.Xml.Linq.dll
           C:\Program Files\dotnet\packs\Microsoft.NETCore.App.Ref\10.0.5\ref\net10.0\System.Xml.ReaderWriter.dll
           C:\Program Files\dotnet\packs\Microsoft.NETCore.App.Ref\10.0.5\ref\net10.0\System.Xml.Serialization.dll
           C:\Program Files\dotnet\packs\Microsoft.NETCore.App.Ref\10.0.5\ref\net10.0\System.Xml.XDocument.dll
           C:\Program Files\dotnet\packs\Microsoft.NETCore.App.Ref\10.0.5\ref\net10.0\System.Xml.XmlDocument.dll
           C:\Program Files\dotnet\packs\Microsoft.NETCore.App.Ref\10.0.5\ref\net10.0\System.Xml.XmlSerializer.dll
           C:\Program Files\dotnet\packs\Microsoft.NETCore.App.Ref\10.0.5\ref\net10.0\System.Xml.XPath.dll
           C:\Program Files\dotnet\packs\Microsoft.NETCore.App.Ref\10.0.5\ref\net10.0\System.Xml.XPath.XDocument.dll
           C:\Program Files\dotnet\packs\Microsoft.NETCore.App.Ref\10.0.5\ref\net10.0\WindowsBase.dll
           obj\Release\net10.0-windows\OMIManager.csproj.CoreCompileInputs.cache
           C:\Program Files\dotnet\sdk\10.0.201\Sdks\Microsoft.NET.Sdk\targets\..\analyzers\Microsoft.CodeAnalysis.CSharp.NetAnalyzers.dll
           C:\Program Files\dotnet\sdk\10.0.201\Sdks\Microsoft.NET.Sdk\targets\..\analyzers\Microsoft.CodeAnalysis.NetAnalyzers.dll
           C:\Program Files\dotnet\packs\Microsoft.NETCore.App.Ref\10.0.5\analyzers/dotnet/cs/Microsoft.Interop.ComInterfaceGenerator.dll
           C:\Program Files\dotnet\packs\Microsoft.NETCore.App.Ref\10.0.5\analyzers/dotnet/cs/Microsoft.Interop.JavaScript.JSImportGenerator.dll
           C:\Program Files\dotnet\packs\Microsoft.NETCore.App.Ref\10.0.5\analyzers/dotnet/cs/Microsoft.Interop.LibraryImportGenerator.dll
           C:\Program Files\dotnet\packs\Microsoft.NETCore.App.Ref\10.0.5\analyzers/dotnet/cs/Microsoft.Interop.SourceGeneration.dll
           C:\Program Files\dotnet\packs\Microsoft.NETCore.App.Ref\10.0.5\analyzers/dotnet/cs/System.Text.Json.SourceGeneration.dll
           C:\Program Files\dotnet\packs\Microsoft.NETCore.App.Ref\10.0.5\analyzers/dotnet/cs/System.Text.RegularExpressions.Generator.dll
           C:\Program Files\dotnet\packs\Microsoft.WindowsDesktop.App.Ref\10.0.5\analyzers/dotnet/System.Windows.Forms.Analyzers.dll
           C:\Program Files\dotnet\packs\Microsoft.WindowsDesktop.App.Ref\10.0.5\analyzers/dotnet/cs/System.Windows.Forms.Analyzers.CSharp.dll
           C:\Program Files\dotnet\packs\Microsoft.WindowsDesktop.App.Ref\10.0.5\analyzers/dotnet/cs/System.Windows.Forms.Analyzers.CodeFixes.CSharp.dll
           obj\Release\net10.0-windows\OMIManager.GeneratedMSBuildEditorConfig.editorconfig
           C:\Program Files\dotnet\sdk\10.0.201\Sdks\Microsoft.NET.Sdk\analyzers\build\config\analysislevel_10_default.globalconfig
           f:\kaifa\OMI\tools\OMIManager\OMIManager.csproj
           C:\Program Files\dotnet\sdk\10.0.201\Current\Microsoft.Common.targets\ImportAfter\Microsoft.TestPlatform.ImportAfter.targets
       输出文件:
           obj\Release\net10.0-windows\OMIManager.dll
           obj\Release\net10.0-windows\refint\OMIManager.dll
           obj\Release\net10.0-windows\OMIManager.pdb
       C:\Program Files\dotnet\sdk\10.0.201\Roslyn\Microsoft.CSharp.Core.targets(66,7): message : 在 C:\Program Files\dotnet\sdk\10.0.201\Roslyn\Microsoft.CSharp.Core.targets (66,7) 处重新分配属性: $(NoWarn)=“1701;1702;1701;1702”(先前值:“1701;1702”) [f:\kaifa\OMI\tools\OMIManager\OMIManager.csproj]
       C:\Program Files\dotnet\sdk\10.0.201\Roslyn\Microsoft.CSharp.Core.targets(76,7): message : 在 C:\Program Files\dotnet\sdk\10.0.201\Roslyn\Microsoft.CSharp.Core.targets (76,7) 处重新分配属性: $(NoWarn)=“1701;1702;1701;1702;8002”(先前值:“1701;1702”) [f:\kaifa\OMI\tools\OMIManager\OMIManager.csproj]
   1:7>已完成在项目“OMIManager.csproj”中生成目标“CoreCompile”的操作。
   1:7>来自项目“f:\kaifa\OMI\tools\OMIManager\OMIManager.csproj”的文件“C:\Program Files\dotnet\sdk\10.0.201\Microsoft.Common.CurrentVersion.targets”中的目标“AfterCompile”(目标“Compile”依赖于它):
   1:7>已完成在项目“OMIManager.csproj”中生成目标“AfterCompile”的操作。
       已跳过目标“_GetAppHostPaths”。以前的生成已成功。
       已跳过目标“_GetAppHostCreationConfiguration”。以前的生成已成功。
       已跳过目标“CoreCompile”。以前的生成已成功。
   1:7>来自项目“f:\kaifa\OMI\tools\OMIManager\OMIManager.csproj”的文件“C:\Program Files\dotnet\sdk\10.0.201\Sdks\Microsoft.NET.Sdk\targets\Microsoft.NET.Sdk.targets”中的目标“_CreateAppHost”(目标“Compile”依赖于它):
       正在完全生成目标“_CreateAppHost”。
       输出文件“f:\kaifa\OMI\tools\OMIManager\obj\Release\net10.0-windows\apphost.exe”不存在。
       正在使用程序集“C:\Program Files\dotnet\sdk\10.0.201\Sdks\Microsoft.NET.Sdk\targets\..\tools\net10.0\Microsoft.NET.Build.Tasks.dll”中的“CreateAppHost”任务。
       任务“CreateAppHost”
       已完成执行任务“CreateAppHost”的操作。
   1:7>已完成在项目“OMIManager.csproj”中生成目标“_CreateAppHost”的操作。
   1:7>来自项目“f:\kaifa\OMI\tools\OMIManager\OMIManager.csproj”的文件“C:\Program Files\dotnet\sdk\10.0.201\Sdks\Microsoft.NET.Sdk.WindowsDesktop\targets\Microsoft.WinFX.targets”中的目标“AfterCompileWinFX”(目标“_AfterCompileWinFXInternal”依赖于它):
   1:7>已完成在项目“OMIManager.csproj”中生成目标“AfterCompileWinFX”的操作。
   1:7>来自项目“f:\kaifa\OMI\tools\OMIManager\OMIManager.csproj”的文件“C:\Program Files\dotnet\sdk\10.0.201\Sdks\Microsoft.NET.Sdk.WindowsDesktop\targets\Microsoft.WinFX.targets”中的目标“_AfterCompileWinFXInternal”(目标“Compile”依赖于它):
   1:7>已完成在项目“OMIManager.csproj”中生成目标“_AfterCompileWinFXInternal”的操作。
   1:7>来自项目“f:\kaifa\OMI\tools\OMIManager\OMIManager.csproj”的文件“C:\Program Files\dotnet\sdk\10.0.201\Microsoft.Common.CurrentVersion.targets”中的目标“Compile”(目标“CoreBuild”依赖于它):
   1:7>已完成在项目“OMIManager.csproj”中生成目标“Compile”的操作。
   1:7>来自项目“f:\kaifa\OMI\tools\OMIManager\OMIManager.csproj”的文件“C:\Program Files\dotnet\sdk\10.0.201\Microsoft.Common.CurrentVersion.targets”中的目标“_GenerateSatelliteAssemblyInputs”(目标“CreateSatelliteAssemblies”依赖于它):
   1:7>已完成在项目“OMIManager.csproj”中生成目标“_GenerateSatelliteAssemblyInputs”的操作。
   1:7>来自项目“f:\kaifa\OMI\tools\OMIManager\OMIManager.csproj”的文件“C:\Program Files\dotnet\sdk\10.0.201\Microsoft.Common.CurrentVersion.targets”中的目标“CreateSatelliteAssemblies”(目标“CoreBuild”依赖于它):
   1:7>已完成在项目“OMIManager.csproj”中生成目标“CreateSatelliteAssemblies”的操作。
   1:7>来自项目“f:\kaifa\OMI\tools\OMIManager\OMIManager.csproj”的文件“C:\Program Files\dotnet\sdk\10.0.201\Microsoft.Common.CurrentVersion.targets”中的目标“GetTargetPathWithTargetPlatformMoniker”(目标“GetTargetPath”依赖于它):
   1:7>已完成在项目“OMIManager.csproj”中生成目标“GetTargetPathWithTargetPlatformMoniker”的操作。
   1:7>来自项目“f:\kaifa\OMI\tools\OMIManager\OMIManager.csproj”的文件“C:\Program Files\dotnet\sdk\10.0.201\Microsoft.Common.CurrentVersion.targets”中的目标“GetTargetPath”(目标“CoreBuild”依赖于它):
   1:7>已完成在项目“OMIManager.csproj”中生成目标“GetTargetPath”的操作。
       已跳过目标“AssignTargetPaths”。以前的生成已成功。
       已跳过目标“_SplitProjectReferencesByFileExistence”。以前的生成已成功。
       已跳过目标“_GetProjectReferenceTargetFrameworkProperties”。以前的生成已成功。
   1:7>来自项目“f:\kaifa\OMI\tools\OMIManager\OMIManager.csproj”的文件“C:\Program Files\dotnet\sdk\10.0.201\Microsoft.Common.CurrentVersion.targets”中的目标“_PopulateCommonStateForGetCopyToOutputDirectoryItems”(目标“GetCopyToOutputDirectoryItems”依赖于它):
   1:7>已完成在项目“OMIManager.csproj”中生成目标“_PopulateCommonStateForGetCopyToOutputDirectoryItems”的操作。
   1:7>来自项目“f:\kaifa\OMI\tools\OMIManager\OMIManager.csproj”的文件“C:\Program Files\dotnet\sdk\10.0.201\Sdks\Microsoft.NET.Sdk\targets\Microsoft.NET.Sdk.targets”中的目标“AddDepsJsonAndRuntimeConfigToCopyItemsForReferencingProjects”(目标“GetCopyToOutputDirectoryItems”依赖于它):
   1:7>已完成在项目“OMIManager.csproj”中生成目标“AddDepsJsonAndRuntimeConfigToCopyItemsForReferencingProjects”的操作。
   1:7>来自项目“f:\kaifa\OMI\tools\OMIManager\OMIManager.csproj”的文件“C:\Program Files\dotnet\sdk\10.0.201\Microsoft.Common.CurrentVersion.targets”中的目标“GetCopyToOutputDirectoryItems”(目标“_CopySourceItemsToOutputDirectory”依赖于它):
       正在使用程序集“Microsoft.Build.Tasks.Core, Version=15.1.0.0, Culture=neutral, PublicKeyToken=b03f5f7f11d50a3a”中的“CallTarget”任务。
       任务“CallTarget”
       已跳过目标“_PopulateCommonStateForGetCopyToOutputDirectoryItems”。以前的生成已成功。
       已跳过目标“_AddOutputPathToGlobalPropertiesToRemove”。以前的生成已成功。
   1:7>来自项目“f:\kaifa\OMI\tools\OMIManager\OMIManager.csproj”的文件“C:\Program Files\dotnet\sdk\10.0.201\Microsoft.Common.CurrentVersion.targets”中的目标“_GetCopyToOutputDirectoryItemsFromTransitiveProjectReferences”(目标“GetCopyToOutputDirectoryItems”依赖于它):
       任务“AssignTargetPath”
       已完成执行任务“AssignTargetPath”的操作。
   1:7>已完成在项目“OMIManager.csproj”中生成目标“_GetCopyToOutputDirectoryItemsFromTransitiveProjectReferences”的操作。
       已完成执行任务“CallTarget”的操作。
       任务“CallTarget”
       已跳过目标“AssignTargetPaths”。以前的生成已成功。
       已跳过目标“_PopulateCommonStateForGetCopyToOutputDirectoryItems”。以前的生成已成功。
   1:7>来自项目“f:\kaifa\OMI\tools\OMIManager\OMIManager.csproj”的文件“C:\Program Files\dotnet\sdk\10.0.201\Microsoft.Common.CurrentVersion.targets”中的目标“_GetCopyToOutputDirectoryItemsFromThisProject”(目标“GetCopyToOutputDirectoryItems”依赖于它):
       任务“AssignTargetPath”
       已完成执行任务“AssignTargetPath”的操作。
   1:7>已完成在项目“OMIManager.csproj”中生成目标“_GetCopyToOutputDirectoryItemsFromThisProject”的操作。
       已完成执行任务“CallTarget”的操作。
   1:7>已完成在项目“OMIManager.csproj”中生成目标“GetCopyToOutputDirectoryItems”的操作。
   1:7>来自项目“f:\kaifa\OMI\tools\OMIManager\OMIManager.csproj”的文件“C:\Program Files\dotnet\sdk\10.0.201\Microsoft.Common.CurrentVersion.targets”中的目标“_CopyOutOfDateSourceItemsToOutputDirectory”(目标“_CopySourceItemsToOutputDirectory”依赖于它):
       正在完全生成目标“_CopyOutOfDateSourceItemsToOutputDirectory”。
       输出文件“bin\Release\net10.0-windows\OMIManager.exe”不存在。
       正在使用程序集“Microsoft.Build.Tasks.Core, Version=15.1.0.0, Culture=neutral, PublicKeyToken=b03f5f7f11d50a3a”中的“Copy”任务。
       任务“Copy”
         正在将文件从“f:\kaifa\OMI\tools\OMIManager\obj\Release\net10.0-windows\apphost.exe”复制到“f:\kaifa\OMI\tools\OMIManager\bin\Release\net10.0-windows\OMIManager.exe”。
       已完成执行任务“Copy”的操作。
   1:7>已完成在项目“OMIManager.csproj”中生成目标“_CopyOutOfDateSourceItemsToOutputDirectory”的操作。
   1:7>来自项目“f:\kaifa\OMI\tools\OMIManager\OMIManager.csproj”的文件“C:\Program Files\dotnet\sdk\10.0.201\Microsoft.Common.CurrentVersion.targets”中的目标“_CopySourceItemsToOutputDirectory”(目标“CopyFilesToOutputDirectory”依赖于它):
   1:7>已完成在项目“OMIManager.csproj”中生成目标“_CopySourceItemsToOutputDirectory”的操作。
   1:7>来自项目“f:\kaifa\OMI\tools\OMIManager\OMIManager.csproj”的文件“C:\Program Files\dotnet\sdk\10.0.201\Microsoft.Common.CurrentVersion.targets”中的目标“_CheckForCompileOutputs”(目标“CopyFilesToOutputDirectory”依赖于它):
   1:7>已完成在项目“OMIManager.csproj”中生成目标“_CheckForCompileOutputs”的操作。
       已跳过目标“_DefaultMicrosoftNETPlatformLibrary”。以前的生成已成功。
       已跳过目标“_HandlePackageFileConflicts”。以前的生成已成功。
       已跳过目标“ResolveAssemblyReferences”。以前的生成已成功。
   1:7>来自项目“f:\kaifa\OMI\tools\OMIManager\OMIManager.csproj”的文件“C:\Program Files\dotnet\sdk\10.0.201\Sdks\Microsoft.NET.Sdk\targets\Microsoft.NET.Sdk.targets”中的目标“_ComputeReferenceAssemblies”(目标“GenerateBuildDependencyFile”依赖于它):
   1:7>已完成在项目“OMIManager.csproj”中生成目标“_ComputeReferenceAssemblies”的操作。
   1:7>来自项目“f:\kaifa\OMI\tools\OMIManager\OMIManager.csproj”的文件“C:\Program Files\dotnet\sdk\10.0.201\Sdks\Microsoft.NET.Sdk\targets\Microsoft.NET.Sdk.targets”中的目标“_ComputeUserRuntimeAssemblies”(目标“GenerateBuildDependencyFile”依赖于它):
   1:7>已完成在项目“OMIManager.csproj”中生成目标“_ComputeUserRuntimeAssemblies”的操作。
       已跳过目标“_ComputePackageReferencePublish”。以前的生成已成功。
   1:7>来自项目“f:\kaifa\OMI\tools\OMIManager\OMIManager.csproj”的文件“C:\Program Files\dotnet\sdk\10.0.201\Sdks\Microsoft.NET.Sdk\targets\Microsoft.NET.Sdk.targets”中的目标“GenerateBuildDependencyFile”(目标“CopyFilesToOutputDirectory”依赖于它):
       正在完全生成目标“GenerateBuildDependencyFile”。
       输出文件“f:\kaifa\OMI\tools\OMIManager\bin\Release\net10.0-windows\OMIManager.deps.json”不存在。
       正在使用程序集“C:\Program Files\dotnet\sdk\10.0.201\Sdks\Microsoft.NET.Sdk\targets\..\tools\net10.0\Microsoft.NET.Build.Tasks.dll”中的“GenerateDepsFile”任务。
       任务“GenerateDepsFile”
       已完成执行任务“GenerateDepsFile”的操作。
   1:7>已完成在项目“OMIManager.csproj”中生成目标“GenerateBuildDependencyFile”的操作。
       已跳过目标“_DefaultMicrosoftNETPlatformLibrary”。以前的生成已成功。
   1:7>来自项目“f:\kaifa\OMI\tools\OMIManager\OMIManager.csproj”的文件“C:\Program Files\dotnet\sdk\10.0.201\Sdks\Microsoft.NET.Sdk\targets\Microsoft.NET.Sdk.targets”中的目标“_GenerateRuntimeConfigurationFilesInputCache”(目标“GenerateBuildRuntimeConfigurationFiles”依赖于它):
       任务“Hash”
       已完成执行任务“Hash”的操作。
       任务“WriteLinesToFile”
       已完成执行任务“WriteLinesToFile”的操作。
   1:7>已完成在项目“OMIManager.csproj”中生成目标“_GenerateRuntimeConfigurationFilesInputCache”的操作。
   1:7>来自项目“f:\kaifa\OMI\tools\OMIManager\OMIManager.csproj”的文件“C:\Program Files\dotnet\sdk\10.0.201\Sdks\Microsoft.NET.Sdk\targets\Microsoft.NET.Sdk.targets”中的目标“GenerateBuildRuntimeConfigurationFiles”(目标“CopyFilesToOutputDirectory”依赖于它):
       正在完全生成目标“GenerateBuildRuntimeConfigurationFiles”。
       输出文件“f:\kaifa\OMI\tools\OMIManager\bin\Release\net10.0-windows\OMIManager.runtimeconfig.json”不存在。
       正在使用程序集“C:\Program Files\dotnet\sdk\10.0.201\Sdks\Microsoft.NET.Sdk\targets\..\tools\net10.0\Microsoft.NET.Build.Tasks.dll”中的“GenerateRuntimeConfigurationFiles”任务。
       任务“GenerateRuntimeConfigurationFiles”
       已完成执行任务“GenerateRuntimeConfigurationFiles”的操作。
   1:7>已完成在项目“OMIManager.csproj”中生成目标“GenerateBuildRuntimeConfigurationFiles”的操作。
   1:7>来自项目“f:\kaifa\OMI\tools\OMIManager\OMIManager.csproj”的文件“C:\Program Files\dotnet\sdk\10.0.201\Microsoft.Common.CurrentVersion.targets”中的目标“CopyFilesToOutputDirectory”(目标“PrepareForRun”依赖于它):
       任务“Copy”
         正在将文件从“f:\kaifa\OMI\tools\OMIManager\obj\Release\net10.0-windows\OMIManager.dll”复制到“f:\kaifa\OMI\tools\OMIManager\bin\Release\net10.0-windows\OMIManager.dll”。
       已完成执行任务“Copy”的操作。
       正在使用程序集“C:\Program Files\dotnet\sdk\10.0.201\Sdks\Microsoft.NET.Sdk\targets\..\..\..\Roslyn\Microsoft.Build.Tasks.CodeAnalysis.dll”中的“CopyRefAssembly”任务。
       任务“CopyRefAssembly”
         在 TaskRun (Microsoft.CodeAnalysis.BuildTasks.CopyRefAssembly) 期间加载的程序集: Microsoft.Build.Tasks.CodeAnalysis.resources, Version=5.3.14.15422, Culture=zh-Hans, PublicKeyToken=31bf3856ad364e35 (位置: C:\Program Files\dotnet\sdk\10.0.201\Roslyn\zh-Hans\Microsoft.Build.Tasks.CodeAnalysis.resources.dll，MVID: 8d05770f-65a4-4a3e-b959-09141c612b27，AssemblyLoadContext: MSBuild plugin C:\Program Files\dotnet\sdk\10.0.201\Roslyn\Microsoft.Build.Tasks.CodeAnalysis.dll)
         正在将引用程序集从"obj\Release\net10.0-windows\refint\OMIManager.dll"复制到"f:\kaifa\OMI\tools\OMIManager\obj\Release\net10.0-windows\ref\OMIManager.dll"。
       已完成执行任务“CopyRefAssembly”的操作。
       任务“Message”
         OMIManager -> f:\kaifa\OMI\tools\OMIManager\bin\Release\net10.0-windows\OMIManager.dll
       已完成执行任务“Message”的操作。
       任务“Copy”
         正在将文件从“f:\kaifa\OMI\tools\OMIManager\obj\Release\net10.0-windows\OMIManager.pdb”复制到“f:\kaifa\OMI\tools\OMIManager\bin\Release\net10.0-windows\OMIManager.pdb”。
       已完成执行任务“Copy”的操作。
   1:7>已完成在项目“OMIManager.csproj”中生成目标“CopyFilesToOutputDirectory”的操作。
   1:7>来自项目“f:\kaifa\OMI\tools\OMIManager\OMIManager.csproj”的文件“C:\Program Files\dotnet\sdk\10.0.201\Microsoft.Common.CurrentVersion.targets”中的目标“PrepareForRun”(目标“CoreBuild”依赖于它):
   1:7>已完成在项目“OMIManager.csproj”中生成目标“PrepareForRun”的操作。
       已跳过目标“_CheckForCompileOutputs”。以前的生成已成功。
   1:7>来自项目“f:\kaifa\OMI\tools\OMIManager\OMIManager.csproj”的文件“C:\Program Files\dotnet\sdk\10.0.201\Microsoft.Common.CurrentVersion.targets”中的目标“_CleanGetCurrentAndPriorFileWrites”(目标“IncrementalClean”依赖于它):
       正在使用程序集“Microsoft.Build.Tasks.Core, Version=15.1.0.0, Culture=neutral, PublicKeyToken=b03f5f7f11d50a3a”中的“ReadLinesFromFile”任务。
       任务“ReadLinesFromFile”
       已完成执行任务“ReadLinesFromFile”的操作。
       任务“ConvertToAbsolutePath”
       已完成执行任务“ConvertToAbsolutePath”的操作。
       正在使用程序集“Microsoft.Build.Tasks.Core, Version=15.1.0.0, Culture=neutral, PublicKeyToken=b03f5f7f11d50a3a”中的“FindUnderPath”任务。
       任务“FindUnderPath”
         比较路径为“f:\kaifa\OMI\tools\OMIManager”。
       已完成执行任务“FindUnderPath”的操作。
       任务“FindUnderPath”
         比较路径为“bin\Release\net10.0-windows\”。
       已完成执行任务“FindUnderPath”的操作。
       任务“FindUnderPath”
         比较路径为“obj\Release\net10.0-windows\”。
       已完成执行任务“FindUnderPath”的操作。
       任务“RemoveDuplicates”
       已完成执行任务“RemoveDuplicates”的操作。
   1:7>已完成在项目“OMIManager.csproj”中生成目标“_CleanGetCurrentAndPriorFileWrites”的操作。
   1:7>来自项目“f:\kaifa\OMI\tools\OMIManager\OMIManager.csproj”的文件“C:\Program Files\dotnet\sdk\10.0.201\Microsoft.Common.CurrentVersion.targets”中的目标“IncrementalClean”(目标“CoreBuild”依赖于它):
       任务“FindUnderPath”
         比较路径为“bin\Release\net10.0-windows\”。
       已完成执行任务“FindUnderPath”的操作。
       任务“FindUnderPath”
         比较路径为“obj\Release\net10.0-windows\”。
       已完成执行任务“FindUnderPath”的操作。
       正在使用程序集“Microsoft.Build.Tasks.Core, Version=15.1.0.0, Culture=neutral, PublicKeyToken=b03f5f7f11d50a3a”中的“Delete”任务。
       任务“Delete”
       已完成执行任务“Delete”的操作。
       任务“RemoveDuplicates”
       已完成执行任务“RemoveDuplicates”的操作。
       任务“WriteLinesToFile”
       已完成执行任务“WriteLinesToFile”的操作。
   1:7>已完成在项目“OMIManager.csproj”中生成目标“IncrementalClean”的操作。
       已跳过目标“GenerateBuildDependencyFile”。以前的生成已成功。
       已跳过目标“GenerateBuildRuntimeConfigurationFiles”。以前的生成已成功。
   1:7>来自项目“f:\kaifa\OMI\tools\OMIManager\OMIManager.csproj”的文件“C:\Program Files\dotnet\sdk\10.0.201\Microsoft.Common.CurrentVersion.targets”中的目标“CoreBuild”(目标“Build”依赖于它):
   1:7>已完成在项目“OMIManager.csproj”中生成目标“CoreBuild”的操作。
   1:7>来自项目“f:\kaifa\OMI\tools\OMIManager\OMIManager.csproj”的文件“C:\Program Files\dotnet\sdk\10.0.201\Microsoft.Common.CurrentVersion.targets”中的目标“AfterBuild”(目标“Build”依赖于它):
   1:7>已完成在项目“OMIManager.csproj”中生成目标“AfterBuild”的操作。
       已跳过目标“_CheckForInvalidConfigurationAndPlatform”。以前的生成已成功。
       已跳过目标“_CheckForInvalidConfigurationAndPlatform”。以前的生成已成功。
   1:7>来自项目“f:\kaifa\OMI\tools\OMIManager\OMIManager.csproj”的文件“C:\Program Files\dotnet\sdk\10.0.201\Microsoft.Common.CurrentVersion.targets”中的目标“Build”(入口点):
   1:7>已完成在项目“OMIManager.csproj”中生成目标“Build”的操作。
   1:7>来自项目“f:\kaifa\OMI\tools\OMIManager\OMIManager.csproj”的文件“C:\Program Files\dotnet\sdk\10.0.201\Containers\build\Microsoft.NET.Build.Containers.targets”中的目标“_CheckContainersPackage”(入口点):
   1:7>已完成在项目“OMIManager.csproj”中生成目标“_CheckContainersPackage”的操作。
   1:7>已完成生成项目“f:\kaifa\OMI\tools\OMIManager\OMIManager.csproj”(默认目标)的操作。

已成功生成。
    0 个警告
    0 个错误

已用时间 00:00:02.21
